date,hour,day_type,month,load_weight
01/01/2025,1,WT,1,9.26189219037832e-05
01/01/2025,2,WT,1,7.961642453886434e-05
01/01/2025,3,WT,1,7.537753800231213e-05
01/01/2025,4,WT,1,7.471349570624445e-05
01/01/2025,5,WT,1,7.798627559400651e-05
01/01/2025,6,WT,1,8.875699170823183e-05
01/01/2025,7,WT,1,0.00011479568783279475
01/01/2025,8,WT,1,0.00012480874666560452
01/01/2025,9,WT,1,0.00011733827083484332
01/01/2025,10,WT,1,0.00011331157826507963
01/01/2025,11,WT,1,0.0001143750444986316
01/01/2025,12,WT,1,0.00012544158396655624
01/01/2025,13,WT,1,0.00013102478169270404
01/01/2025,14,WT,1,0.00012988642347087377
01/01/2025,15,WT,1,0.00012683831954794664
01/01/2025,16,WT,1,0.00013103976009035972
01/01/2025,17,WT,1,0.00014969410617068153
01/01/2025,18,WT,1,0.00018701652852917623
01/01/2025,19,WT,1,0.00020787519546448962
01/01/2025,20,WT,1,0.00020581441758703146
01/01/2025,21,WT,1,0.00018780539080570774
01/01/2025,22,WT,1,0.00016766943155728005
01/01/2025,23,WT,1,0.00014826866199378443
01/01/2025,24,WT,1,0.00011903082976993307
02/01/2025,1,WT,1,9.275998218087705e-05
02/01/2025,2,WT,1,7.973768177956448e-05
02/01/2025,3,WT,1,7.549233934288814e-05
02/01/2025,4,WT,1,7.48272856985089e-05
02/01/2025,5,WT,1,7.810505008866363e-05
02/01/2025,6,WT,1,8.88921701964611e-05
02/01/2025,7,WT,1,0.00011497052372163934
02/01/2025,8,WT,1,0.00012499883262241014
02/01/2025,9,WT,1,0.00011751697912314396
02/01/2025,10,WT,1,0.00011348415382846849
02/01/2025,11,WT,1,0.00011454923974014351
02/01/2025,12,WT,1,0.0001256326337459069
02/01/2025,13,WT,1,0.00013122433478220054
02/01/2025,14,WT,1,0.00013008424282040762
02/01/2025,15,WT,1,0.0001270314965806068
02/01/2025,16,WT,1,0.00013123933599222418
02/01/2025,17,WT,1,0.00014992209297577184
02/01/2025,18,WT,1,0.00018730135805205566
02/01/2025,19,WT,1,0.0002081917931107419
02/01/2025,20,WT,1,0.00020612787663166273
02/01/2025,21,WT,1,0.00018809142177996475
02/01/2025,22,WT,1,0.0001679247951049168
02/01/2025,23,WT,1,0.00014849447782186006
02/01/2025,24,WT,1,0.0001192121158558098
03/01/2025,1,WT,1,9.289085763627752e-05
03/01/2025,2,WT,1,7.985018401565942e-05
03/01/2025,3,WT,1,7.559885180719068e-05
03/01/2025,4,WT,1,7.493285983578157e-05
03/01/2025,5,WT,1,7.821524883772652e-05
03/01/2025,6,WT,1,8.901758853939816e-05
03/01/2025,7,WT,1,0.00011513273612504793
03/01/2025,8,WT,1,0.00012517519400971703
03/01/2025,9,WT,1,0.00011768278433136441
03/01/2025,10,WT,1,0.00011364426910624068
03/01/2025,11,WT,1,0.00011471085775218164
03/01/2025,12,WT,1,0.00012580988936592837
03/01/2025,13,WT,1,0.0001314094797571182
03/01/2025,14,WT,1,0.00013026777923470258
03/01/2025,15,WT,1,0.00012721072586218177
03/01/2025,16,WT,1,0.00013142450213241314
03/01/2025,17,WT,1,0.00015013361869765625
03/01/2025,18,WT,1,0.00018756562233882942
03/01/2025,19,WT,1,0.00020848553180164494
03/01/2025,20,WT,1,0.00020641870333398243
03/01/2025,21,WT,1,0.00018835680077102976
03/01/2025,22,WT,1,0.00016816172091619532
03/01/2025,23,WT,1,0.0001487039893154209
03/01/2025,24,WT,1,0.00011938031273969292
04/01/2025,1,SA,1,0.00010229380556675259
04/01/2025,2,SA,1,8.665898702380772e-05
04/01/2025,3,SA,1,7.9213238435249e-05
04/01/2025,4,SA,1,7.614719448783911e-05
04/01/2025,5,SA,1,7.604315456648386e-05
04/01/2025,6,SA,1,7.735932224627959e-05
04/01/2025,7,SA,1,9.087448407823916e-05
04/01/2025,8,SA,1,0.0001163153785821765
04/01/2025,9,SA,1,0.00014336325114849296
04/01/2025,10,SA,1,0.00015999961062111096
04/01/2025,11,SA,1,0.00017275139519878904
04/01/2025,12,SA,1,0.0001900119941995388
04/01/2025,13,SA,1,0.0001894253594622584
04/01/2025,14,SA,1,0.0001815546767370799
04/01/2025,15,SA,1,0.00017685909185278012
04/01/2025,16,SA,1,0.0001767299820708573
04/01/2025,17,SA,1,0.00018765542730619022
04/01/2025,18,SA,1,0.00021288072100924667
04/01/2025,19,SA,1,0.00022120516821069763
04/01/2025,20,SA,1,0.0002084872279447857
04/01/2025,21,SA,1,0.00018630165483554318
04/01/2025,22,SA,1,0.00016810845702168112
04/01/2025,23,SA,1,0.00015452811355224586
04/01/2025,24,SA,1,0.00012886409728925745
05/01/2025,1,FT,1,0.00010876353442549293
05/01/2025,2,FT,1,9.372375831570111e-05
05/01/2025,3,FT,1,8.472172944090666e-05
05/01/2025,4,FT,1,8.006321401037036e-05
05/01/2025,5,FT,1,7.80087986655999e-05
05/01/2025,6,FT,1,7.860868292632089e-05
05/01/2025,7,FT,1,8.736975410643242e-05
05/01/2025,8,FT,1,0.00010690740718363861
05/01/2025,9,FT,1,0.00013574326630202036
05/01/2025,10,FT,1,0.00016243937089209805
05/01/2025,11,FT,1,0.00018552362003791835
05/01/2025,12,FT,1,0.00021153324619574838
05/01/2025,13,FT,1,0.0002073290364187288
05/01/2025,14,FT,1,0.00019190146901905668
05/01/2025,15,FT,1,0.00018145243898817158
05/01/2025,16,FT,1,0.00017839528823688217
05/01/2025,17,FT,1,0.00018761568502248302
05/01/2025,18,FT,1,0.0002163473801374341
05/01/2025,19,FT,1,0.0002263308096228641
05/01/2025,20,FT,1,0.0002137558299315996
05/01/2025,21,FT,1,0.00019086986888869545
05/01/2025,22,FT,1,0.0001680805419212631
05/01/2025,23,FT,1,0.00014831950098127797
05/01/2025,24,FT,1,0.00011946732701898543
06/01/2025,1,WT,1,9.322378578089005e-05
06/01/2025,2,WT,1,8.013637335966784e-05
06/01/2025,3,WT,1,7.586980404196883e-05
06/01/2025,4,WT,1,7.52014251029182e-05
06/01/2025,5,WT,1,7.849557844538195e-05
06/01/2025,6,WT,1,8.933663458272732e-05
06/01/2025,7,WT,1,0.00011554538091267993
06/01/2025,8,WT,1,0.00012562383175678525
06/01/2025,9,WT,1,0.00011810456869246586
06/01/2025,10,WT,1,0.00011405157911092963
06/01/2025,11,WT,1,0.00011512199049452194
06/01/2025,12,WT,1,0.00012626080191110601
06/01/2025,13,WT,1,0.00013188046167496574
06/01/2025,14,WT,1,0.0001307346692080219
06/01/2025,15,WT,1,0.00012766665911561286
06/01/2025,16,WT,1,0.00013189553789163608
06/01/2025,17,WT,1,0.00015067170940312368
06/01/2025,18,WT,1,0.00018823787229137998
06/01/2025,19,WT,1,0.0002092327603561822
06/01/2025,20,WT,1,0.00020715852421262476
06/01/2025,21,WT,1,0.00018903188636934987
06/01/2025,22,WT,1,0.00016876442575889037
06/01/2025,23,WT,1,0.0001492369561166654
06/01/2025,24,WT,1,0.00011980818117621139
07/01/2025,1,WT,1,9.331532915028789e-05
07/01/2025,2,WT,1,8.021506522534587e-05
07/01/2025,3,WT,1,7.594430624587931e-05
07/01/2025,4,WT,1,7.52752709758333e-05
07/01/2025,5,WT,1,7.857265909248859e-05
07/01/2025,6,WT,1,8.942436086923092e-05
07/01/2025,7,WT,1,0.00011565884351665492
07/01/2025,8,WT,1,0.00012574719114129588
07/01/2025,9,WT,1,0.0001182205443532784
07/01/2025,10,WT,1,0.00011416357483980398
07/01/2025,11,WT,1,0.00011523503733995287
07/01/2025,12,WT,1,0.00012638478678399012
07/01/2025,13,WT,1,0.00013200996490977157
07/01/2025,14,WT,1,0.00013086304730397847
07/01/2025,15,WT,1,0.00012779202450425605
07/01/2025,16,WT,1,0.00013202505593090042
07/01/2025,17,WT,1,0.00015081966516179794
07/01/2025,18,WT,1,0.0001884227170596276
07/01/2025,19,WT,1,0.00020943822156665516
07/01/2025,20,WT,1,0.00020736194857634327
07/01/2025,21,WT,1,0.00018921751083908074
07/01/2025,22,WT,1,0.0001689301481015205
07/01/2025,23,WT,1,0.00014938350298436838
07/01/2025,24,WT,1,0.00011992582974083926
08/01/2025,1,WT,1,9.339738779057716e-05
08/01/2025,2,WT,1,8.028560389506974e-05
08/01/2025,3,WT,1,7.601108934105773e-05
08/01/2025,4,WT,1,7.534146574190156e-05
08/01/2025,5,WT,1,7.864175348059986e-05
08/01/2025,6,WT,1,8.950299791127413e-05
08/01/2025,7,WT,1,0.00011576055035863713
08/01/2025,8,WT,1,0.00012585776936696586
08/01/2025,9,WT,1,0.00011832450387645881
08/01/2025,10,WT,1,0.00011426396678834258
08/01/2025,11,WT,1,0.00011533637149977317
08/01/2025,12,WT,1,0.00012649592569172563
08/01/2025,13,WT,1,0.00013212605042673615
08/01/2025,14,WT,1,0.00013097812425675413
08/01/2025,15,WT,1,0.00012790440089371016
08/01/2025,16,WT,1,0.00013214115471844645
08/01/2025,17,WT,1,0.00015095229135263658
08/01/2025,18,WT,1,0.0001885884102217513
08/01/2025,19,WT,1,0.00020962239511930573
08/01/2025,20,WT,1,0.000207544296318165
08/01/2025,21,WT,1,0.00018938390291849323
08/01/2025,22,WT,1,0.00016907870009596023
08/01/2025,23,WT,1,0.00014951486625820737
08/01/2025,24,WT,1,0.00012003128883972155
09/01/2025,1,WT,1,9.347009961559443e-05
09/01/2025,2,WT,1,8.034810792135914e-05
09/01/2025,3,WT,1,7.607026556812661e-05
09/01/2025,4,WT,1,7.540012065295592e-05
09/01/2025,5,WT,1,7.870297773486867e-05
09/01/2025,6,WT,1,8.957267787210166e-05
09/01/2025,7,WT,1,0.00011585067237468806
09/01/2025,8,WT,1,0.00012595575227976203
09/01/2025,9,WT,1,0.00011841662198409167
09/01/2025,10,WT,1,0.00011435292368269942
09/01/2025,11,WT,1,0.00011542616328368707
09/01/2025,12,WT,1,0.00012659440542260326
09/01/2025,13,WT,1,0.0001322289133277885
09/01/2025,14,WT,1,0.00013108009347321018
09/01/2025,15,WT,1,0.00012800397715206948
09/01/2025,16,WT,1,0.00013224402937850663
09/01/2025,17,WT,1,0.00015106981087705196
09/01/2025,18,WT,1,0.00018873523025396752
09/01/2025,19,WT,1,0.0002097855905498652
09/01/2025,20,WT,1,0.0002077058739052283
09/01/2025,21,WT,1,0.00018953134225845609
09/01/2025,22,WT,1,0.00016921033140970845
09/01/2025,23,WT,1,0.00014963126671704266
09/01/2025,24,WT,1,0.00012012473571524104
10/01/2025,1,WT,1,9.353360183761613e-05
10/01/2025,2,WT,1,8.040269525366358e-05
10/01/2025,3,WT,1,7.612194659674672e-05
10/01/2025,4,WT,1,7.545134639489757e-05
10/01/2025,5,WT,1,7.87564473897256e-05
10/01/2025,6,WT,1,8.963353224265125e-05
10/01/2025,7,WT,1,0.0001159293796313269
10/01/2025,8,WT,1,0.000126041324780263
10/01/2025,9,WT,1,0.00011849707250945989
10/01/2025,10,WT,1,0.00011443061339072791
10/01/2025,11,WT,1,0.00011550458213504274
10/01/2025,12,WT,1,0.00012668041181473203
10/01/2025,13,WT,1,0.0001323187477223849
10/01/2025,14,WT,1,0.00013116914737635774
10/01/2025,15,WT,1,0.00012809094118666664
10/01/2025,16,WT,1,0.00013233387404272735
10/01/2025,17,WT,1,0.00015117244550256903
10/01/2025,18,WT,1,0.00018886345421589967
10/01/2025,19,WT,1,0.0002099281158194738
10/01/2025,20,WT,1,0.00020784698624568996
10/01/2025,21,WT,1,0.0001896601070872694
10/01/2025,22,WT,1,0.00016932529044021908
10/01/2025,23,WT,1,0.00014973292401664472
10/01/2025,24,WT,1,0.00012020634670815814
11/01/2025,1,SA,1,0.00010292766290872523
11/01/2025,2,SA,1,8.719596416400323e-05
11/01/2025,3,SA,1,7.970407844736337e-05
11/01/2025,4,SA,1,7.661903594519145e-05
11/01/2025,5,SA,1,7.651435134679398e-05
11/01/2025,6,SA,1,7.783867457953334e-05
11/01/2025,7,SA,1,9.143758228943414e-05
11/01/2025,8,SA,1,0.0001170361197481753
11/01/2025,9,SA,1,0.0001442515928110801
11/01/2025,10,SA,1,0.00016099103847290572
11/01/2025,11,SA,1,0.0001738218387078177
11/01/2025,12,SA,1,0.00019118939196002824
11/01/2025,13,SA,1,0.00019059912217629296
11/01/2025,14,SA,1,0.00018267966924451155
11/01/2025,15,SA,1,0.00017795498845418617
11/01/2025,16,SA,1,0.00017782507865135556
11/01/2025,17,SA,1,0.0001888182227433139
11/01/2025,18,SA,1,0.0002141998234439301
11/01/2025,19,SA,1,0.00022257585257595122
11/01/2025,20,SA,1,0.00020977910636702397
11/01/2025,21,SA,1,0.00018745606170392484
11/01/2025,22,SA,1,0.0001691501308468019
11/01/2025,23,SA,1,0.0001554856376053749
11/01/2025,24,SA,1,0.00012966259582717892
12/01/2025,1,FT,1,0.00010936024978670916
12/01/2025,2,FT,1,9.423796012601657e-05
12/01/2025,3,FT,1,8.518654292506964e-05
12/01/2025,4,FT,1,8.050246922509545e-05
12/01/2025,5,FT,1,7.843678262842042e-05
12/01/2025,6,FT,1,7.903995806715633e-05
12/01/2025,7,FT,1,8.784909559396664e-05
12/01/2025,8,FT,1,0.00010749393917187568
12/01/2025,9,FT,1,0.00013648800205019125
12/01/2025,10,FT,1,0.00016333057094724168
12/01/2025,11,FT,1,0.0001865414684788488
12/01/2025,12,FT,1,0.0002126937926792705
12/01/2025,13,FT,1,0.00020846651711490797
12/01/2025,14,FT,1,0.00019295430860365178
12/01/2025,15,FT,1,0.00018244795148458247
12/01/2025,16,FT,1,0.00017937402811897446
12/01/2025,17,FT,1,0.00018864501127460764
12/01/2025,18,FT,1,0.00021753433866879125
12/01/2025,19,FT,1,0.00022757254079252366
12/01/2025,20,FT,1,0.00021492857029852
12/01/2025,21,FT,1,0.0001919170487487545
12/01/2025,22,FT,1,0.0001690026914433042
12/01/2025,23,FT,1,0.00014913323441749767
12/01/2025,24,FT,1,0.0001201227671862458
13/01/2025,1,WT,1,9.367021248507011e-05
13/01/2025,2,WT,1,8.052012753510954e-05
13/01/2025,3,WT,1,7.623312662409236e-05
13/01/2025,4,WT,1,7.556154697607667e-05
13/01/2025,5,WT,1,7.887147524129668e-05
13/01/2025,6,WT,1,8.976444663740018e-05
13/01/2025,7,WT,1,0.0001160987004668259
13/01/2025,8,WT,1,0.00012622541463295662
13/01/2025,9,WT,1,0.00011867014359278054
13/01/2025,10,WT,1,0.0001145977452008661
13/01/2025,11,WT,1,0.0001156732825318987
13/01/2025,12,WT,1,0.00012686543508698658
13/01/2025,13,WT,1,0.00013251200607490763
13/01/2025,14,WT,1,0.00013136072667830937
13/01/2025,15,WT,1,0.00012827802460978644
13/01/2025,16,WT,1,0.00013252715448802075
13/01/2025,17,WT,1,0.00015139324065267096
13/01/2025,18,WT,1,0.0001891392990273251
13/01/2025,19,WT,1,0.00021023472665512494
13/01/2025,20,WT,1,0.0002081505574843095
13/01/2025,21,WT,1,0.0001899371154512835
13/01/2025,22,WT,1,0.00016957259875619235
13/01/2025,23,WT,1,0.00014995161667140426
13/01/2025,24,WT,1,0.00012038191427456479
14/01/2025,1,WT,1,9.369823438667117e-05
14/01/2025,2,WT,1,8.054421552456566e-05
14/01/2025,3,WT,1,7.62559321362859e-05
14/01/2025,4,WT,1,7.558415158193816e-05
14/01/2025,5,WT,1,7.889507002836621e-05
14/01/2025,6,WT,1,8.979130011007002e-05
14/01/2025,7,WT,1,0.00011613343196015961
14/01/2025,8,WT,1,0.00012626317558229747
14/01/2025,9,WT,1,0.00011870564434588571
14/01/2025,10,WT,1,0.00011463202767610052
14/01/2025,11,WT,1,0.00011570788675937916
14/01/2025,12,WT,1,0.0001269033875015725
14/01/2025,13,WT,1,0.00013255164768878548
14/01/2025,14,WT,1,0.0001314000238813322
14/01/2025,15,WT,1,0.00012831639960742791
14/01/2025,16,WT,1,0.00013256680063362036
14/01/2025,17,WT,1,0.00015143853068009898
14/01/2025,18,WT,1,0.00018919588097248807
14/01/2025,19,WT,1,0.0002102976194005043
14/01/2025,20,WT,1,0.00020821282674030116
14/01/2025,21,WT,1,0.00018999393606712673
14/01/2025,22,WT,1,0.00016962332722739488
14/01/2025,23,WT,1,0.0001499964754299766
14/01/2025,24,WT,1,0.00012041792711223062
15/01/2025,1,WT,1,9.371772222325684e-05
15/01/2025,2,WT,1,8.056096752123173e-05
15/01/2025,3,WT,1,7.627179223390551e-05
15/01/2025,4,WT,1,7.559987195921247e-05
15/01/2025,5,WT,1,7.891147902734243e-05
15/01/2025,6,WT,1,8.980997536254207e-05
15/01/2025,7,WT,1,0.00011615758598354098
15/01/2025,8,WT,1,0.00012628943644141228
15/01/2025,9,WT,1,0.00011873033335111563
15/01/2025,10,WT,1,0.00011465586942976274
15/01/2025,11,WT,1,0.00011573195227569971
15/01/2025,12,WT,1,0.00012692978151522687
15/01/2025,13,WT,1,0.00013257921645639596
15/01/2025,14,WT,1,0.00013142735312835077
15/01/2025,15,WT,1,0.0001283430875065455
15/01/2025,16,WT,1,0.0001325943725528176
15/01/2025,17,WT,1,0.00015147002763794433
15/01/2025,18,WT,1,0.00018923523089658432
15/01/2025,19,WT,1,0.0002103413581717635
15/01/2025,20,WT,1,0.00020825613190575184
15/01/2025,21,WT,1,0.00019003345197479108
15/01/2025,22,WT,1,0.00016965860635195643
15/01/2025,23,WT,1,0.0001500276724618176
15/01/2025,24,WT,1,0.00012044297224676177
16/01/2025,1,WT,1,9.372880899774266e-05
16/01/2025,2,WT,1,8.057049785613618e-05
16/01/2025,3,WT,1,7.628081516084045e-05
16/01/2025,4,WT,1,7.560881539820875e-05
16/01/2025,5,WT,1,7.892081422832223e-05
16/01/2025,6,WT,1,8.982059985191084e-05
16/01/2025,7,WT,1,0.00011617132738623483
16/01/2025,8,WT,1,0.00012630437643855003
16/01/2025,9,WT,1,0.00011874437910894313
16/01/2025,10,WT,1,0.00011466943317990188
16/01/2025,11,WT,1,0.00011574564332607153
16/01/2025,12,WT,1,0.00012694479726496787
16/01/2025,13,WT,1,0.00013259490053235825
16/01/2025,14,WT,1,0.0001314429009392753
16/01/2025,15,WT,1,0.0001283582704499019
16/01/2025,16,WT,1,0.0001326100584217409
16/01/2025,17,WT,1,0.00015148794649040836
16/01/2025,18,WT,1,0.00018925761735967748
16/01/2025,19,WT,1,0.00021036624148249464
16/01/2025,20,WT,1,0.00020828076853492887
16/01/2025,21,WT,1,0.0001900559328671648
16/01/2025,22,WT,1,0.00016967867690706147
16/01/2025,23,WT,1,0.0001500454206841576
16/01/2025,24,WT,1,0.00012045722060918488
17/01/2025,1,WT,1,9.373162701148421e-05
17/01/2025,2,WT,1,8.057292025723729e-05
17/01/2025,3,WT,1,7.628310859001808e-05
17/01/2025,4,WT,1,7.56110886233041e-05
17/01/2025,5,WT,1,7.892318703068008e-05
17/01/2025,6,WT,1,8.982330036296356e-05
17/01/2025,7,WT,1,0.00011617482014796358
17/01/2025,8,WT,1,0.0001263081738565715
17/01/2025,9,WT,1,0.0001187479492310394
17/01/2025,10,WT,1,0.00011467288078626638
17/01/2025,11,WT,1,0.00011574912328934963
17/01/2025,12,WT,1,0.00012694861393763165
17/01/2025,13,WT,1,0.00013259888707881876
17/01/2025,14,WT,1,0.00013144685285016626
17/01/2025,15,WT,1,0.00012836212961949805
17/01/2025,16,WT,1,0.00013261404542393257
17/01/2025,17,WT,1,0.00015149250106780517
17/01/2025,18,WT,1,0.000189263307505238
17/01/2025,19,WT,1,0.00021037256627169868
17/01/2025,20,WT,1,0.0002082870306231183
17/01/2025,21,WT,1,0.00019006164701456738
17/01/2025,22,WT,1,0.00016968377839984996
17/01/2025,23,WT,1,0.00015004993189113723
17/01/2025,24,WT,1,0.0001204608422289043
18/01/2025,1,SA,1,0.00010307973916983421
18/01/2025,2,SA,1,8.732479674252602e-05
18/01/2025,3,SA,1,7.982184171821665e-05
18/01/2025,4,SA,1,7.673224104659021e-05
18/01/2025,5,SA,1,7.662740177604854e-05
18/01/2025,6,SA,1,7.795368170458809e-05
18/01/2025,7,SA,1,9.157268188507691e-05
18/01/2025,8,SA,1,0.00011720904134187543
18/01/2025,9,SA,1,0.00014446472543523363
18/01/2025,10,SA,1,0.0001612289037319734
18/01/2025,11,SA,1,0.00017407866155390927
18/01/2025,12,SA,1,0.00019147187547389924
18/01/2025,13,SA,1,0.000190880733562893
18/01/2025,14,SA,1,0.00018294957959022657
18/01/2025,15,SA,1,0.0001782179180546941
18/01/2025,16,SA,1,0.00017808781630932307
18/01/2025,17,SA,1,0.0001890972028399427
18/01/2025,18,SA,1,0.00021451630501320902
18/01/2025,19,SA,1,0.00022290470978028623
18/01/2025,20,SA,1,0.0002100890562993699
18/01/2025,21,SA,1,0.00018773302919915914
18/01/2025,22,SA,1,0.0001694000512155184
18/01/2025,23,SA,1,0.00015571536860047331
18/01/2025,24,SA,1,0.0001298541731176938
19/01/2025,1,FT,1,0.00010945305550263792
19/01/2025,2,FT,1,9.431793270631168e-05
19/01/2025,3,FT,1,8.525883425687512e-05
19/01/2025,4,FT,1,8.057078554025602e-05
19/01/2025,5,FT,1,7.850334595267375e-05
19/01/2025,6,FT,1,7.910703326047113e-05
19/01/2025,7,FT,1,8.792364643146193e-05
19/01/2025,8,FT,1,0.00010758516109211001
19/01/2025,9,FT,1,0.0001366038290236177
19/01/2025,10,FT,1,0.00016346917716476017
19/01/2025,11,FT,1,0.0001866997720175326
19/01/2025,12,FT,1,0.0002128742897039362
19/01/2025,13,FT,1,0.0002086434267727202
19/01/2025,14,FT,1,0.00019311805423139522
19/01/2025,15,FT,1,0.00018260278116712512
19/01/2025,16,FT,1,0.0001795262491968439
19/01/2025,17,FT,1,0.00018880509992987203
19/01/2025,18,FT,1,0.00021771894349621818
19/01/2025,19,FT,1,0.00022776566427765808
19/01/2025,20,FT,1,0.00021511096380876714
19/01/2025,21,FT,1,0.00019207991413304907
19/01/2025,22,FT,1,0.00016914611115754108
19/01/2025,23,FT,1,0.00014925979243666718
19/01/2025,24,FT,1,0.00012022470623109809
20/01/2025,1,WT,1,9.369178097839599e-05
20/01/2025,2,WT,1,8.053866809125076e-05
20/01/2025,3,WT,1,7.625068005585235e-05
20/01/2025,4,WT,1,7.557894576997721e-05
20/01/2025,5,WT,1,7.888963617893322e-05
20/01/2025,6,WT,1,8.978511578949062e-05
20/01/2025,7,WT,1,0.00011612543334144769
20/01/2025,8,WT,1,0.00012625447928372275
20/01/2025,9,WT,1,0.00011869746856762748
20/01/2025,10,WT,1,0.0001146241324656854
20/01/2025,11,WT,1,0.00011569991744983131
20/01/2025,12,WT,1,0.00012689464710879546
20/01/2025,13,WT,1,0.0001325425182755614
20/01/2025,14,WT,1,0.00013139097378548974
20/01/2025,15,WT,1,0.000128307561894311
20/01/2025,16,WT,1,0.0001325576701767465
20/01/2025,17,WT,1,0.00015142810044442302
20/01/2025,18,WT,1,0.00018918285022252897
20/01/2025,19,WT,1,0.0002102831352812872
20/01/2025,20,WT,1,0.00020819848620989647
20/01/2025,21,WT,1,0.00018998085035161377
20/01/2025,22,WT,1,0.00016961164452503915
20/01/2025,23,WT,1,0.00014998614451496923
20/01/2025,24,WT,1,0.00012040963340154982
21/01/2025,1,WT,1,9.366283293151259e-05
21/01/2025,2,WT,1,8.05137839753178e-05
21/01/2025,3,WT,1,7.622712080403648e-05
21/01/2025,4,WT,1,7.555559406460134e-05
21/01/2025,5,WT,1,7.886526156610302e-05
21/01/2025,6,WT,1,8.975737478900837e-05
21/01/2025,7,WT,1,0.0001160895539456926
21/01/2025,8,WT,1,0.00012621547030612214
21/01/2025,9,WT,1,0.00011866079448747706
21/01/2025,10,WT,1,0.00011458871692842125
21/01/2025,11,WT,1,0.00011566416952616319
21/01/2025,12,WT,1,0.00012685544033787705
21/01/2025,13,WT,1,0.00013250156647602232
21/01/2025,14,WT,1,0.0001313503777798478
21/01/2025,15,WT,1,0.00012826791857364377
21/01/2025,16,WT,1,0.00013251671369570882
21/01/2025,17,WT,1,0.00015138131354694543
21/01/2025,18,WT,1,0.00018912439820079784
21/01/2025,19,WT,1,0.00021021816388256526
21/01/2025,20,WT,1,0.00020813415890736343
21/01/2025,21,WT,1,0.00018992215177095383
21/01/2025,22,WT,1,0.00016955923943906036
21/01/2025,23,WT,1,0.00014993980314011288
21/01/2025,24,WT,1,0.00012037243031205229
22/01/2025,1,WT,1,9.362626710726034e-05
22/01/2025,2,WT,1,8.048235151932025e-05
22/01/2025,3,WT,1,7.619736185467166e-05
22/01/2025,4,WT,1,7.552609727823081e-05
22/01/2025,5,WT,1,7.88344726906892e-05
22/01/2025,6,WT,1,8.972233364953871e-05
22/01/2025,7,WT,1,0.00011604423276444878
22/01/2025,8,WT,1,0.0001261661959828855
22/01/2025,9,WT,1,0.00011861446949792616
22/01/2025,10,WT,1,0.00011454398167161392
22/01/2025,11,WT,1,0.00011561901441433495
22/01/2025,12,WT,1,0.0001268059161713357
22/01/2025,13,WT,1,0.0001324498380706211
22/01/2025,14,WT,1,0.00013129909879672252
22/01/2025,15,WT,1,0.00012821784297779677
22/01/2025,16,WT,1,0.00013246497937685663
22/01/2025,17,WT,1,0.00015132221451766154
22/01/2025,18,WT,1,0.00018905056432998724
22/01/2025,19,WT,1,0.00021013609503845097
22/01/2025,20,WT,1,0.0002080529036555491
22/01/2025,21,WT,1,0.00018984800645839066
22/01/2025,22,WT,1,0.0001694930437757901
22/01/2025,23,WT,1,0.00014988126687424906
22/01/2025,24,WT,1,0.00012032543710253849
23/01/2025,1,WT,1,9.358221159763395e-05
23/01/2025,2,WT,1,8.044448083279536e-05
23/01/2025,3,WT,1,7.616150745491386e-05
23/01/2025,4,WT,1,7.549055873965088e-05
23/01/2025,5,WT,1,7.879737740773253e-05
23/01/2025,6,WT,1,8.968011512202577e-05
23/01/2025,7,WT,1,0.00011598962856018429
23/01/2025,8,WT,1,0.000126106828924544
23/01/2025,9,WT,1,0.00011855865587783587
23/01/2025,10,WT,1,0.00011449008340520756
23/01/2025,11,WT,1,0.00011556461029506474
23/01/2025,12,WT,1,0.00012674624809491683
23/01/2025,13,WT,1,0.00013238751426666707
23/01/2025,14,WT,1,0.0001312373164690735
23/01/2025,15,WT,1,0.0001281575105242011
23/01/2025,16,WT,1,0.0001324026484482144
23/01/2025,17,WT,1,0.00015125101038356167
23/01/2025,18,WT,1,0.00018896160725400795
23/01/2025,19,WT,1,0.00021003721624039727
23/01/2025,20,WT,1,0.00020795500509585
23/01/2025,21,WT,1,0.00018975867414883162
23/01/2025,22,WT,1,0.00016941328942209877
23/01/2025,23,WT,1,0.00014981074077297844
23/01/2025,24,WT,1,0.00012026881839267902
24/01/2025,1,WT,1,9.353079379306793e-05
24/01/2025,2,WT,1,8.040028142221018e-05
24/01/2025,3,WT,1,7.611966128095712e-05
24/01/2025,4,WT,1,7.544908121171487e-05
24/01/2025,5,WT,1,7.875408298155161e-05
24/01/2025,6,WT,1,8.963084128510653e-05
24/01/2025,7,WT,1,0.00011592589922582496
24/01/2025,8,WT,1,0.00012603754079624076
24/01/2025,9,WT,1,0.00011849351501726564
24/01/2025,10,WT,1,0.00011442717798084565
24/01/2025,11,WT,1,0.00011550111448271478
24/01/2025,12,WT,1,0.00012667660864418403
24/01/2025,13,WT,1,0.00013231477527899703
24/01/2025,14,WT,1,0.0001311652094460103
24/01/2025,15,WT,1,0.0001280870956695262
24/01/2025,16,WT,1,0.0001323299011452205
24/01/2025,17,WT,1,0.000151167907037749
24/01/2025,18,WT,1,0.0001888577842001776
24/01/2025,19,WT,1,0.00020992181340526587
24/01/2025,20,WT,1,0.0002078407463106814
24/01/2025,21,WT,1,0.00018965441315461578
24/01/2025,22,WT,1,0.00016932020699481177
24/01/2025,23,WT,1,0.00014972842876881176
24/01/2025,24,WT,1,0.00012020273790052216
25/01/2025,1,SA,1,0.00010280020700506075
25/01/2025,2,SA,1,8.70879889113418e-05
25/01/2025,3,SA,1,7.960538043890608e-05
25/01/2025,4,SA,1,7.65241581622095e-05
25/01/2025,5,SA,1,7.641960319533876e-05
25/01/2025,6,SA,1,7.774228651117335e-05
25/01/2025,7,SA,1,9.132435461720059e-05
25/01/2025,8,SA,1,0.0001168911932630853
25/01/2025,9,SA,1,0.00014407296525268423
25/01/2025,10,SA,1,0.00016079168236483353
25/01/2025,11,SA,1,0.0001736065941476767
25/01/2025,12,SA,1,0.00019095264106105045
25/01/2025,13,SA,1,0.00019036310221170693
25/01/2025,14,SA,1,0.00018245345598301609
25/01/2025,15,SA,1,0.00017773462579147672
25/01/2025,16,SA,1,0.00017760487685668526
25/01/2025,17,SA,1,0.00018858440807650845
25/01/2025,18,SA,1,0.00021393457859827543
25/01/2025,19,SA,1,0.00022230023564633028
25/01/2025,20,SA,1,0.00020951933572018
25/01/2025,21,SA,1,0.0001872239338087928
25/01/2025,22,SA,1,0.00016894067128877068
25/01/2025,23,SA,1,0.0001552930988661497
25/01/2025,24,SA,1,0.00012950203390577113
26/01/2025,1,FT,1,0.00010909495287596675
26/01/2025,2,FT,1,9.400934836127701e-05
26/01/2025,3,FT,1,8.49798889834508e-05
26/01/2025,4,FT,1,8.030717837275918e-05
26/01/2025,5,FT,1,7.82465029229472e-05
26/01/2025,6,FT,1,7.884821511904377e-05
26/01/2025,7,FT,1,8.76359825687308e-05
26/01/2025,8,FT,1,0.0001072331697420193
26/01/2025,9,FT,1,0.00013615689595480518
26/01/2025,10,FT,1,0.00016293434749322974
26/01/2025,11,FT,1,0.00018608893773381743
26/01/2025,12,FT,1,0.00021217781903947039
26/01/2025,13,FT,1,0.00020796079841829126
26/01/2025,14,FT,1,0.0001924862209567525
26/01/2025,15,FT,1,0.00018200535119796516
26/01/2025,16,FT,1,0.00017893888485969882
26/01/2025,17,FT,1,0.00018818737754740125
26/01/2025,18,FT,1,0.0002170066223537519
26/01/2025,19,FT,1,0.00022702047281389514
26/01/2025,20,FT,1,0.00021440717531412954
26/01/2025,21,FT,1,0.00019145147738940644
26/01/2025,22,FT,1,0.0001685927079983641
26/01/2025,23,FT,1,0.00014877145226669652
26/01/2025,24,FT,1,0.00011983136149627623
27/01/2025,1,WT,1,9.333362999067585e-05
27/01/2025,2,WT,1,8.023079686471066e-05
27/01/2025,3,WT,1,7.59592003114057e-05
27/01/2025,4,WT,1,7.529003383132375e-05
27/01/2025,5,WT,1,7.858806862601329e-05
27/01/2025,6,WT,1,8.944189861967307e-05
27/01/2025,7,WT,1,0.00011568152632829936
27/01/2025,8,WT,1,0.0001257718524621664
27/01/2025,9,WT,1,0.00011824372956124465
27/01/2025,10,WT,1,0.00011418596440195083
27/01/2025,11,WT,1,0.00011525763703546554
27/01/2025,12,WT,1,0.0001264095731490114
27/01/2025,13,WT,1,0.00013203585447496343
27/01/2025,14,WT,1,0.00013088871193768013
27/01/2025,15,WT,1,0.00012781708685429653
27/01/2025,16,WT,1,0.00013205094845571716
27/01/2025,17,WT,1,0.00015084924365275568
27/01/2025,18,WT,1,0.0001884596701958569
27/01/2025,19,WT,1,0.0002094792962271524
27/01/2025,20,WT,1,0.00020740261604178532
27/01/2025,21,WT,1,0.0001892546198488866
27/01/2025,22,WT,1,0.00016896327838895853
27/01/2025,23,WT,1,0.00014941279981769254
27/01/2025,24,WT,1,0.00011994934938641588
28/01/2025,1,WT,1,9.325402287949435e-05
28/01/2025,2,WT,1,8.016236556115125e-05
28/01/2025,3,WT,1,7.589441238335602e-05
28/01/2025,4,WT,1,7.522581665585686e-05
28/01/2025,5,WT,1,7.852103845567406e-05
28/01/2025,6,WT,1,8.936561088535463e-05
28/01/2025,7,WT,1,0.00011558285801197021
28/01/2025,8,WT,1,0.00012566457779768087
28/01/2025,9,WT,1,0.00011814287586331557
28/01/2025,10,WT,1,0.00011408857169618736
28/01/2025,11,WT,1,0.00011515933026729503
28/01/2025,12,WT,1,0.00012630175455302314
28/01/2025,13,WT,1,0.0001319232370513382
28/01/2025,14,WT,1,0.000130777072947054
28/01/2025,15,WT,1,0.00012770806774676662
28/01/2025,16,WT,1,0.00013193831815797353
28/01/2025,17,WT,1,0.00015072057971337696
28/01/2025,18,WT,1,0.00018829892717193278
28/01/2025,19,WT,1,0.00020930062492050062
28/01/2025,20,WT,1,0.00020722571599925802
28/01/2025,21,WT,1,0.0001890931987880596
28/01/2025,22,WT,1,0.0001688191644346459
28/01/2025,23,WT,1,0.0001492853610652491
28/01/2025,24,WT,1,0.00011984704091310661
29/01/2025,1,WT,1,9.316767990214396e-05
29/01/2025,2,WT,1,8.008814401981418e-05
29/01/2025,3,WT,1,7.582414249764927e-05
29/01/2025,4,WT,1,7.51561658163207e-05
29/01/2025,5,WT,1,7.844833660286854e-05
29/01/2025,6,WT,1,8.928286815020689e-05
29/01/2025,7,WT,1,0.00011547584098703912
29/01/2025,8,WT,1,0.00012554822620812478
29/01/2025,9,WT,1,0.00011803348854317865
29/01/2025,10,WT,1,0.00011398293821617513
29/01/2025,11,WT,1,0.00011505270538251334
29/01/2025,12,WT,1,0.00012618481300781195
29/01/2025,13,WT,1,0.00013180109063108745
29/01/2025,14,WT,1,0.00013065598774880994
29/01/2025,15,WT,1,0.0001275898241100801
29/01/2025,16,WT,1,0.00013181615777427532
29/01/2025,17,WT,1,0.00015058102901949164
29/01/2025,18,WT,1,0.00018812458305784646
29/01/2025,19,WT,1,0.00020910683554220986
29/01/2025,20,WT,1,0.00020703384775861314
29/01/2025,21,WT,1,0.00018891811926574056
29/01/2025,22,WT,1,0.00016866285644019156
29/01/2025,23,WT,1,0.0001491471392261134
29/01/2025,24,WT,1,0.00011973607572340704
30/01/2025,1,WT,1,9.307472423969847e-05
30/01/2025,2,WT,1,8.00082381287454e-05
30/01/2025,3,WT,1,7.57484909047081e-05
30/01/2025,4,WT,1,7.50811806799767e-05
30/01/2025,5,WT,1,7.837006678758147e-05
30/01/2025,6,WT,1,8.919378845902372e-05
30/01/2025,7,WT,1,0.00011536062792917748
30/01/2025,8,WT,1,0.00012542296368631153
30/01/2025,9,WT,1,0.00011791572365808324
30/01/2025,10,WT,1,0.00011386921466375336
30/01/2025,11,WT,1,0.00011493791449734574
30/01/2025,12,WT,1,0.00012605891534785068
30/01/2025,13,WT,1,0.00013166958947421077
30/01/2025,14,WT,1,0.0001305256290889569
30/01/2025,15,WT,1,0.00012746252463633647
30/01/2025,16,WT,1,0.00013168464158454306
30/01/2025,17,WT,1,0.00015043079066087917
30/01/2025,18,WT,1,0.00018793688658135608
30/01/2025,19,WT,1,0.00020889820456159382
30/01/2025,20,WT,1,0.00020682728504837664
30/01/2025,21,WT,1,0.00018872963105885654
30/01/2025,22,WT,1,0.00016849457740215163
30/01/2025,23,WT,1,0.0001489983314942565
30/01/2025,24,WT,1,0.00011961661212563172
31/01/2025,1,WT,1,9.29752783716715e-05
31/01/2025,2,WT,1,7.992275317292077e-05
31/01/2025,3,WT,1,7.56675572839933e-05
31/01/2025,4,WT,1,7.500096004815426e-05
31/01/2025,5,WT,1,7.828633213907528e-05
31/01/2025,6,WT,1,8.909848918429178e-05
31/01/2025,7,WT,1,0.0001152373706445144
31/01/2025,8,WT,1,0.0001252889552796664
31/01/2025,9,WT,1,0.00011778973637647707
31/01/2025,10,WT,1,0.00011374755088246057
31/01/2025,11,WT,1,0.00011481510886166148
31/01/2025,12,WT,1,0.00012592422745743033
31/01/2025,13,WT,1,0.00013152890684823494
31/01/2025,14,WT,1,0.00013038616872965372
31/01/2025,15,WT,1,0.0001273263370568737
31/01/2025,16,WT,1,0.000131543942876111
31/01/2025,17,WT,1,0.00015027006259343175
31/01/2025,18,WT,1,0.00018773608505362618
31/01/2025,19,WT,1,0.00020867500687337501
31/01/2025,20,WT,1,0.00020660630003809256
31/01/2025,21,WT,1,0.00018852798252176584
31/01/2025,22,WT,1,0.0001683145490470373
31/01/2025,23,WT,1,0.00014883913394055922
31/01/2025,24,WT,1,0.00011948880752647283
01/02/2025,1,SA,2,0.00010313489282930473
01/02/2025,2,SA,2,8.860284049396837e-05
01/02/2025,3,SA,2,8.210340480562096e-05
01/02/2025,4,SA,2,8.007960594021409e-05
01/02/2025,5,SA,2,8.060526798317694e-05
01/02/2025,6,SA,2,8.216973834913767e-05
01/02/2025,7,SA,2,9.658539408924656e-05
01/02/2025,8,SA,2,0.00012420142498918599
01/02/2025,9,SA,2,0.000152241740252374
01/02/2025,10,SA,2,0.0001652631400023386
01/02/2025,11,SA,2,0.00017504671188291085
01/02/2025,12,SA,2,0.00018871642815252967
01/02/2025,13,SA,2,0.00018450862865624157
01/02/2025,14,SA,2,0.00017505171818808194
01/02/2025,15,SA,2,0.0001687612957406269
01/02/2025,16,SA,2,0.000168165545425269
01/02/2025,17,SA,2,0.00017325570620795898
01/02/2025,18,SA,2,0.00019657382411853095
01/02/2025,19,SA,2,0.0002204876923444608
01/02/2025,20,SA,2,0.00021090937897590264
01/02/2025,21,SA,2,0.0001886576040667695
01/02/2025,22,SA,2,0.00016983890292870062
01/02/2025,23,SA,2,0.0001555183669868422
01/02/2025,24,SA,2,0.00012971336698253892
02/02/2025,1,FT,2,0.00010700440541401633
02/02/2025,2,FT,2,9.206736595920867e-05
02/02/2025,3,FT,2,8.497699121758435e-05
02/02/2025,4,FT,2,8.205683688111846e-05
02/02/2025,5,FT,2,8.128929631494124e-05
02/02/2025,6,FT,2,8.306814033069076e-05
02/02/2025,7,FT,2,9.379620733221053e-05
02/02/2025,8,FT,2,0.00011930255539781397
02/02/2025,9,FT,2,0.0001543131557836871
02/02/2025,10,FT,2,0.00017929572616650835
02/02/2025,11,FT,2,0.0001990605207786068
02/02/2025,12,FT,2,0.00022079041925068994
02/02/2025,13,FT,2,0.00020848601893654883
02/02/2025,14,FT,2,0.00018710238876549348
02/02/2025,15,FT,2,0.0001744729712734924
02/02/2025,16,FT,2,0.0001685739094953321
02/02/2025,17,FT,2,0.0001721428481214494
02/02/2025,18,FT,2,0.00019858174547429747
02/02/2025,19,FT,2,0.0002269594952996878
02/02/2025,20,FT,2,0.0002179415186801395
02/02/2025,21,FT,2,0.0001935639802745655
02/02/2025,22,FT,2,0.00016919644239754098
02/02/2025,23,FT,2,0.0001477203073374024
02/02/2025,24,FT,2,0.0001190287909287703
03/02/2025,1,WT,2,9.376034280502254e-05
03/02/2025,2,WT,2,8.14791112181649e-05
03/02/2025,3,WT,2,7.789224750473175e-05
03/02/2025,4,WT,2,7.756764445374232e-05
03/02/2025,5,WT,2,8.136300320377252e-05
03/02/2025,6,WT,2,9.267791647730008e-05
03/02/2025,7,WT,2,0.00011974606550999905
03/02/2025,8,WT,2,0.0001274179337728068
03/02/2025,9,WT,2,0.00011861494872462818
03/02/2025,10,WT,2,0.00011353990486973585
03/02/2025,11,WT,2,0.0001125910651822283
03/02/2025,12,WT,2,0.00012267997770163425
03/02/2025,13,WT,2,0.00012606708569138161
03/02/2025,14,WT,2,0.00012333292922343217
03/02/2025,15,WT,2,0.0001192728941395183
03/02/2025,16,WT,2,0.00012227422388789747
03/02/2025,17,WT,2,0.00013544311997188387
03/02/2025,18,WT,2,0.00016808195674887058
03/02/2025,19,WT,2,0.00020600932631043893
03/02/2025,20,WT,2,0.0002091854423170431
03/02/2025,21,WT,2,0.00019061689932717488
03/02/2025,22,WT,2,0.00016904952353547365
03/02/2025,23,WT,2,0.00014847718094238233
03/02/2025,24,WT,2,0.00011976604108236763
04/02/2025,1,WT,2,9.363464384712251e-05
04/02/2025,2,WT,2,8.136987698261992e-05
04/02/2025,3,WT,2,7.778782196567209e-05
04/02/2025,4,WT,2,7.746365409083517e-05
04/02/2025,5,WT,2,8.12539246273898e-05
04/02/2025,6,WT,2,9.255366866449327e-05
04/02/2025,7,WT,2,0.00011958552902733562
04/02/2025,8,WT,2,0.00012724711206915415
04/02/2025,9,WT,2,0.0001184559286634809
04/02/2025,10,WT,2,0.0001133876886203577
04/02/2025,11,WT,2,0.00011244012098621902
04/02/2025,12,WT,2,0.00012251550789605387
04/02/2025,13,WT,2,0.00012589807499002517
04/02/2025,14,WT,2,0.0001231675840442835
04/02/2025,15,WT,2,0.00011911299200978494
04/02/2025,16,WT,2,0.00012211029805250773
04/02/2025,17,WT,2,0.0001352615393747374
04/02/2025,18,WT,2,0.0001678566191895886
04/02/2025,19,WT,2,0.00020573314176524417
04/02/2025,20,WT,2,0.00020890499974057146
04/02/2025,21,WT,2,0.0001903613505003817
04/02/2025,22,WT,2,0.00016882288881650632
04/02/2025,23,WT,2,0.00014827812634895789
04/02/2025,24,WT,2,0.00011960547781963332
05/02/2025,1,WT,2,9.350298529663344e-05
05/02/2025,2,WT,2,8.125546377382407e-05
05/02/2025,3,WT,2,7.767844544150411e-05
05/02/2025,4,WT,2,7.73547333752308e-05
05/02/2025,5,WT,2,8.113967445781091e-05
05/02/2025,6,WT,2,9.242353006025284e-05
05/02/2025,7,WT,2,0.00011941738124821967
05/02/2025,8,WT,2,0.00012706819142994818
05/02/2025,9,WT,2,0.00011828936920189808
05/02/2025,10,WT,2,0.00011322825555035598
05/02/2025,11,WT,2,0.00011228202027971094
05/02/2025,12,WT,2,0.0001223432403087668
05/02/2025,13,WT,2,0.0001257210512156878
05/02/2025,14,WT,2,0.00012299439958053958
05/02/2025,15,WT,2,0.0001189455086593059
05/02/2025,16,WT,2,0.00012193860022592517
05/02/2025,17,WT,2,0.00013507134974535115
05/02/2025,18,WT,2,0.00016762059800913125
05/02/2025,19,WT,2,0.00020544386286034866
05/02/2025,20,WT,2,0.00020861126092419201
05/02/2025,21,WT,2,0.00019009368568695064
05/02/2025,22,WT,2,0.0001685855089759074
05/02/2025,23,WT,2,0.00014806963425263278
05/02/2025,24,WT,2,0.00011943730199075956
06/02/2025,1,WT,2,9.336548685502518e-05
06/02/2025,2,WT,2,8.113597561410799e-05
06/02/2025,3,WT,2,7.756421737529988e-05
06/02/2025,4,WT,2,7.724098133558874e-05
06/02/2025,5,WT,2,8.102035656913437e-05
06/02/2025,6,WT,2,9.22876189841423e-05
06/02/2025,7,WT,2,0.00011924177504943918
06/02/2025,8,WT,2,0.00012688133452645829
06/02/2025,9,WT,2,0.00011811542177259965
06/02/2025,10,WT,2,0.00011306175061326972
06/02/2025,11,WT,2,0.00011211690680488332
06/02/2025,12,WT,2,0.000122163331562213
06/02/2025,13,WT,2,0.00012553617531504502
06/02/2025,14,WT,2,0.0001228135332882473
06/02/2025,15,WT,2,0.00011877059636078338
06/02/2025,16,WT,2,0.00012175928651257407
06/02/2025,17,WT,2,0.00013487272400054752
06/02/2025,18,WT,2,0.00016737410779350253
06/02/2025,19,WT,2,0.00020514175260267446
06/02/2025,20,WT,2,0.00020830449292969422
06/02/2025,21,WT,2,0.0001898141482426797
06/02/2025,22,WT,2,0.0001683375998349492
06/02/2025,23,WT,2,0.00014785189421048707
06/02/2025,24,WT,2,0.00011926166649803682
07/02/2025,1,WT,2,9.322226751371735e-05
07/02/2025,2,WT,2,8.101151590875814e-05
07/02/2025,3,WT,2,7.744523662025067e-05
07/02/2025,4,WT,2,7.712249641314593e-05
07/02/2025,5,WT,2,8.089607421929374e-05
07/02/2025,6,WT,2,9.214605305387192e-05
07/02/2025,7,WT,2,0.00011905886240094118
07/02/2025,8,WT,2,0.00012668670306501304
07/02/2025,9,WT,2,0.00011793423691003005
07/02/2025,10,WT,2,0.00011288831790279624
07/02/2025,11,WT,2,0.00011194492345125929
07/02/2025,12,WT,2,0.0001219759373497726
07/02/2025,13,WT,2,0.00012534360728006172
07/02/2025,14,WT,2,0.00012262514168944865
07/02/2025,15,WT,2,0.00011858840648366161
07/02/2025,16,WT,2,0.00012157251209089167
07/02/2025,17,WT,2,0.00013466583403143345
07/02/2025,18,WT,2,0.00016711736185581576
07/02/2025,19,WT,2,0.0002048270724390278
07/02/2025,20,WT,2,0.00020798496123469889
07/02/2025,21,WT,2,0.00018952298007981843
07/02/2025,22,WT,2,0.0001680793759346857
07/02/2025,23,WT,2,0.00014762509465517793
07/02/2025,24,WT,2,0.00011907872333676306
08/02/2025,1,SA,2,0.00010212548878080319
08/02/2025,2,SA,2,8.773566486164993e-05
08/02/2025,3,SA,2,8.129984059051367e-05
08/02/2025,4,SA,2,7.929584909303107e-05
08/02/2025,5,SA,2,7.981636636510447e-05
08/02/2025,6,SA,2,8.136552491294196e-05
08/02/2025,7,SA,2,9.564009143613613e-05
08/02/2025,8,SA,2,0.00012298583812256423
08/02/2025,9,SA,2,0.0001507517166071659
08/02/2025,10,SA,2,0.00016364567303252722
08/02/2025,11,SA,2,0.00017333349092728403
08/02/2025,12,SA,2,0.00018686941865486928
08/02/2025,13,SA,2,0.00018270280182460544
08/02/2025,14,SA,2,0.00017333844823463714
08/02/2025,15,SA,2,0.00016710959154549198
08/02/2025,16,SA,2,0.0001665196719704754
08/02/2025,17,SA,2,0.00017156001422171963
08/02/2025,18,SA,2,0.00019464991254552845
08/02/2025,19,SA,2,0.0002183297304443539
08/02/2025,20,SA,2,0.00020884516215107334
08/02/2025,21,SA,2,0.00018681117029347057
08/02/2025,22,SA,2,0.00016817665195324247
08/02/2025,23,SA,2,0.00015399627426975683
08/02/2025,24,SA,2,0.00012844383351830543
09/02/2025,1,FT,2,0.00010590925886180193
09/02/2025,2,FT,2,9.112509392833693e-05
09/02/2025,3,FT,2,8.410728628731143e-05
09/02/2025,4,FT,2,8.121701854234749e-05
09/02/2025,5,FT,2,8.045733344157357e-05
09/02/2025,6,FT,2,8.221797171258544e-05
09/02/2025,7,FT,2,9.283624131330489e-05
09/02/2025,8,FT,2,0.00011808154228429995
09/02/2025,9,FT,2,0.00015273382342008993
09/02/2025,10,FT,2,0.00017746070735977508
09/02/2025,11,FT,2,0.00019702321734077897
09/02/2025,12,FT,2,0.0002185307191433082
09/02/2025,13,FT,2,0.00020635224936005475
09/02/2025,14,FT,2,0.00018518747194337946
09/02/2025,15,FT,2,0.00017268731140084064
09/02/2025,16,FT,2,0.00016684862411981113
09/02/2025,17,FT,2,0.0001703810361111947
09/02/2025,18,FT,2,0.00019654934210690863
09/02/2025,19,FT,2,0.0002246366572089748
09/02/2025,20,FT,2,0.00021571097591095687
09/02/2025,21,FT,2,0.0001915829316924029
09/02/2025,22,FT,2,0.0001674647856510577
09/02/2025,23,FT,2,0.00014620845009520123
09/02/2025,24,FT,2,0.00011781057968320958
10/02/2025,1,WT,2,9.27594633550339e-05
10/02/2025,2,WT,2,8.060933231610625e-05
10/02/2025,3,WT,2,7.706075790573323e-05
10/02/2025,4,WT,2,7.673961995004337e-05
10/02/2025,5,WT,2,8.049446373964794e-05
10/02/2025,6,WT,2,9.168859178740657e-05
10/02/2025,7,WT,2,0.00011846779185399095
10/02/2025,8,WT,2,0.00012605776392212258
10/02/2025,9,WT,2,0.00011734874959301012
10/02/2025,10,WT,2,0.00011232788117039747
10/02/2025,11,WT,2,0.00011138917022299633
10/02/2025,12,WT,2,0.000121370384915034
10/02/2025,13,WT,2,0.0001247213359680594
10/02/2025,14,WT,2,0.00012201636626436396
10/02/2025,15,WT,2,0.00011799967152627383
10/02/2025,16,WT,2,0.00012096896247042165
10/02/2025,17,WT,2,0.0001339972823035628
10/02/2025,18,WT,2,0.00016628770374817862
10/02/2025,19,WT,2,0.00020381020357857245
10/02/2025,20,WT,2,0.00020695241496039945
10/02/2025,21,WT,2,0.00018858208874895574
10/02/2025,22,WT,2,0.0001672449418853311
10/02/2025,23,WT,2,0.0001468922063704942
10/02/2025,24,WT,2,0.00011848755418972575
11/02/2025,1,WT,2,9.259453612811295e-05
11/02/2025,2,WT,2,8.046600814020022e-05
11/02/2025,3,WT,2,7.692374312960009e-05
11/02/2025,4,WT,2,7.660317616031503e-05
11/02/2025,5,WT,2,8.03513438011867e-05
11/02/2025,6,WT,2,9.152556858053541e-05
11/02/2025,7,WT,2,0.0001182571549692653
11/02/2025,8,WT,2,0.00012583363199332996
11/02/2025,9,WT,2,0.000117140102376295
11/02/2025,10,WT,2,0.00011212816110651102
11/02/2025,11,WT,2,0.0001111911191962931
11/02/2025,12,WT,2,0.00012115458719164969
11/02/2025,13,WT,2,0.00012449958022115126
11/02/2025,14,WT,2,0.00012179941997986542
11/02/2025,15,WT,2,0.00011778986696403822
11/02/2025,16,WT,2,0.00012075387848004335
11/02/2025,17,WT,2,0.00013375903383396255
11/02/2025,18,WT,2,0.0001659920425955772
11/02/2025,19,WT,2,0.00020344782705677484
11/02/2025,20,WT,2,0.00020658445155624113
11/02/2025,21,WT,2,0.0001882467879632528
11/02/2025,22,WT,2,0.00016694757875402309
11/02/2025,23,WT,2,0.00014663103060064033
11/02/2025,24,WT,2,0.00011827688216737518
12/02/2025,1,WT,2,9.242447230783264e-05
12/02/2025,2,WT,2,8.031822018942848e-05
12/02/2025,3,WT,2,7.678246108236588e-05
12/02/2025,4,WT,2,7.646248288263172e-05
12/02/2025,5,WT,2,8.020376644875435e-05
12/02/2025,6,WT,2,9.135746808025754e-05
12/02/2025,7,WT,2,0.00011803995788193683
12/02/2025,8,WT,2,0.00012560251956411568
12/02/2025,9,WT,2,0.00011692495692440161
12/02/2025,10,WT,2,0.0001119222208400962
12/02/2025,11,WT,2,0.00011098689994856552
12/02/2025,12,WT,2,0.00012093206853338037
12/02/2025,13,WT,2,0.00012427091797906811
12/02/2025,14,WT,2,0.00012157571698899949
12/02/2025,15,WT,2,0.00011757352812155514
12/02/2025,16,WT,2,0.00012053209578371266
12/02/2025,17,WT,2,0.00013351336520985138
12/02/2025,18,WT,2,0.0001656871731931226
12/02/2025,19,WT,2,0.00020307416446129368
12/02/2025,20,WT,2,0.00020620502807715418
12/02/2025,21,WT,2,0.00018790104436697583
12/02/2025,22,WT,2,0.00016664095436540717
12/02/2025,23,WT,2,0.00014636172061456204
12/02/2025,24,WT,2,0.00011805964884807435
13/02/2025,1,WT,2,9.224938662530953e-05
13/02/2025,2,WT,2,8.016606816681195e-05
13/02/2025,3,WT,2,7.66370070779369e-05
13/02/2025,4,WT,2,7.631763503369483e-05
13/02/2025,5,WT,2,8.005183124329457e-05
13/02/2025,6,WT,2,9.118440369316383e-05
13/02/2025,7,WT,2,0.00011781634712090461
13/02/2025,8,WT,2,0.00012536458255116466
13/02/2025,9,WT,2,0.00011670345838212258
13/02/2025,10,WT,2,0.00011171019930579928
13/02/2025,11,WT,2,0.00011077665025339934
13/02/2025,12,WT,2,0.00012070297905924656
13/02/2025,13,WT,2,0.00012403550350551104
13/02/2025,14,WT,2,0.00012134540820977964
13/02/2025,15,WT,2,0.000117350800948721
13/02/2025,16,WT,2,0.00012030376400394396
13/02/2025,17,WT,2,0.00013326044216804204
13/02/2025,18,WT,2,0.00016537330121658354
13/02/2025,19,WT,2,0.00020268946787823833
13/02/2025,20,WT,2,0.0002058144004957455
13/02/2025,21,WT,2,0.00018754509121108202
13/02/2025,22,WT,2,0.0001663252755792282
13/02/2025,23,WT,2,0.00014608445809837796
13/02/2025,24,WT,2,0.0001178360007851657
14/02/2025,1,WT,2,9.206939310160978e-05
14/02/2025,2,WT,2,8.000965115832702e-05
14/02/2025,3,WT,2,7.648747584033866e-05
14/02/2025,4,WT,2,7.616872694278316e-05
14/02/2025,5,WT,2,7.989563712958601e-05
14/02/2025,6,WT,2,9.100648812399201e-05
14/02/2025,7,WT,2,0.00011758646830822637
14/02/2025,8,WT,2,0.00012511997590622094
14/02/2025,9,WT,2,0.00011647575099597526
14/02/2025,10,WT,2,0.00011149223457842474
14/02/2025,11,WT,2,0.00011056050703172403
14/02/2025,12,WT,2,0.00012046746795920883
14/02/2025,13,WT,2,0.00012379349010947072
14/02/2025,14,WT,2,0.00012110864362621472
14/02/2025,15,WT,2,0.0001171218304921743
14/02/2025,16,WT,2,0.00012006903183726445
14/02/2025,17,WT,2,0.00013300042941963167
14/02/2025,18,WT,2,0.0001650506310688379
14/02/2025,19,WT,2,0.00020229398783360223
14/02/2025,20,WT,2,0.00020541282320045304
14/02/2025,21,WT,2,0.00018717916030297978
14/02/2025,22,WT,2,0.00016600074797501292
14/02/2025,23,WT,2,0.00014579942361378357
14/02/2025,24,WT,2,0.00011760608362499901
15/02/2025,1,SA,2,0.0001008210252244302
15/02/2025,2,SA,2,8.661500459580953e-05
15/02/2025,3,SA,2,8.02613860337195e-05
15/02/2025,4,SA,2,7.828299180785781e-05
15/02/2025,5,SA,2,7.879686043795179e-05
15/02/2025,6,SA,2,8.032623136085038e-05
15/02/2025,7,SA,2,9.441846679280741e-05
15/02/2025,8,SA,2,0.00012141492232381383
15/02/2025,9,SA,2,0.00014882614324911034
15/02/2025,10,SA,2,0.0001615554033145801
15/02/2025,11,SA,2,0.00017111947731801886
15/02/2025,12,SA,2,0.0001844825086939379
15/02/2025,13,SA,2,0.00018036911265970976
15/02/2025,14,SA,2,0.00017112437130497218
15/02/2025,15,SA,2,0.0001649750766981814
15/02/2025,16,SA,2,0.00016439269225074164
15/02/2025,17,SA,2,0.0001693686534854846
15/02/2025,18,SA,2,0.00019216362121710388
15/02/2025,19,SA,2,0.000215540973396163
15/02/2025,20,SA,2,0.0002061775528578085
15/02/2025,21,SA,2,0.0001844250043472369
15/02/2025,22,SA,2,0.00016602850738987402
15/02/2025,23,SA,2,0.00015202925771002918
15/02/2025,24,SA,2,0.0001268032019593702
16/02/2025,1,FT,2,0.00010451413936621302
16/02/2025,2,FT,2,8.992472300285737e-05
16/02/2025,3,FT,2,8.299935940649341e-05
16/02/2025,4,FT,2,8.014716452618551e-05
16/02/2025,5,FT,2,7.939748659103613e-05
16/02/2025,6,FT,2,8.113493235930584e-05
16/02/2025,7,FT,2,9.161332981769715e-05
16/02/2025,8,FT,2,0.00011652607996230411
16/02/2025,9,FT,2,0.0001507218941801049
16/02/2025,10,FT,2,0.0001751230562875333
16/02/2025,11,FT,2,0.00019442787360454865
16/02/2025,12,FT,2,0.00021565206179136016
16/02/2025,13,FT,2,0.0002036340163260903
16/02/2025,14,FT,2,0.00018274803789178101
16/02/2025,15,FT,2,0.0001704125392292166
16/02/2025,16,FT,2,0.00016465076369832072
16/02/2025,17,FT,2,0.00016813664399938192
16/02/2025,18,FT,2,0.00019396024062545705
16/02/2025,19,FT,2,0.00022167756767077772
16/02/2025,20,FT,2,0.00021286946241968997
16/02/2025,21,FT,2,0.00018905925164876367
16/02/2025,22,FT,2,0.00016525880866852333
16/02/2025,23,FT,2,0.00014428247817036867
16/02/2025,24,FT,2,0.00011625868669227524
17/02/2025,1,WT,2,9.150109504335439e-05
17/02/2025,2,WT,2,7.95157918217635e-05
17/02/2025,3,WT,2,7.601535712057097e-05
17/02/2025,4,WT,2,7.569857569964858e-05
17/02/2025,5,WT,2,7.94024815442797e-05
17/02/2025,6,WT,2,9.044475084358626e-05
17/02/2025,7,WT,2,0.00011686066617827288
17/02/2025,8,WT,2,0.00012434767322276572
17/02/2025,9,WT,2,0.00011575680476536635
17/02/2025,10,WT,2,0.00011080404908825271
17/02/2025,11,WT,2,0.00010987807262709494
17/02/2025,12,WT,2,0.00011972388286737918
17/02/2025,13,WT,2,0.00012302937515569636
17/02/2025,14,WT,2,0.00012036110087946537
17/02/2025,15,WT,2,0.00011639889633777445
17/02/2025,16,WT,2,0.00011932790609122618
17/02/2025,17,WT,2,0.00013217948466003182
17/02/2025,18,WT,2,0.00016403185653377896
17/02/2025,19,WT,2,0.00020104532878840032
17/02/2025,20,WT,2,0.00020414491315311797
17/02/2025,21,WT,2,0.00018602379748627632
17/02/2025,22,WT,2,0.00016497610884614382
17/02/2025,23,WT,2,0.00014489947710014656
17/02/2025,24,WT,2,0.0001168801604195604
18/02/2025,1,WT,2,9.13025961645994e-05
18/02/2025,2,WT,2,7.934329338868512e-05
18/02/2025,3,WT,2,7.585045239293418e-05
18/02/2025,4,WT,2,7.553435818517392e-05
18/02/2025,5,WT,2,7.923022892206316e-05
18/02/2025,6,WT,2,9.024854355641424e-05
18/02/2025,7,WT,2,0.00011660715324276149
18/02/2025,8,WT,2,0.00012407791826848002
18/02/2025,9,WT,2,0.00011550568650341226
18/02/2025,10,WT,2,0.00011056367513977584
18/02/2025,11,WT,2,0.00010963970745555352
18/02/2025,12,WT,2,0.00011946415858213311
18/02/2025,13,WT,2,0.00012276248006541616
18/02/2025,14,WT,2,0.00012009999423851238
18/02/2025,15,WT,2,0.00011614638514760326
18/02/2025,16,WT,2,0.00011906904082243278
18/02/2025,17,WT,2,0.00013189273968187612
18/02/2025,18,WT,2,0.0001636760122721707
18/02/2025,19,WT,2,0.0002006091889550517
18/02/2025,20,WT,2,0.00020370204920329063
18/02/2025,21,WT,2,0.00018562024477245055
18/02/2025,22,WT,2,0.00016461821616068685
18/02/2025,23,WT,2,0.00014458513787040362
18/02/2025,24,WT,2,0.00011662660519400826
19/02/2025,1,WT,2,9.109974889924105e-05
19/02/2025,2,WT,2,7.916701614395696e-05
19/02/2025,3,WT,2,7.568193520404326e-05
19/02/2025,4,WT,2,7.536654326377957e-05
19/02/2025,5,WT,2,7.905420287301649e-05
19/02/2025,6,WT,2,9.004803808305406e-05
19/02/2025,7,WT,2,0.00011634808676327304
19/02/2025,8,WT,2,0.0001238022539668128
19/02/2025,9,WT,2,0.00011524906715604652
19/02/2025,10,WT,2,0.00011031803547461622
19/02/2025,11,WT,2,0.00010939612057230699
19/02/2025,12,WT,2,0.00011919874468488711
19/02/2025,13,WT,2,0.00012248973827694624
19/02/2025,14,WT,2,0.00011983316770318671
19/02/2025,15,WT,2,0.00011588834235804251
19/02/2025,16,WT,2,0.0001188045047595575
19/02/2025,17,WT,2,0.00013159971316687032
19/02/2025,18,WT,2,0.00016331237276038371
19/02/2025,19,WT,2,0.00020016349488834713
19/02/2025,20,WT,2,0.0002032494837192348
19/02/2025,21,WT,2,0.00018520785169022798
19/02/2025,22,WT,2,0.00016425248335155438
19/02/2025,23,WT,2,0.00014426391261438133
19/02/2025,24,WT,2,0.00011636749549805848
20/02/2025,1,WT,2,9.089266300804251e-05
20/02/2025,2,WT,2,7.898705547129e-05
20/02/2025,3,WT,2,7.550989673863876e-05
20/02/2025,4,WT,2,7.51952217402088e-05
20/02/2025,5,WT,2,7.88744986449285e-05
20/02/2025,6,WT,2,8.984334291712407e-05
20/02/2025,7,WT,2,0.00011608360692081739
20/02/2025,8,WT,2,0.00012352082947986428
20/02/2025,9,WT,2,0.00011498708558013449
20/02/2025,10,WT,2,0.00011006726300852743
20/02/2025,11,WT,2,0.00010914744378234748
20/02/2025,12,WT,2,0.0001189277847912422
20/02/2025,13,WT,2,0.0001222112973710134
20/02/2025,14,WT,2,0.00011956076565346862
20/02/2025,15,WT,2,0.00011562490759618296
20/02/2025,16,WT,2,0.00011853444104320474
20/02/2025,17,WT,2,0.00013130056367181763
20/02/2025,18,WT,2,0.00016294113476395151
20/02/2025,19,WT,2,0.00019970848775358304
20/02/2025,20,WT,2,0.00020278746158437476
20/02/2025,21,WT,2,0.00018478684138572475
20/02/2025,22,WT,2,0.00016387910831696398
20/02/2025,23,WT,2,0.00014393597514723662
20/02/2025,24,WT,2,0.00011610297153610542
21/02/2025,1,WT,2,9.06814475417165e-05
21/02/2025,2,WT,2,7.88035061373508e-05
21/02/2025,3,WT,2,7.533442759158046e-05
21/02/2025,4,WT,2,7.502048383178224e-05
21/02/2025,5,WT,2,7.869121086942297e-05
21/02/2025,6,WT,2,8.963456585038937e-05
21/02/2025,7,WT,2,0.00011581385298956318
21/02/2025,8,WT,2,0.00012323379300479417
21/02/2025,9,WT,2,0.00011471987973426631
21/02/2025,10,WT,2,0.00010981148979742111
21/02/2025,11,WT,2,0.00010889380803801092
21/02/2025,12,WT,2,0.00011865142158773944
21/02/2025,13,WT,2,0.0001219273039736339
21/02/2025,14,WT,2,0.00011928293153533352
21/02/2025,15,WT,2,0.00011535621958585733
21/02/2025,16,WT,2,0.00011825899188799165
21/02/2025,17,WT,2,0.00013099544872780558
21/02/2025,18,WT,2,0.00016256249377551653
21/02/2025,19,WT,2,0.00019924440715594007
21/02/2025,20,WT,2,0.00020231622609796567
21/02/2025,21,WT,2,0.00018435743556150834
21/02/2025,22,WT,2,0.0001634982876749151
21/02/2025,23,WT,2,0.0001436014981597033
21/02/2025,24,WT,2,0.00011583317260555078
22/02/2025,1,SA,2,9.926468226545412e-05
22/02/2025,2,SA,2,8.527795558004825e-05
22/02/2025,3,SA,2,7.902241586104791e-05
22/02/2025,4,SA,2,7.707456149447302e-05
22/02/2025,5,SA,2,7.75804976935834e-05
22/02/2025,6,SA,2,7.908626019093563e-05
22/02/2025,7,SA,2,9.296095814653854e-05
22/02/2025,8,SA,2,0.00011954067774980106
22/02/2025,9,SA,2,0.00014652876014234554
22/02/2025,10,SA,2,0.00015906152256030807
22/02/2025,11,SA,2,0.00016847795891375032
22/02/2025,12,SA,2,0.00018163470931061568
22/02/2025,13,SA,2,0.00017758481049773696
22/02/2025,14,SA,2,0.00016848277735374186
22/02/2025,15,SA,2,0.00016242840750438776
22/02/2025,16,SA,2,0.00016185501314539604
22/02/2025,17,SA,2,0.00016675416200678144
22/02/2025,18,SA,2,0.00018919725087731772
22/02/2025,19,SA,2,0.00021221373410684584
22/02/2025,20,SA,2,0.0002029948537930562
22/02/2025,21,SA,2,0.0001815780926407152
22/02/2025,22,SA,2,0.00016346557671256405
22/02/2025,23,SA,2,0.0001496824291168002
22/02/2025,24,SA,2,0.0001248457801804726
23/02/2025,1,FT,2,0.0001028636236330903
23/02/2025,2,FT,2,8.850460730355612e-05
23/02/2025,3,FT,2,8.16886109338919e-05
23/02/2025,4,FT,2,7.888145869137855e-05
23/02/2025,5,FT,2,7.814361987421111e-05
23/02/2025,6,FT,2,7.985362742605033e-05
23/02/2025,7,FT,2,9.016654718000984e-05
23/02/2025,8,FT,2,0.00011468586839415456
23/02/2025,9,FT,2,0.00014834165300719868
23/02/2025,10,FT,2,0.0001723574653216802
23/02/2025,11,FT,2,0.00019135741570968466
23/02/2025,12,FT,2,0.0002122464257403393
23/02/2025,13,FT,2,0.00020041817251985184
23/02/2025,14,FT,2,0.00017986203114124175
23/02/2025,15,FT,2,0.00016772133803074848
23/02/2025,16,FT,2,0.0001620505540271439
23/02/2025,17,FT,2,0.00016548138435778408
23/02/2025,18,FT,2,0.00019089716771786847
23/02/2025,19,FT,2,0.00021817677519102568
23/02/2025,20,FT,2,0.00020950776993525035
23/02/2025,21,FT,2,0.0001860735764929333
23/02/2025,22,FT,2,0.00016264899658569338
23/02/2025,23,FT,2,0.00014200393000762012
23/02/2025,24,FT,2,0.00011442269787141895
24/02/2025,1,WT,2,9.002410354834366e-05
24/02/2025,2,WT,2,7.823226457890217e-05
24/02/2025,3,WT,2,7.478833316086766e-05
24/02/2025,4,WT,2,7.447666515923558e-05
24/02/2025,5,WT,2,7.812078333216453e-05
24/02/2025,6,WT,2,8.898481063520898e-05
24/02/2025,7,WT,2,0.00011497432580207502
24/02/2025,8,WT,2,0.00012234047914834096
24/02/2025,9,WT,2,0.00011388828268869554
24/02/2025,10,WT,2,0.00010901547335548629
24/02/2025,11,WT,2,0.000108104443812254
24/02/2025,12,WT,2,0.0001177913250475958
24/02/2025,13,WT,2,0.00012104346077231822
24/02/2025,14,WT,2,0.00011841825722010951
24/02/2025,15,WT,2,0.0001145200097535421
24/02/2025,16,WT,2,0.00011740174004555566
24/02/2025,17,WT,2,0.00013004587112715264
24/02/2025,18,WT,2,0.0001613840886912584
24/02/2025,19,WT,2,0.00019780009723580083
24/02/2025,20,WT,2,0.0002008496487594624
24/02/2025,21,WT,2,0.00018302104034302415
24/02/2025,22,WT,2,0.00016231309908073868
24/02/2025,23,WT,2,0.00014256054011576387
24/02/2025,24,WT,2,0.00011499350537140622
25/02/2025,1,WT,2,8.979744608762532e-05
25/02/2025,2,WT,2,7.803529592565501e-05
25/02/2025,3,WT,2,7.4600035438175e-05
25/02/2025,4,WT,2,7.42891521361406e-05
25/02/2025,5,WT,2,7.79240953599273e-05
25/02/2025,6,WT,2,8.876076984584142e-05
25/02/2025,7,WT,2,0.00011468485012048594
25/02/2025,8,WT,2,0.00012203245739356793
25/02/2025,9,WT,2,0.00011360154138339688
25/02/2025,10,WT,2,0.00010874100052659
25/02/2025,11,WT,2,0.00010783226472064334
25/02/2025,12,WT,2,0.00011749475688887368
25/02/2025,13,WT,2,0.00012073870457510176
25/02/2025,14,WT,2,0.0001181201106079659
25/02/2025,15,WT,2,0.00011423167792252042
25/02/2025,16,WT,2,0.00011710615276133068
25/02/2025,17,WT,2,0.0001297184491838643
25/02/2025,18,WT,2,0.00016097776520342203
25/02/2025,19,WT,2,0.00019730208763612473
25/02/2025,20,WT,2,0.0002003439611760304
25/02/2025,21,WT,2,0.00018256024059465554
25/02/2025,22,WT,2,0.00016190443658448608
25/02/2025,23,WT,2,0.00014220160946555282
25/02/2025,24,WT,2,0.00011470398140061113
26/02/2025,1,WT,2,8.956719365458581e-05
26/02/2025,2,WT,2,7.783520318880473e-05
26/02/2025,3,WT,2,7.440875115991489e-05
26/02/2025,4,WT,2,7.409866500345428e-05
26/02/2025,5,WT,2,7.772428775591686e-05
26/02/2025,6,WT,2,8.8533175586696e-05
26/02/2025,7,WT,2,0.00011439078311832145
26/02/2025,8,WT,2,0.00012171955016236184
26/02/2025,9,WT,2,0.00011331025212696253
26/02/2025,10,WT,2,0.00010846217433460717
26/02/2025,11,WT,2,0.00010755576864649152
26/02/2025,12,WT,2,0.00011719348491710014
26/02/2025,13,WT,2,0.00012042911469586036
26/02/2025,14,WT,2,0.00011781723514721129
26/02/2025,15,WT,2,0.00011393877291332696
26/02/2025,16,WT,2,0.00011680587722152436
26/02/2025,17,WT,2,0.00012938583406131893
26/02/2025,18,WT,2,0.00016056499709343392
26/02/2025,19,WT,2,0.00019679617919773042
26/02/2025,20,WT,2,0.00019983025297479117
26/02/2025,21,WT,2,0.00018209213218618058
26/02/2025,22,WT,2,0.00016148929236749923
26/02/2025,23,WT,2,0.00014183698588227597
26/02/2025,24,WT,2,0.00011440986534333445
27/02/2025,1,WT,2,8.933345103963497e-05
27/02/2025,2,WT,2,7.763207743275231e-05
27/02/2025,3,WT,2,7.421456738166214e-05
27/02/2025,4,WT,2,7.390529045396167e-05
27/02/2025,5,WT,2,7.752145145476713e-05
27/02/2025,6,WT,2,8.830213143841843e-05
27/02/2025,7,WT,2,0.00011409225862870235
27/02/2025,8,WT,2,0.00012140189986223843
27/02/2025,9,WT,2,0.00011301454748833073
27/02/2025,10,WT,2,0.00010817912167639847
27/02/2025,11,WT,2,0.0001072750814261971
27/02/2025,12,WT,2,0.00011688764624445661
27/02/2025,13,WT,2,0.00012011483203234647
27/02/2025,14,WT,2,0.00011750976867979252
27/02/2025,15,WT,2,0.0001136414280302467
27/02/2025,16,WT,2,0.00011650105008483102
27/02/2025,17,WT,2,0.00012904817713631
27/02/2025,18,WT,2,0.00016014597221659197
27/02/2025,19,WT,2,0.00019628260216510157
27/02/2025,20,WT,2,0.00019930875794998612
27/02/2025,21,WT,2,0.00018161692815887441
27/02/2025,22,WT,2,0.00016106785536646836
27/02/2025,23,WT,2,0.00014146683531012874
27/02/2025,24,WT,2,0.00011411129105502241
28/02/2025,1,WT,2,8.909632232313212e-05
28/02/2025,2,WT,2,7.742600910485451e-05
28/02/2025,3,WT,2,7.40175705691107e-05
28/02/2025,4,WT,2,7.370911459302529e-05
28/02/2025,5,WT,2,7.731567677494701e-05
28/02/2025,6,WT,2,8.806774027980119e-05
28/02/2025,7,WT,2,0.00011378940957790802
28/02/2025,8,WT,2,0.00012107964793577284
28/02/2025,9,WT,2,0.00011271455913816425
28/02/2025,10,WT,2,0.00010789196858898278
28/02/2025,11,WT,2,0.00010699032804350235
28/02/2025,12,WT,2,0.00011657737705406467
28/02/2025,13,WT,2,0.00011979599652760203
28/02/2025,14,WT,2,0.00011719784811365183
28/02/2025,15,WT,2,0.00011333977567430663
28/02/2025,16,WT,2,0.0001161918070839579
28/02/2025,17,WT,2,0.00012870562875991524
28/02/2025,18,WT,2,0.0001597208771553033
28/02/2025,19,WT,2,0.000195761585222606
28/02/2025,20,WT,2,0.00019877970831168781
28/02/2025,21,WT,2,0.00018113484011046357
28/02/2025,22,WT,2,0.00016064031323786558
28/02/2025,23,WT,2,0.00014109132256888326
28/02/2025,24,WT,2,0.0001138083914841287
01/03/2025,1,SA,3,9.607678469792248e-05
01/03/2025,2,SA,3,8.306667023739326e-05
01/03/2025,3,SA,3,7.762764730404905e-05
01/03/2025,4,SA,3,7.570381626432365e-05
01/03/2025,5,SA,3,7.7015949488835e-05
01/03/2025,6,SA,3,7.959288922101332e-05
01/03/2025,7,SA,3,9.179371682350308e-05
01/03/2025,8,SA,3,0.0001188113563020576
01/03/2025,9,SA,3,0.00014307813036403057
01/03/2025,10,SA,3,0.00015476664625667955
01/03/2025,11,SA,3,0.0001621590794277769
01/03/2025,12,SA,3,0.0001737659567338693
01/03/2025,13,SA,3,0.00017006619064455726
01/03/2025,14,SA,3,0.00016137108959231742
01/03/2025,15,SA,3,0.00015638758630860067
01/03/2025,16,SA,3,0.00015436318599558092
01/03/2025,17,SA,3,0.0001569129128655737
01/03/2025,18,SA,3,0.00017037499747196705
01/03/2025,19,SA,3,0.00019200685657362729
01/03/2025,20,SA,3,0.00019657625108495546
01/03/2025,21,SA,3,0.0001780076137310498
01/03/2025,22,SA,3,0.00015933485760008653
01/03/2025,23,SA,3,0.00014528000586521686
01/03/2025,24,SA,3,0.00012083693978299846
02/03/2025,1,FT,3,9.955847763457393e-05
02/03/2025,2,FT,3,8.634450473876595e-05
02/03/2025,3,FT,3,8.06619890260941e-05
02/03/2025,4,FT,3,7.79941800505229e-05
02/03/2025,5,FT,3,7.742427658515323e-05
02/03/2025,6,FT,3,8.00094908555984e-05
02/03/2025,7,FT,3,8.845774926563369e-05
02/03/2025,8,FT,3,0.00011176243527912635
02/03/2025,9,FT,3,0.00014295963532959193
02/03/2025,10,FT,3,0.00016615458837770282
02/03/2025,11,FT,3,0.00018374136094775542
02/03/2025,12,FT,3,0.00020282899730238402
02/03/2025,13,FT,3,0.00019218253981163704
02/03/2025,14,FT,3,0.00017279284282111884
02/03/2025,15,FT,3,0.00015950453469069744
02/03/2025,16,FT,3,0.0001530928257241985
02/03/2025,17,FT,3,0.00015378308147418046
02/03/2025,18,FT,3,0.0001706383009416881
02/03/2025,19,FT,3,0.00019399844340005105
02/03/2025,20,FT,3,0.00019779543998713116
02/03/2025,21,FT,3,0.00018199153312344223
02/03/2025,22,FT,3,0.0001594313793804429
02/03/2025,23,FT,3,0.00013915201942328134
02/03/2025,24,FT,3,0.00010991349380866189
03/03/2025,1,WT,3,8.588764627767599e-05
03/03/2025,2,WT,3,7.539084253431146e-05
03/03/2025,3,WT,3,7.203388915690774e-05
03/03/2025,4,WT,3,7.205271539386477e-05
03/03/2025,5,WT,3,7.632038798406573e-05
03/03/2025,6,WT,3,8.803619057039915e-05
03/03/2025,7,WT,3,0.00011017819851150808
03/03/2025,8,WT,3,0.00011507537339996037
03/03/2025,9,WT,3,0.00010761194708630039
03/03/2025,10,WT,3,0.00010383610993660229
03/03/2025,11,WT,3,0.00010413732972791507
03/03/2025,12,WT,3,0.00011408464268009569
03/03/2025,13,WT,3,0.00011831230951676297
03/03/2025,14,WT,3,0.00011678856096305183
03/03/2025,15,WT,3,0.0001137810696091633
03/03/2025,16,WT,3,0.0001165061674086961
03/03/2025,17,WT,3,0.00012630404710503015
03/03/2025,18,WT,3,0.00014863078749628012
03/03/2025,19,WT,3,0.0001808413022899807
03/03/2025,20,WT,3,0.00019452326999851592
03/03/2025,21,WT,3,0.00017816091680322092
03/03/2025,22,WT,3,0.0001573991073590256
03/03/2025,23,WT,3,0.00013792571850657827
03/03/2025,24,WT,3,0.00010880505985345336
04/03/2025,1,WT,3,8.564500049751385e-05
04/03/2025,2,WT,3,7.517785183545501e-05
04/03/2025,3,WT,3,7.18303823664657e-05
04/03/2025,4,WT,3,7.184915541641448e-05
04/03/2025,5,WT,3,7.610477117667536e-05
04/03/2025,6,WT,3,8.778747482291678e-05
04/03/2025,7,WT,3,0.00010986692819390912
04/03/2025,8,WT,3,0.00011475026781183182
04/03/2025,9,WT,3,0.00010730792682276794
04/03/2025,10,WT,3,0.0001035427569924186
04/03/2025,11,WT,3,0.00010384312579159885
04/03/2025,12,WT,3,0.00011376233605827802
04/03/2025,13,WT,3,0.00011797805908739779
04/03/2025,14,WT,3,0.00011645861535716955
04/03/2025,15,WT,3,0.00011345962062785419
04/03/2025,16,WT,3,0.00011617701960793806
04/03/2025,17,WT,3,0.00012594721879064896
04/03/2025,18,WT,3,0.00014821088271426352
04/03/2025,19,WT,3,0.00018033039786098028
04/03/2025,20,WT,3,0.00019397371191124597
04/03/2025,21,WT,3,0.00017765758487452474
04/03/2025,22,WT,3,0.0001569544307279013
04/03/2025,23,WT,3,0.0001375360571871465
04/03/2025,24,WT,3,0.00010849766886327098
05/03/2025,1,WT,3,8.53995590272143e-05
05/03/2025,2,WT,3,7.496240712319779e-05
05/03/2025,3,WT,3,7.162453083330219e-05
05/03/2025,4,WT,3,7.164325008343828e-05
05/03/2025,5,WT,3,7.588667009866838e-05
05/03/2025,6,WT,3,8.75358934489982e-05
05/03/2025,7,WT,3,0.00010955207151533404
05/03/2025,8,WT,3,0.00011442141645699036
05/03/2025,9,WT,3,0.00010700040373115511
05/03/2025,10,WT,3,0.000103246024125731
05/03/2025,11,WT,3,0.00010354553212790875
05/03/2025,12,WT,3,0.00011343631591857745
05/03/2025,13,WT,3,0.00011763995752726832
05/03/2025,14,WT,3,0.00011612486821937668
05/03/2025,15,WT,3,0.00011313446801013266
05/03/2025,16,WT,3,0.00011584407946733499
05/03/2025,17,WT,3,0.0001255862792100483
05/03/2025,18,WT,3,0.00014778613991834472
05/03/2025,19,WT,3,0.00017981360694810047
05/03/2025,20,WT,3,0.00019341782198452055
05/03/2025,21,WT,3,0.0001771484537099714
05/03/2025,22,WT,3,0.00015650463066923934
05/03/2025,23,WT,3,0.00013714190630969748
05/03/2025,24,WT,3,0.0001081867362085313
06/03/2025,1,WT,3,8.515141888761882e-05
06/03/2025,2,WT,3,7.474459356092831e-05
06/03/2025,3,WT,3,7.14164159287068e-05
06/03/2025,4,WT,3,7.143508078749248e-05
06/03/2025,5,WT,3,7.566617096347125e-05
06/03/2025,6,WT,3,8.728154589653451e-05
06/03/2025,7,WT,3,0.00010923375293584201
06/03/2025,8,WT,3,0.0001140889493274669
06/03/2025,9,WT,3,0.00010668949937261906
06/03/2025,10,WT,3,0.00010294602863241618
06/03/2025,11,WT,3,0.00010324466637298705
06/03/2025,12,WT,3,0.00011310671113387055
06/03/2025,13,WT,3,0.0001172981384849297
06/03/2025,14,WT,3,0.00011578745147696379
06/03/2025,15,WT,3,0.00011280574028595145
06/03/2025,16,WT,3,0.0001155074785951786
06/03/2025,17,WT,3,0.00012522137103945075
06/03/2025,18,WT,3,0.0001473567270055927
06/03/2025,19,WT,3,0.00017929113383421648
06/03/2025,20,WT,3,0.00019285581995670924
06/03/2025,21,WT,3,0.00017663372456460532
06/03/2025,22,WT,3,0.00015604988498502302
06/03/2025,23,WT,3,0.00013674342167858562
06/03/2025,24,WT,3,0.0001078723847981615
07/03/2025,1,WT,3,8.490067640943015e-05
07/03/2025,2,WT,3,7.452449570624184e-05
07/03/2025,3,WT,3,7.120611844515047e-05
07/03/2025,4,WT,3,7.122472834216324e-05
07/03/2025,5,WT,3,7.544335937124789e-05
07/03/2025,6,WT,3,8.702453090601373e-05
07/03/2025,7,WT,3,0.00010891209603016989
07/03/2025,8,WT,3,0.00011375299549061933
07/03/2025,9,WT,3,0.00010637533444361524
07/03/2025,10,WT,3,0.00010264288697398955
07/03/2025,11,WT,3,0.00010294064532619403
07/03/2025,12,WT,3,0.0001127736496603218
07/03/2025,13,WT,3,0.00011695273465825425
07/03/2025,14,WT,3,0.00011544649611878233
07/03/2025,15,WT,3,0.0001124735650709907
07/03/2025,16,WT,3,0.00011516734766359064
07/03/2025,17,WT,3,0.00012485263594017948
07/03/2025,18,WT,3,0.00014692281067877358
07/03/2025,19,WT,3,0.00017876318134907724
07/03/2025,20,WT,3,0.00019228792400311536
07/03/2025,21,WT,3,0.00017611359726188268
07/03/2025,22,WT,3,0.000155590370212476
07/03/2025,23,WT,3,0.0001363407579898814
07/03/2025,24,WT,3,0.00010755473666680025
08/03/2025,1,SA,3,9.416698678820894e-05
08/03/2025,2,SA,3,8.141548515990524e-05
08/03/2025,3,SA,3,7.608457819507148e-05
08/03/2025,4,SA,3,7.419898874003128e-05
08/03/2025,5,SA,3,7.54850396045083e-05
08/03/2025,6,SA,3,7.801075536900859e-05
08/03/2025,7,SA,3,8.996905700515516e-05
08/03/2025,8,SA,3,0.00011644964446262291
08/03/2025,9,SA,3,0.0001402340477362232
08/03/2025,10,SA,3,0.00015169022130715924
08/03/2025,11,SA,3,0.00015893570895481667
08/03/2025,12,SA,3,0.00017031186673707017
08/03/2025,13,SA,3,0.00016668564396590737
08/03/2025,14,SA,3,0.00015816338264666371
08/03/2025,15,SA,3,0.00015327894058969613
08/03/2025,16,SA,3,0.00015129478096019197
08/03/2025,17,SA,3,0.00015379382479513147
08/03/2025,18,SA,3,0.00016698831238396735
08/03/2025,19,SA,3,0.00018819017708661162
08/03/2025,20,SA,3,0.0001926687419546099
08/03/2025,21,SA,3,0.00017446920880122697
08/03/2025,22,SA,3,0.00015616762652604613
08/03/2025,23,SA,3,0.00014239215473242848
08/03/2025,24,SA,3,0.0001184349637412384
09/03/2025,1,FT,3,9.755218327379493e-05
09/03/2025,2,FT,3,8.460449728729118e-05
09/03/2025,3,FT,3,7.903649517004835e-05
09/03/2025,4,FT,3,7.642244766442419e-05
09/03/2025,5,FT,3,7.586402884743328e-05
09/03/2025,6,FT,3,7.839714608972543e-05
09/03/2025,7,FT,3,8.667515588197175e-05
09/03/2025,8,FT,3,0.00010951020775441006
09/03/2025,9,FT,3,0.00014007872436153212
09/03/2025,10,FT,3,0.0001628062545984007
09/03/2025,11,FT,3,0.00018003861995502532
09/03/2025,12,FT,3,0.00019874160381105454
09/03/2025,13,FT,3,0.0001883096928675575
09/03/2025,14,FT,3,0.00016931073547705685
09/03/2025,15,FT,3,0.00015629021225355431
09/03/2025,16,FT,3,0.00015000771152575164
09/03/2025,17,FT,3,0.0001506840572978835
09/03/2025,18,FT,3,0.0001671996117507102
09/03/2025,19,FT,3,0.00019008900251424283
09/03/2025,20,FT,3,0.00019380948233427758
09/03/2025,21,FT,3,0.00017832405451900557
09/03/2025,22,FT,3,0.00015621853116317447
09/03/2025,23,FT,3,0.0001363478392219261
09/03/2025,24,FT,3,0.00010769852600239187
10/03/2025,1,WT,3,8.413378789824959e-05
10/03/2025,2,WT,3,7.385133287673705e-05
10/03/2025,3,WT,3,7.056292976314272e-05
10/03/2025,4,WT,3,7.0581371561186e-05
10/03/2025,5,WT,3,7.476189665512455e-05
10/03/2025,6,WT,3,8.623845809994018e-05
10/03/2025,7,WT,3,0.00010792831782360599
10/03/2025,8,WT,3,0.00011272549053961705
10/03/2025,9,WT,3,0.00010541447022782985
10/03/2025,10,WT,3,0.00010171573710777229
10/03/2025,11,WT,3,0.00010201080587646489
10/03/2025,12,WT,3,0.00011175499091758886
10/03/2025,13,WT,3,0.00011589632719068545
10/03/2025,14,WT,3,0.00011440369416155657
10/03/2025,15,WT,3,0.00011145761692414081
10/03/2025,16,WT,3,0.0001141270671909072
10/03/2025,17,WT,3,0.00012372487046006253
10/03/2025,18,WT,3,0.00014559569032702817
10/03/2025,19,WT,3,0.00017714845416672153
10/03/2025,20,WT,3,0.00019055103089468342
10/03/2025,21,WT,3,0.00017452280317030797
10/03/2025,22,WT,3,0.00015418495776569097
10/03/2025,23,WT,3,0.00013510922291466167
10/03/2025,24,WT,3,0.00010658321917882343
11/03/2025,1,WT,3,8.387358556993874e-05
11/03/2025,2,WT,3,7.362293131247342e-05
11/03/2025,3,WT,3,7.034469831207565e-05
11/03/2025,4,WT,3,7.03630830747838e-05
11/03/2025,5,WT,3,7.453067897118855e-05
11/03/2025,6,WT,3,8.597174661400686e-05
11/03/2025,7,WT,3,0.00010759452565413491
11/03/2025,8,WT,3,0.00011237686205359353
11/03/2025,9,WT,3,0.00010508845268747962
11/03/2025,10,WT,3,0.00010140115871682541
11/03/2025,11,WT,3,0.00010169531492015588
11/03/2025,12,WT,3,0.00011140936391607695
11/03/2025,13,WT,3,0.00011553789219172682
11/03/2025,14,WT,3,0.00011404987546003562
11/03/2025,15,WT,3,0.00011111290961740796
11/03/2025,16,WT,3,0.00011377410401941327
11/03/2025,17,WT,3,0.00012334222396133838
11/03/2025,18,WT,3,0.0001451454034855402
11/03/2025,19,WT,3,0.00017660058343152305
11/03/2025,20,WT,3,0.00018996170972967425
11/03/2025,21,WT,3,0.00017398305284094956
11/03/2025,22,WT,3,0.00015370810671686312
11/03/2025,23,WT,3,0.00013469136779061593
11/03/2025,24,WT,3,0.00010625358702410892
12/03/2025,1,WT,3,8.361125220446597e-05
12/03/2025,2,WT,3,7.339265915687241e-05
12/03/2025,3,WT,3,7.012467956212025e-05
12/03/2025,4,WT,3,7.014300682237823e-05
12/03/2025,5,WT,3,7.429756763211053e-05
12/03/2025,6,WT,3,8.570285078140863e-05
12/03/2025,7,WT,3,0.00010725799975233285
12/03/2025,8,WT,3,0.00011202537832694152
12/03/2025,9,WT,3,0.00010475976508841606
12/03/2025,10,WT,3,0.00010108400395292369
12/03/2025,11,WT,3,0.00010137724011705147
12/03/2025,12,WT,3,0.00011106090625586501
12/03/2025,13,WT,3,0.00011517652163754904
12/03/2025,14,WT,3,0.00011369315901041827
12/03/2025,15,WT,3,0.00011076537918420498
12/03/2025,16,WT,3,0.00011341825010654847
12/03/2025,17,WT,3,0.00012295644361706425
12/03/2025,18,WT,3,0.0001446914288292699
12/03/2025,19,WT,3,0.00017604822567691842
12/03/2025,20,WT,3,0.00018936756206941005
12/03/2025,21,WT,3,0.00017343888199768766
12/03/2025,22,WT,3,0.0001532273502944271
12/03/2025,23,WT,3,0.00013427009046507242
12/03/2025,24,WT,3,0.00010592125520726594
13/03/2025,1,WT,3,8.334687999170103e-05
13/03/2025,2,WT,3,7.316059733277065e-05
13/03/2025,3,WT,3,6.99029508328347e-05
13/03/2025,4,WT,3,6.992122014373513e-05
13/03/2025,5,WT,3,7.406264455848021e-05
13/03/2025,6,WT,3,8.543186509821452e-05
13/03/2025,7,WT,3,0.00010691885838100257
13/03/2025,8,WT,3,0.00011167116287898125
13/03/2025,9,WT,3,0.00010442852293888537
13/03/2025,10,WT,3,0.00010076438427141455
13/03/2025,11,WT,3,0.00010105669324582167
13/03/2025,12,WT,3,0.00011070974039284527
13/03/2025,13,WT,3,0.00011481234252192685
13/03/2025,14,WT,3,0.00011333367017092194
13/03/2025,15,WT,3,0.00011041514775457556
13/03/2025,16,WT,3,0.00011305963050741523
13/03/2025,17,WT,3,0.00012256766499916657
13/03/2025,18,WT,3,0.0001442339258951652
13/03/2025,19,WT,3,0.0001754915750138985
13/03/2025,20,WT,3,0.00018876879671079824
13/03/2025,21,WT,3,0.00017289048187444736
13/03/2025,22,WT,3,0.00015274285744704835
13/03/2025,23,WT,3,0.00013384553898439857
13/03/2025,24,WT,3,0.00010558634051720123
14/03/2025,1,WT,3,8.308056043137496e-05
14/03/2025,2,WT,3,7.292682615721134e-05
14/03/2025,3,WT,3,6.96795888649584e-05
14/03/2025,4,WT,3,6.969779979965032e-05
14/03/2025,5,WT,3,7.382599105762489e-05
14/03/2025,6,WT,3,8.515888335309029e-05
14/03/2025,7,WT,3,0.00010657721891762453
14/03/2025,8,WT,3,0.00011131433830436016
14/03/2025,9,WT,3,0.0001040948408824322
14/03/2025,10,WT,3,0.00010044241029328406
14/03/2025,11,WT,3,0.00010073378524835473
14/03/2025,12,WT,3,0.0001103559878661979
14/03/2025,13,WT,3,0.00011444548088795216
14/03/2025,14,WT,3,0.00011297153336132491
14/03/2025,15,WT,3,0.00011006233654429072
14/03/2025,16,WT,3,0.0001126983693409461
14/03/2025,17,WT,3,0.00012217602266467213
14/03/2025,18,WT,3,0.00014377305302587087
14/03/2025,19,WT,3,0.0001749308241003275
14/03/2025,20,WT,3,0.00018816562088768034
14/03/2025,21,WT,3,0.00017233804227356541
14/03/2025,22,WT,3,0.00015225479585863255
14/03/2025,23,WT,3,0.00013341786028667795
14/03/2025,24,WT,3,0.00010524895886853264
15/03/2025,1,SA,3,9.212557258129549e-05
15/03/2025,2,SA,3,7.965050643713918e-05
15/03/2025,3,SA,3,7.443516639851728e-05
15/03/2025,4,SA,3,7.259045399851742e-05
15/03/2025,5,SA,3,7.384862500196139e-05
15/03/2025,6,SA,3,7.631958663000542e-05
15/03/2025,7,SA,3,8.8018648295933e-05
15/03/2025,8,SA,3,0.00011392517206837844
15/03/2025,9,SA,3,0.00013719396132052882
15/03/2025,10,SA,3,0.0001484017803854725
15/03/2025,11,SA,3,0.0001554901955608716
15/03/2025,12,SA,3,0.00016661973347230973
15/03/2025,13,SA,3,0.00016307212235619684
15/03/2025,14,SA,3,0.00015473461225312262
15/03/2025,15,SA,3,0.0001499560583608721
15/03/2025,16,SA,3,0.00014801491265582922
15/03/2025,17,SA,3,0.00015045978056603808
15/03/2025,18,SA,3,0.00016336822932815252
15/03/2025,19,SA,3,0.00018411046598817524
15/03/2025,20,SA,3,0.00018849194156554262
15/03/2025,21,SA,3,0.00017068694992618385
15/03/2025,22,SA,3,0.00015278212145336873
15/03/2025,23,SA,3,0.00013930528344623588
15/03/2025,24,SA,3,0.00011586745228289237
16/03/2025,1,FT,3,9.541446712238466e-05
16/03/2025,2,FT,3,8.275051109996639e-05
16/03/2025,3,FT,3,7.730452376145703e-05
16/03/2025,4,FT,3,7.474775935689522e-05
16/03/2025,5,FT,3,7.420157748719007e-05
16/03/2025,6,FT,3,7.667918509904098e-05
16/03/2025,7,FT,3,8.477579418204078e-05
16/03/2025,8,FT,3,0.00010711044865108115
16/03/2025,9,FT,3,0.00013700910006930945
16/03/2025,10,FT,3,0.00015923858908517674
16/03/2025,11,FT,3,0.0001760933318759746
16/03/2025,12,FT,3,0.00019438646667146162
16/03/2025,13,FT,3,0.00018418315609102773
16/03/2025,14,FT,3,0.00016560053359648364
16/03/2025,15,FT,3,0.00015286533646062558
16/03/2025,16,FT,3,0.00014672050772361145
16/03/2025,17,FT,3,0.00014738203234840962
16/03/2025,18,FT,3,0.00016353567211805378
16/03/2025,19,FT,3,0.0001859234747193429
16/03/2025,20,FT,3,0.00018956242556139504
16/03/2025,21,FT,3,0.0001744163386818281
16/03/2025,22,FT,3,0.0001527952261585102
16/03/2025,23,FT,3,0.00013335997192533735
16/03/2025,24,FT,3,0.00010533846730568162
17/03/2025,1,WT,3,8.227082231025743e-05
17/03/2025,2,WT,3,7.221605060532539e-05
17/03/2025,3,WT,3,6.90004622548971e-05
17/03/2025,4,WT,3,6.901849569815221e-05
17/03/2025,5,WT,3,7.310645186604687e-05
17/03/2025,6,WT,3,8.432888902174783e-05
17/03/2025,7,WT,3,0.00010553847247017406
17/03/2025,8,WT,3,0.0001102294218969117
17/03/2025,9,WT,3,0.00010308028873646071
17/03/2025,10,WT,3,9.946345627360602e-05
17/03/2025,11,WT,3,9.975199136568788e-05
17/03/2025,12,WT,3,0.00010928041194561115
17/03/2025,13,WT,3,0.00011333004704658867
17/03/2025,14,WT,3,0.00011187046523312753
17/03/2025,15,WT,3,0.00010898962267312236
17/03/2025,16,WT,3,0.00011159996358430076
17/03/2025,17,WT,3,0.0001209852437083865
17/03/2025,18,WT,3,0.00014237178031875354
17/03/2025,19,WT,3,0.00017322587463805783
17/03/2025,20,WT,3,0.00018633167952371519
17/03/2025,21,WT,3,0.0001706583631546103
17/03/2025,22,WT,3,0.000150770856514825
17/03/2025,23,WT,3,0.00013211751364781177
17/03/2025,24,WT,3,0.00010422315820275384
18/03/2025,1,WT,3,8.19976145542203e-05
18/03/2025,2,WT,3,7.197623307850725e-05
18/03/2025,3,WT,3,6.877132316367602e-05
18/03/2025,4,WT,3,6.878929672085697e-05
18/03/2025,5,WT,3,7.286367746431751e-05
18/03/2025,6,WT,3,8.40488467674982e-05
18/03/2025,7,WT,3,0.00010518799670696335
18/03/2025,8,WT,3,0.00010986336826866243
18/03/2025,9,WT,3,0.0001027379761937327
18/03/2025,10,WT,3,9.9133154631625e-05
18/03/2025,11,WT,3,9.942073154652046e-05
18/03/2025,12,WT,3,0.00010891750982201405
18/03/2025,13,WT,3,0.00011295369675646498
18/03/2025,14,WT,3,0.00011149896197213045
18/03/2025,15,WT,3,0.00010862768621247094
18/03/2025,16,WT,3,0.00011122935861441594
18/03/2025,17,WT,3,0.00012058347177978561
18/03/2025,18,WT,3,0.000141898987249089
18/03/2025,19,WT,3,0.00017265062023840013
18/03/2025,20,WT,3,0.00018571290291966814
18/03/2025,21,WT,3,0.00017009163503475995
18/03/2025,22,WT,3,0.0001502701715061245
18/03/2025,23,WT,3,0.00013167877329706146
18/03/2025,24,WT,3,0.00010387705038007652
19/03/2025,1,WT,3,8.172290659719475e-05
19/03/2025,2,WT,3,7.173509869855134e-05
19/03/2025,3,WT,3,6.854092585527937e-05
19/03/2025,4,WT,3,6.855883919754798e-05
19/03/2025,5,WT,3,7.261956997306414e-05
19/03/2025,6,WT,3,8.376726678360016e-05
19/03/2025,7,WT,3,0.00010483559645927231
19/03/2025,8,WT,3,0.00010949530461689517
19/03/2025,9,WT,3,0.000102393783991282
19/03/2025,10,WT,3,9.88010392825334e-05
19/03/2025,11,WT,3,9.908765275883115e-05
19/03/2025,12,WT,3,0.00010855261498000944
19/03/2025,13,WT,3,0.00011257527990320475
19/03/2025,14,WT,3,0.00011112541876333891
19/03/2025,15,WT,3,0.00010826376233592804
19/03/2025,16,WT,3,0.00011085671862930973
19/03/2025,17,WT,3,0.00012017949369623087
19/03/2025,18,WT,3,0.00014142359804291373
19/03/2025,19,WT,3,0.00017207220708061828
19/03/2025,20,WT,3,0.0001850907285743326
19/03/2025,21,WT,3,0.00016952179497512455
19/03/2025,22,WT,3,0.00014976673720452013
19/03/2025,23,WT,3,0.0001312376237954238
19/03/2025,24,WT,3,0.00010352904205755535
20/03/2025,1,WT,3,8.144678579807882e-05
20/03/2025,2,WT,3,7.149272414774233e-05
20/03/2025,3,WT,3,6.830934359753385e-05
20/03/2025,4,WT,3,6.832719641520063e-05
20/03/2025,5,WT,3,7.237420702003983e-05
20/03/2025,6,WT,3,8.348423861430059e-05
20/03/2025,7,WT,3,0.00010448138379264742
20/03/2025,8,WT,3,0.0001091253479882197
20/03/2025,9,WT,3,0.00010204782158444385
20/03/2025,10,WT,3,9.846721584114943e-05
20/03/2025,11,WT,3,9.875286092381797e-05
20/03/2025,12,WT,3,0.00010818584345850516
20/03/2025,13,WT,3,0.00011219491682580244
20/03/2025,14,WT,3,0.00011074995439589708
20/03/2025,15,WT,3,0.00010789796677362828
20/03/2025,16,WT,3,0.0001104821621308953
20/03/2025,17,WT,3,0.00011977343792535244
20/03/2025,18,WT,3,0.00014094576387705453
20/03/2025,19,WT,3,0.0001714908191038185
20/03/2025,20,WT,3,0.0001844653543431541
20/03/2025,21,WT,3,0.00016894902418851008
20/03/2025,22,WT,3,0.0001492607137053594
20/03/2025,23,WT,3,0.00013079420543127921
20/03/2025,24,WT,3,0.00010317924390407631
21/03/2025,1,WT,3,8.116933882563183e-05
21/03/2025,2,WT,3,7.124918550257156e-05
21/03/2025,3,WT,3,6.807664907944735e-05
21/03/2025,4,WT,3,6.80944410818203e-05
21/03/2025,5,WT,3,7.212766561973528e-05
21/03/2025,6,WT,3,8.319985109644319e-05
21/03/2025,7,WT,3,0.00010412546988731283
21/03/2025,8,WT,3,0.00010875361450457284
21/03/2025,9,WT,3,0.00010170019756385192
21/03/2025,10,WT,3,9.813178908792993e-05
21/03/2025,11,WT,3,9.841646112589688e-05
21/03/2025,12,WT,3,0.00010781731037969711
21/03/2025,13,WT,3,0.00011181272691256957
21/03/2025,14,WT,3,0.00011037268672051008
21/03/2025,15,WT,3,0.0001075304143414335
21/03/2025,16,WT,3,0.00011010580668491603
21/03/2025,17,WT,3,0.00011936543191988105
21/03/2025,18,WT,3,0.00014046563473403513
21/03/2025,19,WT,3,0.00017090663879398073
21/03/2025,20,WT,3,0.0001838369765185122
21/03/2025,21,WT,3,0.00016837350245613397
21/03/2025,22,WT,3,0.0001487522598392302
21/03/2025,23,WT,3,0.0001303486573847242
21/03/2025,24,WT,3,0.00010282776571423679
22/03/2025,1,SA,3,8.998771935533172e-05
22/03/2025,2,SA,3,7.78021478612831e-05
22/03/2025,3,SA,3,7.270783427833101e-05
22/03/2025,4,SA,3,7.090593001775234e-05
22/03/2025,5,SA,3,7.213490407985675e-05
22/03/2025,6,SA,3,7.454852491598242e-05
22/03/2025,7,SA,3,8.59760997838097e-05
22/03/2025,8,SA,3,0.00011128144036825855
22/03/2025,9,SA,3,0.00013401025733287628
22/03/2025,10,SA,3,0.00014495798930720387
22/03/2025,11,SA,3,0.00015188191170578655
22/03/2025,12,SA,3,0.0001627531791081708
22/03/2025,13,SA,3,0.0001592878933622732
22/03/2025,14,SA,3,0.0001511438623592027
22/03/2025,15,SA,3,0.00014647619892405058
22/03/2025,16,SA,3,0.0001445800991762953
22/03/2025,17,SA,3,0.00014696823182177318
22/03/2025,18,SA,3,0.00015957712891701548
22/03/2025,19,SA,3,0.0001798380241176057
22/03/2025,20,SA,3,0.00018411782378203065
22/03/2025,21,SA,3,0.00016672601230262
22/03/2025,22,SA,3,0.0001492366807894266
22/03/2025,23,SA,3,0.00013607258441094324
22/03/2025,24,SA,3,0.00011317864829821591
23/03/2025,1,FT,3,9.318160780832586e-05
23/03/2025,2,FT,3,8.081400969692775e-05
23/03/2025,3,FT,3,7.549546763919994e-05
23/03/2025,4,FT,3,7.299853583012134e-05
23/03/2025,5,FT,3,7.246513553654112e-05
23/03/2025,6,FT,3,7.488476295524576e-05
23/03/2025,7,FT,3,8.279189774206695e-05
23/03/2025,8,FT,3,0.000104603883660294
23/03/2025,9,FT,3,0.00013380285625296898
23/03/2025,10,FT,3,0.00015551213776684205
23/03/2025,11,FT,3,0.000171972451174324
23/03/2025,12,FT,3,0.0001898374957897439
23/03/2025,13,FT,3,0.0001798729598705417
23/03/2025,14,FT,3,0.00016172520205603986
23/03/2025,15,FT,3,0.0001492880299933052
23/03/2025,16,FT,3,0.00014328700060341882
23/03/2025,17,FT,3,0.00014393304443725824
23/03/2025,18,FT,3,0.0001597086618157137
23/03/2025,19,FT,3,0.00018157255211033468
23/03/2025,20,FT,3,0.00018512634537066856
23/03/2025,21,FT,3,0.0001703347024468301
23/03/2025,22,FT,3,0.00014921956039040253
23/03/2025,23,FT,3,0.0001302391238567299
23/03/2025,24,FT,3,0.00010287336966435145
24/03/2025,1,WT,3,8.032989720381491e-05
24/03/2025,2,WT,3,7.051233667890554e-05
24/03/2025,3,WT,3,6.737261017093937e-05
24/03/2025,4,WT,3,6.739021817098405e-05
24/03/2025,5,WT,3,7.13817316811114e-05
24/03/2025,6,WT,3,8.23394102089135e-05
24/03/2025,7,WT,3,0.0001030486192614574
24/03/2025,8,WT,3,0.00010762890027307855
24/03/2025,9,WT,3,0.00010064842875536756
24/03/2025,10,WT,3,9.711692424640736e-05
24/03/2025,11,WT,3,9.739865224712212e-05
24/03/2025,12,WT,3,0.00010670227927072757
24/03/2025,13,WT,3,0.00011065637578075998
24/03/2025,14,WT,3,0.00010923122827714405
24/03/2025,15,WT,3,0.00010641835027000716
24/03/2025,16,WT,3,0.00010896710827647392
24/03/2025,17,WT,3,0.00011813097179972471
24/03/2025,18,WT,3,0.00013901295935270697
24/03/2025,19,WT,3,0.00016913914692914383
24/03/2025,20,WT,3,0.00018193576096161174
24/03/2025,21,WT,3,0.00016663220792278318
24/03/2025,22,WT,3,0.00014721388537351454
24/03/2025,23,WT,3,0.00012900061032730336
24/03/2025,24,WT,3,0.00010176433575819887
25/03/2025,1,WT,3,8.004799842286007e-05
25/03/2025,2,WT,3,7.026489030533895e-05
25/03/2025,3,WT,3,6.713618192519239e-05
25/03/2025,4,WT,3,6.715372813412416e-05
25/03/2025,5,WT,3,7.113123437134519e-05
25/03/2025,6,WT,3,8.205045951719853e-05
25/03/2025,7,WT,3,0.00010268699449707879
25/03/2025,8,WT,3,0.00010725120209545595
25/03/2025,9,WT,3,0.00010029522689206663
25/03/2025,10,WT,3,9.677611536318811e-05
25/03/2025,11,WT,3,9.705685470609645e-05
25/03/2025,12,WT,3,0.00010632783285042145
25/03/2025,13,WT,3,0.00011026805339366252
25/03/2025,14,WT,3,0.00010884790710824722
25/03/2025,15,WT,3,0.00010604490023139666
25/03/2025,16,WT,3,0.00010858471397427064
25/03/2025,17,WT,3,0.0001177164190851997
25/03/2025,18,WT,3,0.00013852512624022297
25/03/2025,19,WT,3,0.00016854559308442652
25/03/2025,20,WT,3,0.0001812973004255918
25/03/2025,21,WT,3,0.0001660474515877655
25/03/2025,22,WT,3,0.00014669727305019578
25/03/2025,23,WT,3,0.00012854791318639414
25/03/2025,24,WT,3,0.00010140721788311769
26/03/2025,1,WT,3,7.976519646028828e-05
26/03/2025,2,WT,3,7.001665113297053e-05
26/03/2025,3,WT,3,6.689899618186219e-05
26/03/2025,4,WT,3,6.691648040170718e-05
26/03/2025,5,WT,3,7.087993448781651e-05
26/03/2025,6,WT,3,8.176058305009685e-05
26/03/2025,7,WT,3,0.00010232421111527624
26/03/2025,8,WT,3,0.00010687229380245214
26/03/2025,9,WT,3,9.994089339765715e-05
26/03/2025,10,WT,3,9.643421455499795e-05
26/03/2025,11,WT,3,9.671396207251766e-05
26/03/2025,12,WT,3,0.00010595218673310999
26/03/2025,13,WT,3,0.00010987848685204875
26/03/2025,14,WT,3,0.00010846335780834553
26/03/2025,15,WT,3,0.00010567025368810967
26/03/2025,16,WT,3,0.0001082010945106708
26/03/2025,17,WT,3,0.0001173005381762436
26/03/2025,18,WT,3,0.00013803573014865188
26/03/2025,19,WT,3,0.00016795013753967563
26/03/2025,20,WT,3,0.00018065679431201635
26/03/2025,21,WT,3,0.0001654608217392464
26/03/2025,22,WT,3,0.00014617900554145222
26/03/2025,23,WT,3,0.00012809376563929903
26/03/2025,24,WT,3,0.00010104895583033288
27/03/2025,1,WT,3,7.948157384402596e-05
27/03/2025,2,WT,3,6.97676916035328e-05
27/03/2025,3,WT,3,6.666112215704398e-05
27/03/2025,4,WT,3,6.667854420791808e-05
27/03/2025,5,WT,3,7.062790536544177e-05
27/03/2025,6,WT,3,8.146986540003317e-05
27/03/2025,7,WT,3,0.00010196037498433985
27/03/2025,8,WT,3,0.00010649228596796638
27/03/2025,9,WT,3,9.958553167456339e-05
27/03/2025,10,WT,3,9.609132159612575e-05
27/03/2025,11,WT,3,9.637007441011141e-05
27/03/2025,12,WT,3,0.00010557545054071662
27/03/2025,13,WT,3,0.00010948778984013278
27/03/2025,14,WT,3,0.00010807769259750992
27/03/2025,15,WT,3,0.00010529451997037166
27/03/2025,16,WT,3,0.00010781636183439835
27/03/2025,17,WT,3,0.00011688345043619035
27/03/2025,18,WT,3,0.00013754491389469917
27/03/2025,19,WT,3,0.00016735295406211306
27/03/2025,20,WT,3,0.0001800144295348689
27/03/2025,21,WT,3,0.00016487248956891236
27/03/2025,22,WT,3,0.00014565923408931358
27/03/2025,23,WT,3,0.00012763830021641123
27/03/2025,24,WT,3,0.00010068965414870981
28/03/2025,1,WT,3,7.91972124118606e-05
28/03/2025,2,WT,3,6.951808355296523e-05
28/03/2025,3,WT,3,6.642262848801419e-05
28/03/2025,4,WT,3,6.643998820797184e-05
28/03/2025,5,WT,3,7.037521972587492e-05
28/03/2025,6,WT,3,8.117839045202911e-05
28/03/2025,7,WT,3,0.00010159559108723735
28/03/2025,8,WT,3,0.00010611128824122485
28/03/2025,9,WT,3,9.922924426050822e-05
28/03/2025,10,WT,3,9.57475354264991e-05
28/03/2025,11,WT,3,9.602529094582172e-05
28/03/2025,12,WT,3,0.00010519773297845277
28/03/2025,13,WT,3,0.0001090960750914458
28/03/2025,14,WT,3,0.00010769102275737236
28/03/2025,15,WT,3,0.00010491780749413544
28/03/2025,16,WT,3,0.0001074306269580074
28/03/2025,17,WT,3,0.00011646527621347445
28/03/2025,18,WT,3,0.0001370528191007673
28/03/2025,19,WT,3,0.00016675421496583408
28/03/2025,20,WT,3,0.00017937039144506686
28/03/2025,21,WT,3,0.00016428262483686164
28/03/2025,22,WT,3,0.0001451381086710496
28/03/2025,23,WT,3,0.00012718164833984026
28/03/2025,24,WT,3,0.0001003294165128252
29/03/2025,1,SA,3,8.778676101417853e-05
29/03/2025,2,SA,3,7.589922946839935e-05
29/03/2025,3,SA,3,7.092951479797858e-05
29/03/2025,4,SA,3,6.917168228675293e-05
29/03/2025,5,SA,3,7.03705975726996e-05
29/03/2025,6,SA,3,7.272518503238555e-05
29/03/2025,7,SA,3,8.387325935942038e-05
29/03/2025,8,SA,3,0.00010855967104074706
29/03/2025,9,SA,3,0.00013073257682502594
29/03/2025,10,SA,3,0.0001414125444624171
29/03/2025,11,SA,3,0.000148167118589193
29/03/2025,12,SA,3,0.0001587724918580266
29/03/2025,13,SA,3,0.00015539196156122304
29/03/2025,14,SA,3,0.00014744712077094193
29/03/2025,15,SA,3,0.00014289362105551615
29/03/2025,16,SA,3,0.00014104389693085008
29/03/2025,17,SA,3,0.00014337361960101687
29/03/2025,18,SA,3,0.00015567412286837548
29/03/2025,19,SA,3,0.00017543946838051452
29/03/2025,20,SA,3,0.0001796145908641267
29/03/2025,21,SA,3,0.00016264815578960338
29/03/2025,22,SA,3,0.000145586585868224
29/03/2025,23,SA,3,0.00013274446262046932
29/03/2025,24,SA,3,0.00011041047624321829
30/03/2025,1,FT,3,9.088796853292584e-05
30/03/2025,2,FT,3,7.882479539806404e-05
30/03/2025,3,FT,3,7.363716776903511e-05
30/03/2025,4,FT,3,7.120169723970906e-05
30/03/2025,5,FT,3,7.068142644551869e-05
30/03/2025,6,FT,3,7.304149541046933e-05
30/03/2025,7,FT,3,8.075399828086942e-05
30/03/2025,8,FT,3,0.00010202908825199684
30/03/2025,9,FT,3,0.0001305093362817983
30/03/2025,10,FT,3,0.00015168424988882694
30/03/2025,11,FT,3,0.0001677393972747646
30/03/2025,12,FT,3,0.00018516469880192413
30/03/2025,13,FT,3,0.00017544543715393256
30/03/2025,14,FT,3,0.00015774438133419995
30/03/2025,15,FT,3,0.00014561334679140031
30/03/2025,16,FT,3,0.000139760031065457
30/03/2025,17,FT,3,0.0001403901727105944
30/03/2025,18,FT,3,0.0001557774776692069
30/03/2025,19,FT,3,0.00017710319440498643
30/03/2025,20,FT,3,0.00018056951203584496
30/03/2025,21,FT,3,0.00016614196127521106
30/03/2025,22,FT,3,0.00014554656254866776
30/03/2025,23,FT,3,0.00012703332416409146
30/03/2025,24,FT,3,0.0001003411703751928
31/03/2025,1,WT,3,7.834050324574015e-05
31/03/2025,2,WT,3,6.87660775469807e-05
31/03/2025,3,WT,3,6.570410730613766e-05
31/03/2025,4,WT,3,6.572127923878872e-05
31/03/2025,5,WT,3,6.961394172162703e-05
31/03/2025,6,WT,3,8.030025005954298e-05
31/03/2025,7,WT,3,0.00010049658934877683
31/03/2025,8,WT,3,0.00010496343832963513
31/03/2025,9,WT,3,9.815584027927853e-05
31/03/2025,10,WT,3,9.471179453694933e-05
31/03/2025,11,WT,3,9.498654545936633e-05
31/03/2025,12,WT,3,0.00010405976537387283
31/03/2025,13,WT,3,0.00010791593749982763
31/03/2025,14,WT,3,0.00010652608420088204
31/03/2025,15,WT,3,0.00010378286795987441
31/03/2025,16,WT,3,0.00010626850521111607
31/03/2025,17,WT,3,0.00011520542291020477
31/03/2025,18,WT,3,0.0001355702617885772
31/03/2025,19,WT,3,0.0001649503653087588
31/03/2025,20,WT,3,0.00017743006736292038
31/03/2025,21,WT,3,0.00016250551139756342
31/03/2025,22,WT,3,0.00014356808942081077
31/03/2025,23,WT,3,0.00012580587158486534
31/03/2025,24,WT,3,9.924411151103977e-05
01/04/2025,1,WT,4,8.418012909743638e-05
01/04/2025,2,WT,4,7.211498426547654e-05
01/04/2025,3,WT,4,6.792110869772446e-05
01/04/2025,4,WT,4,6.807402154988881e-05
01/04/2025,5,WT,4,7.304315458490763e-05
01/04/2025,6,WT,4,8.686840119772417e-05
01/04/2025,7,WT,4,0.0001077511640642795
01/04/2025,8,WT,4,0.00011390831233534436
01/04/2025,9,WT,4,0.00010722826626911611
01/04/2025,10,WT,4,0.00010433147664314971
01/04/2025,11,WT,4,0.00010383851982603247
01/04/2025,12,WT,4,0.00011207763539195032
01/04/2025,13,WT,4,0.00011659444579434312
01/04/2025,14,WT,4,0.00011363028896777284
01/04/2025,15,WT,4,0.00010868147302499961
01/04/2025,16,WT,4,0.00011012184793314907
01/04/2025,17,WT,4,0.00011870742338788673
01/04/2025,18,WT,4,0.00013830700148103502
01/04/2025,19,WT,4,0.00016101616400840643
01/04/2025,20,WT,4,0.0001721991193086489
01/04/2025,21,WT,4,0.00017588399824961613
01/04/2025,22,WT,4,0.0001649715810724337
01/04/2025,23,WT,4,0.00014089689608202824
01/04/2025,24,WT,4,0.00010971550608823682
02/04/2025,1,WT,4,8.387076315165075e-05
02/04/2025,2,WT,4,7.184995829614377e-05
02/04/2025,3,WT,4,6.767149541895697e-05
02/04/2025,4,WT,4,6.782384630917567e-05
02/04/2025,5,WT,4,7.277471754586279e-05
02/04/2025,6,WT,4,8.654915572514576e-05
02/04/2025,7,WT,4,0.00010735517345298372
02/04/2025,8,WT,4,0.00011348969391367763
02/04/2025,9,WT,4,0.00010683419733188626
02/04/2025,10,WT,4,0.00010394805354445664
02/04/2025,11,WT,4,0.00010345690836689846
02/04/2025,12,WT,4,0.00011166574479441609
02/04/2025,13,WT,4,0.00011616595570549126
02/04/2025,14,WT,4,0.00011321269229509817
02/04/2025,15,WT,4,0.00010828206348438415
02/04/2025,16,WT,4,0.0001097171449467938
02/04/2025,17,WT,4,0.00011827116800669503
02/04/2025,18,WT,4,0.0001377987167257048
02/04/2025,19,WT,4,0.00016042442200944155
02/04/2025,20,WT,4,0.0001715662794213791
02/04/2025,21,WT,4,0.00017523761625839733
02/04/2025,22,WT,4,0.0001643653027291544
02/04/2025,23,WT,4,0.0001403790933418563
02/04/2025,24,WT,4,0.00010931229642733155
03/04/2025,1,WT,4,8.356111433832548e-05
03/04/2025,2,WT,4,7.1584690001355e-05
03/04/2025,3,WT,4,6.742165390726672e-05
03/04/2025,4,WT,4,6.757344232171204e-05
03/04/2025,5,WT,4,7.250603506246376e-05
03/04/2025,6,WT,4,8.622961835172115e-05
03/04/2025,7,WT,4,0.00010695882076922503
03/04/2025,8,WT,4,0.00011307069272989828
03/04/2025,9,WT,4,0.00010643976807926859
03/04/2025,10,WT,4,0.00010356427986435653
03/04/2025,11,WT,4,0.00010307494798282296
03/04/2025,12,WT,4,0.0001112534775863289
03/04/2025,13,WT,4,0.00011573707382840662
03/04/2025,14,WT,4,0.0001127947137945431
03/04/2025,15,WT,4,0.00010788228874522115
03/04/2025,16,WT,4,0.00010931207192184969
03/04/2025,17,WT,4,0.0001178345137371059
03/04/2025,18,WT,4,0.0001372899672222013
03/04/2025,19,WT,4,0.00015983213895349993
03/04/2025,20,WT,4,0.00017093286089943954
03/04/2025,21,WT,4,0.00017459064325033916
03/04/2025,22,WT,4,0.00016375847003764895
03/04/2025,23,WT,4,0.000139860817150779
03/04/2025,24,WT,4,0.00010890871809325366
04/04/2025,1,WT,4,8.325126570822592e-05
04/04/2025,2,WT,4,7.131925052859716e-05
04/04/2025,3,WT,4,6.717165117253019e-05
04/04/2025,4,WT,4,6.732287674823581e-05
04/04/2025,5,WT,4,7.223717919791538e-05
04/04/2025,6,WT,4,8.590987478042181e-05
04/04/2025,7,WT,4,0.0001065622123185739
04/04/2025,8,WT,4,0.00011265142116412048
04/04/2025,9,WT,4,0.00010604508430095102
04/04/2025,10,WT,4,0.00010318025853461105
04/04/2025,11,WT,4,0.00010269274111922426
04/04/2025,12,WT,4,0.00011084094434168635
04/04/2025,13,WT,4,0.00011530791519329953
04/04/2025,14,WT,4,0.00011237646557192838
04/04/2025,15,WT,4,0.00010748225603090898
04/04/2025,16,WT,4,0.00010890673750276576
04/04/2025,17,WT,4,0.00011739757769395948
04/04/2025,18,WT,4,0.00013678088942199417
04/04/2025,19,WT,4,0.00015923947369654668
04/04/2025,20,WT,4,0.00017029903363171965
04/04/2025,21,WT,4,0.00017394325274977342
04/04/2025,22,WT,4,0.0001631512457562335
04/04/2025,23,WT,4,0.0001393422065154144
04/04/2025,24,WT,4,0.00010850487932956193
05/04/2025,1,SA,4,9.302515280210902e-05
05/04/2025,2,SA,4,7.86194976696738e-05
05/04/2025,3,SA,4,7.245076287844959e-05
05/04/2025,4,SA,4,7.082824339450677e-05
05/04/2025,5,SA,4,7.240756593114983e-05
05/04/2025,6,SA,4,7.648915065893847e-05
05/04/2025,7,SA,4,8.857376006207108e-05
05/04/2025,8,SA,4,0.00011601646460639495
05/04/2025,9,SA,4,0.0001404259005830102
05/04/2025,10,SA,4,0.0001515591235614672
05/04/2025,11,SA,4,0.00015738122919021268
05/04/2025,12,SA,4,0.00016702152352662624
05/04/2025,13,SA,4,0.00016385866411701818
05/04/2025,14,SA,4,0.0001540540106640494
05/04/2025,15,SA,4,0.0001474438241431031
05/04/2025,16,SA,4,0.00014411976636918128
05/04/2025,17,SA,4,0.00014451169964712078
05/04/2025,18,SA,4,0.0001542046731875584
05/04/2025,19,SA,4,0.00016626715732500084
05/04/2025,20,SA,4,0.00016794024884480684
05/04/2025,21,SA,4,0.0001693773375305848
05/04/2025,22,SA,4,0.00016159240475990065
05/04/2025,23,SA,4,0.00014377735154302452
05/04/2025,24,SA,4,0.00011852610188610393
06/04/2025,1,FT,4,9.66566699487551e-05
06/04/2025,2,FT,4,8.195637497528148e-05
06/04/2025,3,FT,4,7.520505064330134e-05
06/04/2025,4,FT,4,7.257148833780721e-05
06/04/2025,5,FT,4,7.350882239073917e-05
06/04/2025,6,FT,4,7.747543536501666e-05
06/04/2025,7,FT,4,8.573510128049426e-05
06/04/2025,8,FT,4,0.00011033355988123351
06/04/2025,9,FT,4,0.00014276027981093857
06/04/2025,10,FT,4,0.00016526049566608888
06/04/2025,11,FT,4,0.0001798159394645293
06/04/2025,12,FT,4,0.00019566034879152564
06/04/2025,13,FT,4,0.0001844375316650437
06/04/2025,14,FT,4,0.00016254086237253157
06/04/2025,15,FT,4,0.00014804419876106114
06/04/2025,16,FT,4,0.00013964492990152982
06/04/2025,17,FT,4,0.0001382898366626327
06/04/2025,18,FT,4,0.00015192684003966723
06/04/2025,19,FT,4,0.0001675077881714946
06/04/2025,20,FT,4,0.00017139987626586375
06/04/2025,21,FT,4,0.00017193939441055244
06/04/2025,22,FT,4,0.00016063995311177038
06/04/2025,23,FT,4,0.0001373577508406802
06/04/2025,24,FT,4,0.00010792777080024808
07/04/2025,1,WT,4,8.232134026036005e-05
07/04/2025,2,WT,4,7.052260695297029e-05
07/04/2025,3,WT,4,6.642133672062227e-05
07/04/2025,4,WT,4,6.657087309064416e-05
07/04/2025,5,WT,4,7.14302822619142e-05
07/04/2025,6,WT,4,8.495025238787733e-05
07/04/2025,7,WT,4,0.00010537190113023435
07/04/2025,8,WT,4,0.0001113930928685974
07/04/2025,9,WT,4,0.00010486054948729243
07/04/2025,10,WT,4,0.00010202772412792711
07/04/2025,11,WT,4,0.00010154565233366082
07/04/2025,12,WT,4,0.0001096028392638601
07/04/2025,13,WT,4,0.00011401991357835215
07/04/2025,14,WT,4,0.00011112120855946673
07/04/2025,15,WT,4,0.00010628166785694082
07/04/2025,16,WT,4,0.00010769023772001396
07/04/2025,17,WT,4,0.00011608623432774522
07/04/2025,18,WT,4,0.00013525303241257612
07/04/2025,19,WT,4,0.00015746075192414534
07/04/2025,20,WT,4,0.0001683967754044858
07/04/2025,21,WT,4,0.00017200028820934846
07/04/2025,22,WT,4,0.00016132882907596974
07/04/2025,23,WT,4,0.00013778573932301635
07/04/2025,24,WT,4,0.00010729286834513062
08/04/2025,1,WT,4,8.201150798471695e-05
08/04/2025,2,WT,4,7.025718149066106e-05
08/04/2025,3,WT,4,6.617134718155114e-05
08/04/2025,4,WT,4,6.632032074254114e-05
08/04/2025,5,WT,4,7.11614405881387e-05
08/04/2025,6,WT,4,8.46305256933101e-05
08/04/2025,7,WT,4,0.00010497531361340382
08/04/2025,8,WT,4,0.00011097384343284665
08/04/2025,9,WT,4,0.00010446588654120729
08/04/2025,10,WT,4,0.0001016437230676278
08/04/2025,11,WT,4,0.00010116346564373702
08/04/2025,12,WT,4,0.00010919032779358197
08/04/2025,13,WT,4,0.00011359077759513227
08/04/2025,14,WT,4,0.00011070298241286487
08/04/2025,15,WT,4,0.000105881656257189
08/04/2025,16,WT,4,0.00010728492469532545
08/04/2025,17,WT,4,0.00011564932134699387
08/04/2025,18,WT,4,0.00013474398148255625
08/04/2025,19,WT,4,0.00015686811794929958
08/04/2025,20,WT,4,0.00016776298159149015
08/04/2025,21,WT,4,0.00017135293187940263
08/04/2025,22,WT,4,0.00016072163684511745
08/04/2025,23,WT,4,0.00013726715606100193
08/04/2025,24,WT,4,0.00010688905089689053
09/04/2025,1,WT,4,8.170187998155141e-05
09/04/2025,2,WT,4,6.999193102340902e-05
09/04/2025,3,WT,4,6.592152246063006e-05
09/04/2025,4,WT,4,6.606993358364829e-05
09/04/2025,5,WT,4,7.089277616172926e-05
09/04/2025,6,WT,4,8.431100979461264e-05
09/04/2025,7,WT,4,0.00010457898756679763
09/04/2025,8,WT,4,0.00011055487040832774
09/04/2025,9,WT,4,0.00010407148379647664
09/04/2025,10,WT,4,0.00010125997517929967
09/04/2025,11,WT,4,0.00010078153092956966
09/04/2025,12,WT,4,0.00010877808829219375
09/04/2025,13,WT,4,0.00011316192454134674
09/04/2025,14,WT,4,0.00011028503200284005
09/04/2025,15,WT,4,0.00010548190838516012
09/04/2025,16,WT,4,0.00010687987889359032
09/04/2025,17,WT,4,0.00011521269642305279
09/04/2025,18,WT,4,0.00013423526616991021
09/04/2025,19,WT,4,0.0001562758746981448
09/04/2025,20,WT,4,0.00016712960563887444
09/04/2025,21,WT,4,0.00017070600235160677
09/04/2025,22,WT,4,0.000160114844936217
09/04/2025,23,WT,4,0.00013674891470102967
09/04/2025,24,WT,4,0.00010648549968556988
10/04/2025,1,WT,4,8.139253483579892e-05
10/04/2025,2,WT,4,6.972692287293777e-05
10/04/2025,3,WT,4,6.567192596446117e-05
10/04/2025,4,WT,4,6.581977516331689e-05
10/04/2025,5,WT,4,7.062435717088719e-05
10/04/2025,6,WT,4,8.399178578631146e-05
10/04/2025,7,WT,4,0.00010418302357969228
10/04/2025,8,WT,4,0.0001101362801322186
10/04/2025,9,WT,4,0.00010367744135423458
10/04/2025,10,WT,4,0.00010087657785982787
10/04/2025,11,WT,4,0.00010039994512785242
10/04/2025,12,WT,4,0.00010836622538787594
10/04/2025,13,WT,4,0.00011273346326176812
10/04/2025,14,WT,4,0.00010986746340702637
10/04/2025,15,WT,4,0.00010508252569860472
10/04/2025,16,WT,4,0.00010647520311719677
10/04/2025,17,WT,4,0.00011477647037322904
10/04/2025,18,WT,4,0.00013372701558879955
10/04/2025,19,WT,4,0.000155684172484597
10/04/2025,20,WT,4,0.0001664968083002136
10/04/2025,21,WT,4,0.00017005966381949212
10/04/2025,22,WT,4,0.0001595086073556972
10/04/2025,23,WT,4,0.0001362311467750133
10/04/2025,24,WT,4,0.00010608231713422351
11/04/2025,1,WT,4,8.108355038808986e-05
11/04/2025,2,WT,4,6.946222372334365e-05
11/04/2025,3,WT,4,6.542262049910053e-05
11/04/2025,4,WT,4,6.556990842900029e-05
11/04/2025,5,WT,4,7.035625115797978e-05
11/04/2025,6,WT,4,8.367293399485863e-05
11/04/2025,7,WT,4,0.00010378752128864836
11/04/2025,8,WT,4,0.0001097181779345412
11/04/2025,9,WT,4,0.00010328385836752267
11/04/2025,10,WT,4,0.0001004936275836179
11/04/2025,11,WT,4,0.00010001880425715792
11/04/2025,12,WT,4,0.00010795484271783948
11/04/2025,13,WT,4,0.0001123055015702624
11/04/2025,14,WT,4,0.00010945038169835987
11/04/2025,15,WT,4,0.00010468360869433205
11/04/2025,16,WT,4,0.00010607099919485616
11/04/2025,17,WT,4,0.00011434075296524057
11/04/2025,18,WT,4,0.00013321935763050107
11/04/2025,19,WT,4,0.0001550931601988974
11/04/2025,20,WT,4,0.00016586474880652975
11/04/2025,21,WT,4,0.00016941407892145623
11/04/2025,22,WT,4,0.00015890307665133882
11/04/2025,23,WT,4,0.00013571398256908253
11/04/2025,24,WT,4,0.0001056796046958219
12/04/2025,1,SA,4,9.059548263856804e-05
12/04/2025,2,SA,4,7.656608048080942e-05
12/04/2025,3,SA,4,7.05584633058166e-05
12/04/2025,4,SA,4,6.89783214698663e-05
12/04/2025,5,SA,4,7.051639459459974e-05
12/04/2025,6,SA,4,7.449137477152926e-05
12/04/2025,7,SA,4,8.626035325097714e-05
12/04/2025,8,SA,4,0.0001129862976672091
12/04/2025,9,SA,4,0.00013675819770311582
12/04/2025,10,SA,4,0.00014760063846966557
12/04/2025,11,SA,4,0.0001532706798887963
12/04/2025,12,SA,4,0.00016265918495304637
12/04/2025,13,SA,4,0.00015957893443907056
12/04/2025,14,SA,4,0.00015003036305897096
12/04/2025,15,SA,4,0.00014359282417666436
12/04/2025,16,SA,4,0.0001403555855452208
12/04/2025,17,SA,4,0.00014073728214455424
12/04/2025,18,SA,4,0.00015017709051516633
12/04/2025,19,SA,4,0.0001619245216059422
12/04/2025,20,SA,4,0.00016355391461600005
12/04/2025,21,SA,4,0.00016495346881355597
12/04/2025,22,SA,4,0.00015737186619937637
12/04/2025,23,SA,4,0.00014002211405386762
12/04/2025,24,SA,4,0.00011543038718229583
13/04/2025,1,FT,4,9.412498311182082e-05
13/04/2025,2,FT,4,7.980972668046879e-05
13/04/2025,3,FT,4,7.32352369006433e-05
13/04/2025,4,FT,4,7.067065436681522e-05
13/04/2025,5,FT,4,7.158343722959259e-05
13/04/2025,6,FT,4,7.544615440589247e-05
13/04/2025,7,FT,4,8.348947842290844e-05
13/04/2025,8,FT,4,0.00010744364011292875
13/04/2025,9,FT,4,0.00013902102082936985
13/04/2025,10,FT,4,0.00016093189814907435
13/04/2025,11,FT,4,0.00017510609743029955
13/04/2025,12,FT,4,0.00019053550091700138
13/04/2025,13,FT,4,0.0001796066382419556
13/04/2025,14,FT,4,0.00015828349904777964
13/04/2025,15,FT,4,0.00014416654034921466
13/04/2025,16,FT,4,0.00013598726994838074
13/04/2025,17,FT,4,0.00013466767008741136
13/04/2025,18,FT,4,0.00014794748526457136
13/04/2025,19,FT,4,0.00016312032828256424
13/04/2025,20,FT,4,0.00016691047257727705
13/04/2025,21,FT,4,0.00016743585935383648
13/04/2025,22,FT,4,0.00015643237949068011
13/04/2025,23,FT,4,0.00013375999799094296
13/04/2025,24,FT,4,0.00010510086483690885
14/04/2025,1,WT,4,8.01595284749531e-05
14/04/2025,2,WT,4,6.867063755637916e-05
14/04/2025,3,WT,4,6.467706934024454e-05
14/04/2025,4,WT,4,6.482267878820659e-05
14/04/2025,5,WT,4,6.955447672303008e-05
14/04/2025,6,WT,4,8.271940366499958e-05
14/04/2025,7,WT,4,0.00010260476666675717
14/04/2025,8,WT,4,0.00010846783800497824
14/04/2025,9,WT,4,0.00010210684344960015
14/04/2025,10,WT,4,9.934840992142352e-05
14/04/2025,11,WT,4,9.887899764512622e-05
14/04/2025,12,WT,4,0.00010672459762098478
14/04/2025,13,WT,4,0.00011102567669924906
14/04/2025,14,WT,4,0.00010820309355413812
14/04/2025,15,WT,4,0.00010349064232918373
14/04/2025,16,WT,4,0.0001048622222341132
14/04/2025,17,WT,4,0.0001130377345256341
14/04/2025,18,WT,4,0.00013170120006197563
14/04/2025,19,WT,4,0.00015332573045617534
14/04/2025,20,WT,4,0.00016397456686727572
14/04/2025,21,WT,4,0.00016748344908879532
14/04/2025,22,WT,4,0.00015709222939332013
14/04/2025,23,WT,4,0.00013416739644634022
14/04/2025,24,WT,4,0.00010447528803673147
15/04/2025,1,WT,4,7.985275033962254e-05
15/04/2025,2,WT,4,6.84078284987125e-05
15/04/2025,3,WT,4,6.442954404776425e-05
15/04/2025,4,WT,4,6.457459623452754e-05
15/04/2025,5,WT,4,6.928828512885608e-05
15/04/2025,6,WT,4,8.240282864397847e-05
15/04/2025,7,WT,4,0.00010221208847125245
15/04/2025,8,WT,4,0.0001080527212781265
15/04/2025,9,WT,4,0.00010171607085357939
15/04/2025,10,WT,4,9.896819411272808e-05
15/04/2025,11,WT,4,9.850057832183386e-05
15/04/2025,12,WT,4,0.00010631615244079263
15/04/2025,13,WT,4,0.00011060077088056964
15/04/2025,14,WT,4,0.00010778899002946598
15/04/2025,15,WT,4,0.00010309457380330878
15/04/2025,16,WT,4,0.00010446090454156154
15/04/2025,17,WT,4,0.00011260512837038956
15/04/2025,18,WT,4,0.00013119716704999962
15/04/2025,19,WT,4,0.0001527389383107819
15/04/2025,20,WT,4,0.00016334702061267302
15/04/2025,21,WT,4,0.00016684247400838118
15/04/2025,22,WT,4,0.00015649102249845596
15/04/2025,23,WT,4,0.00013365392506636795
15/04/2025,24,WT,4,0.00010407545117813463
16/04/2025,1,WT,4,7.954671094091291e-05
16/04/2025,2,WT,4,6.814565229799634e-05
16/04/2025,3,WT,4,6.418261480818702e-05
16/04/2025,4,WT,4,6.432711107566347e-05
16/04/2025,5,WT,4,6.902273453694447e-05
16/04/2025,6,WT,4,8.208701595095384e-05
16/04/2025,7,WT,4,0.0001018203558638775
16/04/2025,8,WT,4,0.00010763860417247572
16/04/2025,9,WT,4,0.00010132623925691248
16/04/2025,10,WT,4,9.85888938821309e-05
16/04/2025,11,WT,4,9.81230702506158e-05
16/04/2025,12,WT,4,0.00010590869081639374
16/04/2025,13,WT,4,0.00011017688825569881
16/04/2025,14,WT,4,0.00010737588368615484
16/04/2025,15,WT,4,0.00010269945902964347
16/04/2025,16,WT,4,0.00010406055324146734
16/04/2025,17,WT,4,0.00011217356395173741
16/04/2025,18,WT,4,0.00013069434777394936
16/04/2025,19,WT,4,0.00015215355918931928
16/04/2025,20,WT,4,0.00016272098551987156
16/04/2025,21,WT,4,0.0001662030424270319
16/04/2025,22,WT,4,0.00015589126333893807
16/04/2025,23,WT,4,0.00013314169015036907
16/04/2025,24,WT,4,0.00010367657714607532
17/04/2025,1,WT,4,7.924148365362463e-05
17/04/2025,2,WT,4,6.788417181256364e-05
17/04/2025,3,WT,4,6.393634082429441e-05
17/04/2025,4,WT,4,6.40802826476811e-05
17/04/2025,5,WT,4,6.875788861465889e-05
17/04/2025,6,WT,4,8.177204130393284e-05
17/04/2025,7,WT,4,0.00010142966276489899
17/04/2025,8,WT,4,0.0001072255859751116
17/04/2025,9,WT,4,0.00010093744212408722
17/04/2025,10,WT,4,9.821060016916085e-05
17/04/2025,11,WT,4,9.774656394131992e-05
17/04/2025,12,WT,4,0.00010550231043918177
17/04/2025,13,WT,4,0.00010975413045306477
17/04/2025,14,WT,4,0.00010696387356895407
17/04/2025,15,WT,4,0.0001023053927393493
17/04/2025,16,WT,4,0.00010366126432048105
17/04/2025,17,WT,4,0.0001117431447398623
17/04/2025,18,WT,4,0.00013019286278779347
17/04/2025,19,WT,4,0.00015156973343997935
17/04/2025,20,WT,4,0.00016209661168457886
17/04/2025,21,WT,4,0.00016556530765234417
17/04/2025,22,WT,4,0.00015529309571065956
17/04/2025,23,WT,4,0.000132630814509769
17/04/2025,24,WT,4,0.00010327876157301993
18/04/2025,1,WT,4,7.89371411082534e-05
18/04/2025,2,WT,4,6.762344926312017e-05
18/04/2025,3,WT,4,6.369078069832243e-05
18/04/2025,4,WT,4,6.383416968474928e-05
18/04/2025,5,WT,4,6.849381038352921e-05
18/04/2025,6,WT,4,8.145797965284833e-05
18/04/2025,7,WT,4,0.00010104010214186782
18/04/2025,8,WT,4,0.00010681376496596401
18/04/2025,9,WT,4,0.0001005497719714991
18/04/2025,10,WT,4,9.783340299086753e-05
18/04/2025,11,WT,4,9.737114898567333e-05
18/04/2025,12,WT,4,0.0001050971080095811
18/04/2025,13,WT,4,0.00010933259807018935
18/04/2025,14,WT,4,0.0001065530577179152
18/04/2025,15,WT,4,0.00010191246870264651
18/04/2025,16,WT,4,0.00010326313279157624
18/04/2025,17,WT,4,0.00011131397315536023
18/04/2025,18,WT,4,0.00012969283142261602
18/04/2025,19,WT,4,0.0001509875999872792
18/04/2025,20,WT,4,0.00016147404767994985
18/04/2025,21,WT,4,0.00016492942143678127
18/04/2025,22,WT,4,0.0001546966619508658
18/04/2025,23,WT,4,0.00013212141971020907
18/04/2025,24,WT,4,0.00010288209912135108
19/04/2025,1,SA,4,8.819390496847478e-05
19/04/2025,2,SA,4,7.453640544830402e-05
19/04/2025,3,SA,4,6.868804300475838e-05
19/04/2025,4,SA,4,6.714978883514944e-05
19/04/2025,5,SA,4,6.86470894846584e-05
19/04/2025,6,SA,4,7.251669770093439e-05
19/04/2025,7,SA,4,8.397369466548924e-05
19/04/2025,8,SA,4,0.00010999116632510213
19/04/2025,9,SA,4,0.00013313290178062147
19/04/2025,10,SA,4,0.0001436879224366329
19/04/2025,11,SA,4,0.0001492076578530348
19/04/2025,12,SA,4,0.00015834728489973722
19/04/2025,13,SA,4,0.00015534868813534371
19/04/2025,14,SA,4,0.00014605323793899264
19/04/2025,15,SA,4,0.00013978635049735207
19/04/2025,16,SA,4,0.00013663492718234157
19/04/2025,17,SA,4,0.0001370065054622731
19/04/2025,18,SA,4,0.00014619607582617056
19/04/2025,19,SA,4,0.00015763209659750349
19/04/2025,20,SA,4,0.0001592182963516197
19/04/2025,21,SA,4,0.0001605807500447019
19/04/2025,22,SA,4,0.00015320012662961072
19/04/2025,23,SA,4,0.0001363102956205734
19/04/2025,24,SA,4,0.00011237046595627649
20/04/2025,1,FT,4,9.16269285567225e-05
20/04/2025,2,FT,4,7.76915956095878e-05
20/04/2025,3,FT,4,7.129159121715865e-05
20/04/2025,4,FT,4,6.879507209082084e-05
20/04/2025,5,FT,4,6.968362991458316e-05
20/04/2025,6,FT,4,7.3443831500247e-05
20/04/2025,7,FT,4,8.127368762027577e-05
20/04/2025,8,FT,4,0.00010459211158429587
20/04/2025,9,FT,4,0.0001353314361637912
20/04/2025,10,FT,4,0.00015666080403632096
20/04/2025,11,FT,4,0.0001704588234563793
20/04/2025,12,FT,4,0.00018547873426230565
20/04/2025,13,FT,4,0.0001748399209905624
20/04/2025,14,FT,4,0.00015408269281418422
20/04/2025,15,FT,4,0.0001403403948254032
20/04/2025,16,FT,4,0.00013237820030609067
20/04/2025,17,FT,4,0.00013109362231003566
20/04/2025,18,FT,4,0.0001440209943663851
20/04/2025,19,FT,4,0.00015879115375712179
20/04/2025,20,FT,4,0.00016248070852813038
20/04/2025,21,FT,4,0.00016299215166521198
20/04/2025,22,FT,4,0.00015228070152769642
20/04/2025,23,FT,4,0.00013021003961406592
20/04/2025,24,FT,4,0.00010231151300415786
21/04/2025,1,WT,4,7.803013706402206e-05
21/04/2025,2,WT,4,6.684644187337436e-05
21/04/2025,3,WT,4,6.295896048210248e-05
21/04/2025,4,WT,4,6.310070189947931e-05
21/04/2025,5,WT,4,6.770680236486439e-05
21/04/2025,6,WT,4,8.052201065342988e-05
21/04/2025,7,WT,4,9.98791305132331e-05
21/04/2025,8,WT,4,0.00010558645275977654
21/04/2025,9,WT,4,9.939443433772778e-05
21/04/2025,10,WT,4,9.670927699735157e-05
21/04/2025,11,WT,4,9.625233438608783e-05
21/04/2025,12,WT,4,0.00010388952054614642
21/04/2025,13,WT,4,0.00010807634395173851
21/04/2025,14,WT,4,0.00010532874109181871
21/04/2025,15,WT,4,0.00010074147340216898
21/04/2025,16,WT,4,0.00010207661808193523
21/04/2025,17,WT,4,0.00011003495262821815
21/04/2025,18,WT,4,0.0001282026340205236
21/04/2025,19,WT,4,0.00014925272129906537
21/04/2025,20,WT,4,0.0001596186775433083
21/04/2025,21,WT,4,0.00016303434834247273
21/04/2025,22,WT,4,0.00015291916537512717
21/04/2025,23,WT,4,0.00013060331732742323
21/04/2025,24,WT,4,0.00010169996256722757
22/04/2025,1,WT,4,7.77300449051745e-05
22/04/2025,2,WT,4,6.658936052240092e-05
22/04/2025,3,WT,4,6.271682979925652e-05
22/04/2025,4,WT,4,6.285802610048286e-05
22/04/2025,5,WT,4,6.74464121969775e-05
22/04/2025,6,WT,4,8.021233512393656e-05
22/04/2025,7,WT,4,9.949501041518757e-05
22/04/2025,8,WT,4,0.00010518038315967134
22/04/2025,9,WT,4,9.901217830819684e-05
22/04/2025,10,WT,4,9.63373476786716e-05
22/04/2025,11,WT,4,9.5882162399893e-05
22/04/2025,12,WT,4,0.00010348997709184291
22/04/2025,13,WT,4,0.0001076606986049897
22/04/2025,14,WT,4,0.00010492366261198711
22/04/2025,15,WT,4,0.00010035403686320786
22/04/2025,16,WT,4,0.00010168404677755656
22/04/2025,17,WT,4,0.0001096117747673898
22/04/2025,18,WT,4,0.00012770958599240593
22/04/2025,19,WT,4,0.00014867871780459798
22/04/2025,20,WT,4,0.000159004808141835
22/04/2025,21,WT,4,0.0001624073427853729
22/04/2025,22,WT,4,0.000152331061288767
22/04/2025,23,WT,4,0.00013010103663275668
22/04/2025,24,WT,4,0.0001013088398232488
23/04/2025,1,WT,4,7.743118947614683e-05
23/04/2025,2,WT,4,6.633333864653713e-05
23/04/2025,3,WT,4,6.247569697732423e-05
23/04/2025,4,WT,4,6.261635040891457e-05
23/04/2025,5,WT,4,6.718709514038635e-05
23/04/2025,6,WT,4,7.990393581893142e-05
23/04/2025,7,WT,4,9.911247334010912e-05
23/04/2025,8,WT,4,0.00010477598704009075
23/04/2025,9,WT,4,9.86314976194959e-05
23/04/2025,10,WT,4,9.59669511427244e-05
23/04/2025,11,WT,4,9.551351595417083e-05
23/04/2025,12,WT,4,0.00010309208022272909
23/04/2025,13,WT,4,0.00010724676620201394
23/04/2025,14,WT,4,0.00010452025352810827
23/04/2025,15,WT,4,9.996819701481977e-05
23/04/2025,16,WT,4,0.00010129309332497529
23/04/2025,17,WT,4,0.00010919034089308092
23/04/2025,18,WT,4,0.00012721856989741635
23/04/2025,19,WT,4,0.0001481070798742329
23/04/2025,20,WT,4,0.00015839346859851356
23/04/2025,21,WT,4,0.00016178292122271228
23/04/2025,22,WT,4,0.00015174538087739929
23/04/2025,23,WT,4,0.00012960082592057635
23/04/2025,24,WT,4,0.00010091932896130855
24/04/2025,1,WT,4,7.713363894160472e-05
24/04/2025,2,WT,4,6.607843464072539e-05
24/04/2025,3,WT,4,6.22356170152668e-05
24/04/2025,4,WT,4,6.237572994755661e-05
24/04/2025,5,WT,4,6.692891034161725e-05
24/04/2025,6,WT,4,7.959688307990223e-05
24/04/2025,7,WT,4,9.873160653925464e-05
24/04/2025,8,WT,4,0.00010437335663802834
24/04/2025,9,WT,4,9.82524790994665e-05
24/04/2025,10,WT,4,9.559817187168286e-05
24/04/2025,11,WT,4,9.51464791319235e-05
24/04/2025,12,WT,4,0.00010269592069341207
24/04/2025,13,WT,4,0.0001068346411548952
24/04/2025,14,WT,4,0.0001041186058520469
24/04/2025,15,WT,4,9.958404186157718e-05
24/04/2025,16,WT,4,0.00010090384689510414
24/04/2025,17,WT,4,0.00010877074712835417
24/04/2025,18,WT,4,0.0001267296977293307
24/04/2025,19,WT,4,0.00014753793789043819
24/04/2025,20,WT,4,0.00015778479835118402
24/04/2025,21,WT,4,0.0001611612260761535
24/04/2025,22,WT,4,0.00015116225772638186
24/04/2025,23,WT,4,0.00012910279928181936
24/04/2025,24,WT,4,0.00010053151882328506
25/04/2025,1,WT,4,7.683746072190893e-05
25/04/2025,2,WT,4,6.582470626228089e-05
25/04/2025,3,WT,4,6.199664431149997e-05
25/04/2025,4,WT,4,6.213621923729335e-05
25/04/2025,5,WT,4,6.667191630136244e-05
25/04/2025,6,WT,4,7.929124648026264e-05
25/04/2025,7,WT,4,9.835249631116542e-05
25/04/2025,8,WT,4,0.00010397258318332161
25/04/2025,9,WT,4,9.787520862785794e-05
25/04/2025,10,WT,4,9.523109342524054e-05
25/04/2025,11,WT,4,9.478113509803248e-05
25/04/2025,12,WT,4,0.00010230158826752946
25/04/2025,13,WT,4,0.00010642441684481108
25/04/2025,14,WT,4,0.00010371881059097
25/04/2025,15,WT,4,9.920165844711122e-05
25/04/2025,16,WT,4,0.00010051639568517901
25/04/2025,17,WT,4,0.00010835308854668336
25/04/2025,18,WT,4,0.00012624308025904025
25/04/2025,19,WT,4,0.00014697142081200674
25/04/2025,20,WT,4,0.0001571789353151344
25/04/2025,21,WT,4,0.00016054239821222544
25/04/2025,22,WT,4,0.00015058182396242455
25/04/2025,23,WT,4,0.00012860706956163874
25/04/2025,24,WT,4,0.00010014549728097281
26/04/2025,1,SA,4,8.584864717443567e-05
26/04/2025,2,SA,4,7.255432872905931e-05
26/04/2025,3,SA,4,6.686148630254879e-05
26/04/2025,4,SA,4,6.536413748327871e-05
26/04/2025,5,SA,4,6.68216218209968e-05
26/04/2025,6,SA,4,7.058832917544631e-05
26/04/2025,7,SA,4,8.174066096572398e-05
26/04/2025,8,SA,4,0.00010706627440437811
26/04/2025,9,SA,4,0.0001295926233945397
26/04/2025,10,SA,4,0.0001398669642862453
26/04/2025,11,SA,4,0.00014523991855591183
26/04/2025,12,SA,4,0.00015413650407300345
26/04/2025,13,SA,4,0.00015121764617985486
26/04/2025,14,SA,4,0.0001421693811719801
26/04/2025,15,SA,4,0.00013606914319009672
26/04/2025,16,SA,4,0.00013300152271944932
26/04/2025,17,SA,4,0.00013336321996670157
26/04/2025,18,SA,4,0.00014230842070519803
26/04/2025,19,SA,4,0.00015344033410248564
26/04/2025,20,SA,4,0.0001549843535343044
26/04/2025,21,SA,4,0.00015631057677422926
26/04/2025,22,SA,4,0.0001491262193550173
26/04/2025,23,SA,4,0.00013268552378031766
26/04/2025,24,SA,4,0.00010938230355210621
27/04/2025,1,FT,4,8.919164701056209e-05
27/04/2025,2,FT,4,7.562669054226734e-05
27/04/2025,3,FT,4,6.939678693612156e-05
27/04/2025,4,FT,4,6.69666208683635e-05
27/04/2025,5,FT,4,6.783156239825903e-05
27/04/2025,6,FT,4,7.149182448277788e-05
27/04/2025,7,FT,4,7.911357688899072e-05
27/04/2025,8,FT,4,0.00010181223842661925
27/04/2025,9,FT,4,0.00013173456617920977
27/04/2025,10,FT,4,0.000152497037214866
27/04/2025,11,FT,4,0.00016592832970653635
27/04/2025,12,FT,4,0.0001805490378742557
27/04/2025,13,FT,4,0.00017019298542448724
27/04/2025,14,FT,4,0.00014998744762476595
27/04/2025,15,FT,4,0.00013661039558737794
27/04/2025,16,FT,4,0.00012885982210224446
27/04/2025,17,FT,4,0.0001276093859151278
27/04/2025,18,FT,4,0.0001401931713086362
27/04/2025,19,FT,4,0.0001545707660116257
27/04/2025,20,FT,4,0.00015816225894875078
27/04/2025,21,FT,4,0.00015866010883269964
27/04/2025,22,FT,4,0.00014823335007645594
27/04/2025,23,FT,4,0.00012674928728293602
27/04/2025,24,FT,4,9.959225411920538e-05
28/04/2025,1,WT,4,7.595782299093082e-05
28/04/2025,2,WT,4,6.507114289989423e-05
28/04/2025,3,WT,4,6.128690472591163e-05
28/04/2025,4,WT,4,6.14248817934485e-05
28/04/2025,5,WT,4,6.590865405109689e-05
28/04/2025,6,WT,4,7.838351773070444e-05
28/04/2025,7,WT,4,9.722655375816644e-05
28/04/2025,8,WT,4,0.00010278230169437033
28/04/2025,9,WT,4,9.675473007966628e-05
28/04/2025,10,WT,4,9.414088479325153e-05
28/04/2025,11,WT,4,9.369607760349983e-05
28/04/2025,12,WT,4,0.00010113043638232082
28/04/2025,13,WT,4,0.00010520606668494763
28/04/2025,14,WT,4,0.00010253143429884878
28/04/2025,15,WT,4,9.80659946585654e-05
28/04/2025,16,WT,4,9.936568074228662e-05
28/04/2025,17,WT,4,0.00010711265889091134
28/04/2025,18,WT,4,0.0001247978454005816
28/04/2025,19,WT,4,0.00014528888724170047
28/04/2025,20,WT,4,0.00015537954578925516
28/04/2025,21,WT,4,0.0001587045036545137
28/04/2025,22,WT,4,0.00014885795838029338
28/04/2025,23,WT,4,0.0001271347716773245
28/04/2025,24,WT,4,9.899902839498591e-05
29/04/2025,1,WT,4,7.566779334812689e-05
29/04/2025,2,WT,4,6.482268185152598e-05
29/04/2025,3,WT,4,6.105289302854727e-05
29/04/2025,4,WT,4,6.119034325845187e-05
29/04/2025,5,WT,4,6.565699513514286e-05
29/04/2025,6,WT,4,7.808422606127543e-05
29/04/2025,7,WT,4,9.685531375223703e-05
29/04/2025,8,WT,4,0.00010238984818434094
29/04/2025,9,WT,4,9.638529163738837e-05
29/04/2025,10,WT,4,9.37814267925517e-05
29/04/2025,11,WT,4,9.333831800943256e-05
29/04/2025,12,WT,4,0.00010074429018716105
29/04/2025,13,WT,4,0.00010480435851665162
29/04/2025,14,WT,4,0.00010213993867542343
29/04/2025,15,WT,4,9.769154941669177e-05
29/04/2025,16,WT,4,9.898627291096827e-05
29/04/2025,17,WT,4,0.00010670367078442468
29/04/2025,18,WT,4,0.00012432132997269009
29/04/2025,19,WT,4,0.00014473413089915603
29/04/2025,20,WT,4,0.00015478626030015325
29/04/2025,21,WT,4,0.0001580985224837292
29/04/2025,22,WT,4,0.00014828957425871698
29/04/2025,23,WT,4,0.00012664933316729855
29/04/2025,24,WT,4,9.862102055178113e-05
30/04/2025,1,WT,4,7.53794619573978e-05
30/04/2025,2,WT,4,6.457567565269244e-05
30/04/2025,3,WT,4,6.082025157336475e-05
30/04/2025,4,WT,4,6.095717805050495e-05
30/04/2025,5,WT,4,6.540680979365533e-05
30/04/2025,6,WT,4,7.778668687719122e-05
30/04/2025,7,WT,4,9.6486247521044e-05
30/04/2025,8,WT,4,0.00010199969266351439
30/04/2025,9,WT,4,9.601801642089325e-05
30/04/2025,10,WT,4,9.342407357772682e-05
30/04/2025,11,WT,4,9.298265325631681e-05
30/04/2025,12,WT,4,0.00010036040504908068
30/04/2025,13,WT,4,0.00010440500252768348
30/04/2025,14,WT,4,0.0001017507354323504
30/04/2025,15,WT,4,9.731929671763123e-05
30/04/2025,16,WT,4,9.860908668062317e-05
30/04/2025,17,WT,4,0.00010629707748452986
30/04/2025,18,WT,4,0.00012384760475377956
30/04/2025,19,WT,4,0.0001441826229008174
30/04/2025,20,WT,4,0.00015419644876048312
30/04/2025,21,WT,4,0.00015749608960121826
30/04/2025,22,WT,4,0.00014772451827803134
30/04/2025,23,WT,4,0.00012616673711485338
30/04/2025,24,WT,4,9.824522611199885e-05
01/05/2025,1,WT,5,7.867187796451853e-05
01/05/2025,2,WT,5,6.766306143116287e-05
01/05/2025,3,WT,5,6.373686016166354e-05
01/05/2025,4,WT,5,6.34220772610477e-05
01/05/2025,5,WT,5,6.669104998956426e-05
01/05/2025,6,WT,5,7.667062182666393e-05
01/05/2025,7,WT,5,9.6589702222603e-05
01/05/2025,8,WT,5,0.0001036990263386328
01/05/2025,9,WT,5,9.792514483127624e-05
01/05/2025,10,WT,5,9.492707617480482e-05
01/05/2025,11,WT,5,9.492898394996005e-05
01/05/2025,12,WT,5,0.00010339569008894846
01/05/2025,13,WT,5,0.00010852855914414184
01/05/2025,14,WT,5,0.00010644526867461157
01/05/2025,15,WT,5,0.00010250094354113738
01/05/2025,16,WT,5,0.00010380300008459376
01/05/2025,17,WT,5,0.00011156287552856298
01/05/2025,18,WT,5,0.00012968769339099178
01/05/2025,19,WT,5,0.00014943888957326908
01/05/2025,20,WT,5,0.00015698223253711764
01/05/2025,21,WT,5,0.00015415872530735134
01/05/2025,22,WT,5,0.00014753016053044396
01/05/2025,23,WT,5,0.00013005875565868743
01/05/2025,24,WT,5,0.00010163576750823261
02/05/2025,1,WT,5,7.837355994268971e-05
02/05/2025,2,WT,5,6.740648803849353e-05
02/05/2025,3,WT,5,6.349517463777682e-05
02/05/2025,4,WT,5,6.31815853709555e-05
02/05/2025,5,WT,5,6.643816239336952e-05
02/05/2025,6,WT,5,7.637989242211058e-05
02/05/2025,7,WT,5,9.622344111836094e-05
02/05/2025,8,WT,5,0.00010330580719599494
02/05/2025,9,WT,5,9.755381982608772e-05
02/05/2025,10,WT,5,9.456711962724113e-05
02/05/2025,11,WT,5,9.456902016825215e-05
02/05/2025,12,WT,5,0.00010300362117523988
02/05/2025,13,WT,5,0.00010811702676543828
02/05/2025,14,WT,5,0.00010604163598138451
02/05/2025,15,WT,5,0.00010211226744106294
02/05/2025,16,WT,5,0.00010340938668109654
02/05/2025,17,WT,5,0.00011113983724349461
02/05/2025,18,WT,5,0.00012919592711886353
02/05/2025,19,WT,5,0.00014887222820614247
02/05/2025,20,WT,5,0.00015638696736378766
02/05/2025,21,WT,5,0.00015357416666745107
02/05/2025,22,WT,5,0.00014697073692459872
02/05/2025,23,WT,5,0.00012956558234551043
02/05/2025,24,WT,5,0.0001012503720925571
03/05/2025,1,SA,5,8.589014502803717e-05
03/05/2025,2,SA,5,7.224189728897964e-05
03/05/2025,3,SA,5,6.644065832491332e-05
03/05/2025,4,SA,5,6.465711814731851e-05
03/05/2025,5,SA,5,6.522607125068075e-05
03/05/2025,6,SA,5,6.733526844584062e-05
03/05/2025,7,SA,5,7.99544778764876e-05
03/05/2025,8,SA,5,0.00010402091014549782
03/05/2025,9,SA,5,0.00012537511173042683
03/05/2025,10,SA,5,0.00013672009341211266
03/05/2025,11,SA,5,0.0001427532683334565
03/05/2025,12,SA,5,0.00015322162676437124
03/05/2025,13,SA,5,0.00015181202415055032
03/05/2025,14,SA,5,0.00014291799019699227
03/05/2025,15,SA,5,0.00013801893477286646
03/05/2025,16,SA,5,0.00013520919631899094
03/05/2025,17,SA,5,0.00013593056447999268
03/05/2025,18,SA,5,0.00014466839666640464
03/05/2025,19,SA,5,0.0001544418939028637
03/05/2025,20,SA,5,0.00015470128350406377
03/05/2025,21,SA,5,0.00015062110401073376
03/05/2025,22,SA,5,0.00014554691327192903
03/05/2025,23,SA,5,0.00013395674214969274
03/05/2025,24,SA,5,0.00011150439480785822
04/05/2025,1,FT,5,8.902759982574547e-05
04/05/2025,2,FT,5,7.573447900174624e-05
04/05/2025,3,FT,5,6.963633645133974e-05
04/05/2025,4,FT,5,6.6957906998331e-05
04/05/2025,5,FT,5,6.611476758601069e-05
04/05/2025,6,FT,5,6.765958006630232e-05
04/05/2025,7,FT,5,7.682471296219626e-05
04/05/2025,8,FT,5,9.886139697592926e-05
04/05/2025,9,FT,5,0.0001262888918183235
04/05/2025,10,FT,5,0.00014566412234036965
04/05/2025,11,FT,5,0.00015831121352517493
04/05/2025,12,FT,5,0.00017380555066724544
04/05/2025,13,FT,5,0.00016637573826203323
04/05/2025,14,FT,5,0.00014932810065901013
04/05/2025,15,FT,5,0.00013773540529408648
04/05/2025,16,FT,5,0.00013094407765636961
04/05/2025,17,FT,5,0.00013079035089551033
04/05/2025,18,FT,5,0.0001434016039397472
04/05/2025,19,FT,5,0.00015674282332082512
04/05/2025,20,FT,5,0.00015811316064308627
04/05/2025,21,FT,5,0.0001527496999743326
04/05/2025,22,FT,5,0.00014482098292804935
04/05/2025,23,FT,5,0.00012681137418345264
04/05/2025,24,FT,5,9.910566219717197e-05
05/05/2025,1,WT,5,7.749070786651233e-05
05/05/2025,2,WT,5,6.664717637833509e-05
05/05/2025,3,WT,5,6.277992262169896e-05
05/05/2025,4,WT,5,6.246986583363046e-05
05/05/2025,5,WT,5,6.568975859942055e-05
05/05/2025,6,WT,5,7.551949834721627e-05
05/05/2025,7,WT,5,9.513951606978081e-05
05/05/2025,8,WT,5,0.00010214210165000653
05/05/2025,9,WT,5,9.645490850401075e-05
05/05/2025,10,WT,5,9.350185248916449e-05
05/05/2025,11,WT,5,9.350373162121339e-05
05/05/2025,12,WT,5,0.00010184331965423145
05/05/2025,13,WT,5,0.0001068991244317968
05/05/2025,14,WT,5,0.00010484711223439804
05/05/2025,15,WT,5,0.00010096200672329735
05/05/2025,16,WT,5,0.00010224451434667158
05/05/2025,17,WT,5,0.00010988788395557219
05/05/2025,18,WT,5,0.00012774057798614632
05/05/2025,19,WT,5,0.00014719523208840766
05/05/2025,20,WT,5,0.00015462532020975813
05/05/2025,21,WT,5,0.00015184420477738615
05/05/2025,22,WT,5,0.00014531516047348324
05/05/2025,23,WT,5,0.00012810606916965737
05/05/2025,24,WT,5,0.00010010982033912122
06/05/2025,1,WT,5,7.720066729047806e-05
06/05/2025,2,WT,5,6.639772214104603e-05
06/05/2025,3,WT,5,6.254494315871675e-05
06/05/2025,4,WT,5,6.223604688462329e-05
06/05/2025,5,WT,5,6.544388788861805e-05
06/05/2025,6,WT,5,7.523683582669602e-05
06/05/2025,7,WT,5,9.478341763160374e-05
06/05/2025,8,WT,5,0.00010175979317953864
06/05/2025,9,WT,5,9.609388667321234e-05
06/05/2025,10,WT,5,9.315188367480102e-05
06/05/2025,11,WT,5,9.315375577343191e-05
06/05/2025,12,WT,5,0.00010146212949723042
06/05/2025,13,WT,5,0.00010649901086358465
06/05/2025,14,WT,5,0.00010445467915867522
06/05/2025,15,WT,5,0.00010058411523935264
06/05/2025,16,WT,5,0.00010186182255492103
06/05/2025,17,WT,5,0.00010947658373598246
06/05/2025,18,WT,5,0.00012726245677855747
06/05/2025,19,WT,5,0.0001466442939039487
06/05/2025,20,WT,5,0.00015404657189040636
06/05/2025,21,WT,5,0.0001512758659167196
06/05/2025,22,WT,5,0.0001447712592237638
06/05/2025,23,WT,5,0.00012762657996226158
06/05/2025,24,WT,5,9.973511851025338e-05
07/05/2025,1,WT,5,7.691285121613592e-05
07/05/2025,2,WT,5,6.615018112355727e-05
07/05/2025,3,WT,5,6.231176589948192e-05
07/05/2025,4,WT,5,6.200402123865955e-05
07/05/2025,5,WT,5,6.519990291332092e-05
07/05/2025,6,WT,5,7.495634122096823e-05
07/05/2025,7,WT,5,9.443005033397646e-05
07/05/2025,8,WT,5,0.00010138041687067071
07/05/2025,9,WT,5,9.57356337435259e-05
07/05/2025,10,WT,5,9.280459898908738e-05
07/05/2025,11,WT,5,9.280646410824391e-05
07/05/2025,12,WT,5,0.00010108386292478737
07/05/2025,13,WT,5,0.00010610196601534848
07/05/2025,14,WT,5,0.00010406525589645133
07/05/2025,15,WT,5,0.00010020912204038922
07/05/2025,16,WT,5,0.00010148206586469994
07/05/2025,17,WT,5,0.00010906843803376043
07/05/2025,18,WT,5,0.00012678800258008116
07/05/2025,19,WT,5,0.00014609758120731742
07/05/2025,20,WT,5,0.00015347226235211525
07/05/2025,21,WT,5,0.00015071188600049643
07/05/2025,22,WT,5,0.00014423152949123995
07/05/2025,23,WT,5,0.00012715076825602022
07/05/2025,24,WT,5,9.936329050291685e-05
08/05/2025,1,WT,5,7.662732014002505e-05
08/05/2025,2,WT,5,6.59046053569268e-05
08/05/2025,3,WT,5,6.208043985591023e-05
08/05/2025,4,WT,5,6.177383766559549e-05
08/05/2025,5,WT,5,6.495785495713672e-05
08/05/2025,6,WT,5,7.467807348766046e-05
08/05/2025,7,WT,5,9.407948845175869e-05
08/05/2025,8,WT,5,0.00010100405246513977
08/05/2025,9,WT,5,9.538022501673032e-05
08/05/2025,10,WT,5,9.2460071428369e-05
08/05/2025,11,WT,5,9.246192962346184e-05
08/05/2025,12,WT,5,0.00010070859944538196
08/05/2025,13,WT,5,0.00010570807334260505
08/05/2025,14,WT,5,0.00010367892430124933
08/05/2025,15,WT,5,9.983710594685096e-05
08/05/2025,16,WT,5,0.00010110532409769828
08/05/2025,17,WT,5,0.0001086635326377299
08/05/2025,18,WT,5,0.00012631731511703411
08/05/2025,19,WT,5,0.00014555520891296455
08/05/2025,20,WT,5,0.0001529025123099614
08/05/2025,21,WT,5,0.0001501523835725928
08/05/2025,22,WT,5,0.00014369608472260148
08/05/2025,23,WT,5,0.00012667873406258694
08/05/2025,24,WT,5,9.899441447225863e-05
09/05/2025,1,WT,5,7.634413377890543e-05
09/05/2025,2,WT,5,6.566104620155051e-05
09/05/2025,3,WT,5,6.185101340817102e-05
09/05/2025,4,WT,5,6.1545544306661e-05
09/05/2025,5,WT,5,6.471779464264533e-05
09/05/2025,6,WT,5,7.440209082445687e-05
09/05/2025,7,WT,5,9.373180530243329e-05
09/05/2025,8,WT,5,0.00010063077867683984
09/05/2025,9,WT,5,9.502773482399095e-05
09/05/2025,10,WT,5,9.2118373048094e-05
09/05/2025,11,WT,5,9.212022437598195e-05
09/05/2025,12,WT,5,0.0001003364175426575
09/05/2025,13,WT,5,0.00010531741522515872
09/05/2025,14,WT,5,0.00010329576517152878
09/05/2025,15,WT,5,9.946814476321384e-05
09/05/2025,16,WT,5,0.00010073167604673255
09/05/2025,17,WT,5,0.0001082619522309265
09/05/2025,18,WT,5,0.00012585049283029583
09/05/2025,19,WT,5,0.00014501729045413353
09/05/2025,20,WT,5,0.00015233744092304634
09/05/2025,21,WT,5,0.00014959747564889585
09/05/2025,22,WT,5,0.00014316503690225003
09/05/2025,23,WT,5,0.00012621057610450007
09/05/2025,24,WT,5,9.86285675660333e-05
10/05/2025,1,SA,5,8.367475860390413e-05
10/05/2025,2,SA,5,7.037854360090081e-05
10/05/2025,3,SA,5,6.47269374735231e-05
10/05/2025,4,SA,5,6.298940060276925e-05
10/05/2025,5,SA,5,6.354367855357766e-05
10/05/2025,6,SA,5,6.559847268735663e-05
10/05/2025,7,SA,5,7.789219162958001e-05
10/05/2025,8,SA,5,0.00010133787227093054
10/05/2025,9,SA,5,0.0001221412794862143
10/05/2025,10,SA,5,0.00013319363716090334
10/05/2025,11,SA,5,0.0001390711968622379
10/05/2025,12,SA,5,0.00014926954225331855
10/05/2025,13,SA,5,0.00014789629787935232
10/05/2025,14,SA,5,0.00013923167001272146
10/05/2025,15,SA,5,0.00013445897717506168
10/05/2025,16,SA,5,0.00013172171102198446
10/05/2025,17,SA,5,0.00013242447274996455
10/05/2025,18,SA,5,0.00014093692780148154
10/05/2025,19,SA,5,0.00015045833473017727
10/05/2025,20,SA,5,0.0001507110338292147
10/05/2025,21,SA,5,0.00014673609544654532
10/05/2025,22,SA,5,0.00014179278460406093
10/05/2025,23,SA,5,0.0001305015617226175
10/05/2025,24,SA,5,0.00010862833350410952
11/05/2025,1,FT,5,8.674089454946681e-05
11/05/2025,2,FT,5,7.378921221854099e-05
11/05/2025,3,FT,5,6.784770260862498e-05
11/05/2025,4,FT,5,6.52380695600383e-05
11/05/2025,5,FT,5,6.441658648065929e-05
11/05/2025,6,FT,5,6.592171990797791e-05
11/05/2025,7,FT,5,7.485144313550097e-05
11/05/2025,8,FT,5,9.632210715426027e-05
11/05/2025,9,FT,5,0.0001230451171257384
11/05/2025,10,FT,5,0.00014192268802368374
11/05/2025,11,FT,5,0.00015424493421436946
11/05/2025,12,FT,5,0.000169341293846493
11/05/2025,13,FT,5,0.0001621023187912937
11/05/2025,14,FT,5,0.00014549255576796517
11/05/2025,15,FT,5,0.0001341976228689414
11/05/2025,16,FT,5,0.00012758073287497216
11/05/2025,17,FT,5,0.00012743095464014134
11/05/2025,18,FT,5,0.00013971828320552906
11/05/2025,19,FT,5,0.00015271682866514427
11/05/2025,20,FT,5,0.0001540519683903543
11/05/2025,21,FT,5,0.0001488262700990471
11/05/2025,22,FT,5,0.00014110120494430475
11/05/2025,23,FT,5,0.00012355417934718806
11/05/2025,24,FT,5,9.656009833721238e-05
12/05/2025,1,WT,5,7.550922845640658e-05
12/05/2025,2,WT,5,6.494297194697478e-05
12/05/2025,3,WT,5,6.11746059654462e-05
12/05/2025,4,WT,5,6.0872477497539395e-05
12/05/2025,5,WT,5,6.401003585971101e-05
12/05/2025,6,WT,5,7.358842383316876e-05
12/05/2025,7,WT,5,9.270674706598696e-05
12/05/2025,8,WT,5,9.953027273662165e-05
12/05/2025,9,WT,5,9.39885042025613e-05
12/05/2025,10,WT,5,9.111095943095188e-05
12/05/2025,11,WT,5,9.111279051257557e-05
12/05/2025,12,WT,5,9.923913075845692e-05
12/05/2025,13,WT,5,0.0001041656558669616
12/05/2025,14,WT,5,0.00010216611473390561
12/05/2025,15,WT,5,9.83803534769521e-05
12/05/2025,16,WT,5,9.963006668511208e-05
12/05/2025,17,WT,5,0.00010707799118942091
12/05/2025,18,WT,5,0.0001244741821551703
12/05/2025,19,WT,5,0.0001434313702051049
12/05/2025,20,WT,5,0.00015067146694512624
12/05/2025,21,WT,5,0.00014796146614208335
12/05/2025,22,WT,5,0.00014159937304061542
12/05/2025,23,WT,5,0.00012483032753097558
12/05/2025,24,WT,5,9.75499579606143e-05
13/05/2025,1,WT,5,7.523600252726877e-05
13/05/2025,2,WT,5,6.470797942733293e-05
13/05/2025,3,WT,5,6.095324906780288e-05
13/05/2025,4,WT,5,6.065221383489595e-05
13/05/2025,5,WT,5,6.377841911723548e-05
13/05/2025,6,WT,5,7.33221482283635e-05
13/05/2025,7,WT,5,9.237129287552238e-05
13/05/2025,8,WT,5,9.917012799932635e-05
13/05/2025,9,WT,5,9.364841204543051e-05
13/05/2025,10,WT,5,9.07812795089867e-05
13/05/2025,11,WT,5,9.078310396494368e-05
13/05/2025,12,WT,5,9.888003950216151e-05
13/05/2025,13,WT,5,0.00010378873825450141
13/05/2025,14,WT,5,0.00010179643234944466
13/05/2025,15,WT,5,9.802436965832302e-05
13/05/2025,16,WT,5,9.926956084898348e-05
13/05/2025,17,WT,5,0.00010669053545412846
13/05/2025,18,WT,5,0.00012402377927371784
13/05/2025,19,WT,5,0.00014291237179665965
13/05/2025,20,WT,5,0.00015012627065068382
13/05/2025,21,WT,5,0.00014742607583430648
13/05/2025,22,WT,5,0.00014108700361166948
13/05/2025,23,WT,5,0.0001243786359573566
13/05/2025,24,WT,5,9.719697888181825e-05
14/05/2025,1,WT,5,7.49654082002349e-05
14/05/2025,2,WT,5,6.447525026099375e-05
14/05/2025,3,WT,5,6.0734024190643146e-05
14/05/2025,4,WT,5,6.04340716631369e-05
14/05/2025,5,WT,5,6.354903321393662e-05
14/05/2025,6,WT,5,7.30584372829376e-05
14/05/2025,7,WT,5,9.203906964471152e-05
14/05/2025,8,WT,5,9.881345203108742e-05
14/05/2025,9,WT,5,9.331159551898043e-05
14/05/2025,10,WT,5,9.045477493124675e-05
14/05/2025,11,WT,5,9.045659282535283e-05
14/05/2025,12,WT,5,9.852440686821775e-05
14/05/2025,13,WT,5,0.00010341545096067567
14/05/2025,14,WT,5,0.00010143031059681615
14/05/2025,15,WT,5,9.76718145324576e-05
14/05/2025,16,WT,5,9.89125272598698e-05
14/05/2025,17,WT,5,0.00010630681153642524
14/05/2025,18,WT,5,0.00012357771449141358
14/05/2025,19,WT,5,0.00014239837217185083
14/05/2025,20,WT,5,0.00014958632546736408
14/05/2025,21,WT,5,0.0001468958421903384
14/05/2025,22,WT,5,0.00014057956911869935
14/05/2025,23,WT,5,0.00012393129489504973
14/05/2025,24,WT,5,9.684739955534198e-05
15/05/2025,1,WT,5,7.469750051339009e-05
15/05/2025,2,WT,5,6.424483178438088e-05
15/05/2025,3,WT,5,6.0516975923658063e-05
15/05/2025,4,WT,5,6.0218095351734224e-05
15/05/2025,5,WT,5,6.332192480622816e-05
15/05/2025,6,WT,5,7.27973446349167e-05
15/05/2025,7,WT,5,9.17101449467762e-05
15/05/2025,8,WT,5,9.8460317378741e-05
15/05/2025,9,WT,5,9.297812313069552e-05
15/05/2025,10,WT,5,9.013151210779665e-05
15/05/2025,11,WT,5,9.013332350520225e-05
15/05/2025,12,WT,5,9.817230519125075e-05
15/05/2025,13,WT,5,0.00010304586991101495
15/05/2025,14,WT,5,0.0001010678239441008
15/05/2025,15,WT,5,9.732275980802477e-05
15/05/2025,16,WT,5,9.855903853734614e-05
15/05/2025,17,WT,5,0.0001059268974846202
15/05/2025,18,WT,5,0.0001231360785365138
15/05/2025,19,WT,5,0.0001418894758766806
15/05/2025,20,WT,5,0.00014905174121841917
15/05/2025,21,WT,5,0.0001463708730581326
15/05/2025,22,WT,5,0.00014007717277237877
15/05/2025,23,WT,5,0.00012348839533190281
15/05/2025,24,WT,5,9.650129108458564e-05
16/05/2025,1,WT,5,7.443233372504029e-05
16/05/2025,2,WT,5,6.401677066325564e-05
16/05/2025,3,WT,5,6.030214822479229e-05
16/05/2025,4,WT,5,6.0004328641533566e-05
16/05/2025,5,WT,5,6.309713988949611e-05
16/05/2025,6,WT,5,7.253892316238329e-05
16/05/2025,7,WT,5,9.138458539756116e-05
16/05/2025,8,WT,5,9.811079556128015e-05
16/05/2025,9,WT,5,9.264806241744666e-05
16/05/2025,10,WT,5,8.981155650780369e-05
16/05/2025,11,WT,5,8.981336147497498e-05
16/05/2025,12,WT,5,9.782380578104904e-05
16/05/2025,13,WT,5,0.0001026800699553375
16/05/2025,14,WT,5,0.00010070904580431611
16/05/2025,15,WT,5,9.697727617772573e-05
16/05/2025,16,WT,5,9.820916627211409e-05
16/05/2025,17,WT,5,0.00010555087024123447
16/05/2025,18,WT,5,0.0001226989608518376
16/05/2025,19,WT,5,0.0001413857859759441
16/05/2025,20,WT,5,0.0001485226261711259
16/05/2025,21,WT,5,0.00014585127475765368
16/05/2025,22,WT,5,0.00013957991632109344
16/05/2025,23,WT,5,0.00012305002696664862
16/05/2025,24,WT,5,9.615872356555708e-05
17/05/2025,1,SA,5,8.159190360800842e-05
17/05/2025,2,SA,5,6.862666162850203e-05
17/05/2025,3,SA,5,6.311573682789053e-05
17/05/2025,4,SA,5,6.142145120054853e-05
17/05/2025,5,SA,5,6.196193191288003e-05
17/05/2025,6,SA,5,6.396557754861149e-05
17/05/2025,7,SA,5,7.595327787370134e-05
17/05/2025,8,SA,5,9.881534221461913e-05
17/05/2025,9,SA,5,0.0001191009053228751
17/05/2025,10,SA,5,0.00012987814468490633
17/05/2025,11,SA,5,0.00013560939856126024
17/05/2025,12,SA,5,0.00014555388394721998
17/05/2025,13,SA,5,0.00014421482274811585
17/05/2025,14,SA,5,0.0001357658771701549
17/05/2025,15,SA,5,0.00013111198750906416
17/05/2025,16,SA,5,0.00012844285813435545
17/05/2025,17,SA,5,0.000129128126525032
17/05/2025,18,SA,5,0.00013742868721524802
17/05/2025,19,SA,5,0.00014671308467633038
17/05/2025,20,SA,5,0.00014695949352022192
17/05/2025,21,SA,5,0.0001430835003918545
17/05/2025,22,SA,5,0.00013826323979601945
17/05/2025,23,SA,5,0.00012725308112534618
17/05/2025,24,SA,5,0.00010592432729112591
18/05/2025,1,FT,5,8.459529961158864e-05
18/05/2025,2,FT,5,7.196398593942036e-05
18/05/2025,3,FT,5,6.61694436049585e-05
18/05/2025,4,FT,5,6.362436160219454e-05
18/05/2025,5,FT,5,6.282319846470476e-05
18/05/2025,6,FT,5,6.429110139446788e-05
18/05/2025,7,FT,5,7.299994185322146e-05
18/05/2025,8,FT,5,9.39395144153984e-05
18/05/2025,9,FT,5,0.00012000151258595519
18/05/2025,10,FT,5,0.0001384121339467942
18/05/2025,11,FT,5,0.00015042958100914086
18/05/2025,12,FT,5,0.00016515252193287648
18/05/2025,13,FT,5,0.00015809260784211082
18/05/2025,14,FT,5,0.0001418936985878991
18/05/2025,15,FT,5,0.00013087815352523199
18/05/2025,16,FT,5,0.00012442493679920975
18/05/2025,17,FT,5,0.00012427886343074123
18/05/2025,18,FT,5,0.00013626225657896647
18/05/2025,19,FT,5,0.00014893927418850833
18/05/2025,20,FT,5,0.00015024138832583792
18/05/2025,21,FT,5,0.0001451449512308666
18/05/2025,22,FT,5,0.00013761097080930442
18/05/2025,23,FT,5,0.00012049798280762116
18/05/2025,24,FT,5,9.41716187248054e-05
19/05/2025,1,WT,5,7.365380963733352e-05
19/05/2025,2,WT,5,6.334718803048944e-05
19/05/2025,3,WT,5,5.967141864016185e-05
19/05/2025,4,WT,5,5.937671409720556e-05
19/05/2025,5,WT,5,6.243717612360318e-05
19/05/2025,6,WT,5,7.178020317938714e-05
19/05/2025,7,WT,5,9.042874944003341e-05
19/05/2025,8,WT,5,9.708460689049773e-05
19/05/2025,9,WT,5,9.167901113742372e-05
19/05/2025,10,WT,5,8.887217362678242e-05
19/05/2025,11,WT,5,8.887395971492155e-05
19/05/2025,12,WT,5,9.680061887637623e-05
19/05/2025,13,WT,5,0.00010160608901470289
19/05/2025,14,WT,5,9.965568076677396e-05
19/05/2025,15,WT,5,9.596294353912471e-05
19/05/2025,16,WT,5,9.718194869408026e-05
19/05/2025,17,WT,5,0.0001044468621999876
19/05/2025,18,WT,5,0.00012141559256578301
19/05/2025,19,WT,5,0.0001399069630701859
19/05/2025,20,WT,5,0.00014696915557230205
19/05/2025,21,WT,5,0.0001443257451263911
19/05/2025,22,WT,5,0.00013811998188698724
19/05/2025,23,WT,5,0.00012176298670884358
19/05/2025,24,WT,5,9.51529525680297e-05
20/05/2025,1,WT,5,7.340013343044055e-05
20/05/2025,2,WT,5,6.312900957568803e-05
20/05/2025,3,WT,5,5.946590015829253e-05
20/05/2025,4,WT,5,5.917221062774333e-05
20/05/2025,5,WT,5,6.222213190408308e-05
20/05/2025,6,WT,5,7.153297999076714e-05
20/05/2025,7,WT,5,9.011729749661085e-05
20/05/2025,8,WT,5,9.675023104565081e-05
20/05/2025,9,WT,5,9.136325308075897e-05
20/05/2025,10,WT,5,8.856608279434644e-05
20/05/2025,11,WT,5,8.856786273089522e-05
20/05/2025,12,WT,5,9.646722113439435e-05
20/05/2025,13,WT,5,0.0001012561404188951
20/05/2025,14,WT,5,9.931244970762403e-05
20/05/2025,15,WT,5,9.563243089301506e-05
20/05/2025,16,WT,5,9.684723758755952e-05
20/05/2025,17,WT,5,0.00010408712949973453
20/05/2025,18,WT,5,0.00012099741668144779
20/05/2025,19,WT,5,0.0001394250997709986
20/05/2025,20,WT,5,0.00014646296888488666
20/05/2025,21,WT,5,0.0001438286627926878
20/05/2025,22,WT,5,0.00013764427325394117
20/05/2025,23,WT,5,0.00012134361434018608
20/05/2025,24,WT,5,9.4825229668142e-05
21/05/2025,1,WT,5,7.314945771688528e-05
21/05/2025,2,WT,5,6.291341174525056e-05
21/05/2025,3,WT,5,5.926281255807022e-05
21/05/2025,4,WT,5,5.897012603431669e-05
21/05/2025,5,WT,5,6.200963123705406e-05
21/05/2025,6,WT,5,7.12886809689007e-05
21/05/2025,7,WT,5,8.980952942047998e-05
21/05/2025,8,WT,5,9.641981021301041e-05
21/05/2025,9,WT,5,9.105122982428282e-05
21/05/2025,10,WT,5,8.826361241774543e-05
21/05/2025,11,WT,5,8.826538627546516e-05
21/05/2025,12,WT,5,9.613776683557517e-05
21/05/2025,13,WT,5,0.00010091033103047738
21/05/2025,14,WT,5,9.897327840054497e-05
21/05/2025,15,WT,5,9.530582756502724e-05
21/05/2025,16,WT,5,9.651648545873503e-05
21/05/2025,17,WT,5,0.0001037316517336894
21/05/2025,18,WT,5,0.00012058418699987356
21/05/2025,19,WT,5,0.0001389489359721176
21/05/2025,20,WT,5,0.00014596276939588391
21/05/2025,21,WT,5,0.0001433374599707008
21/05/2025,22,WT,5,0.0001371741913235394
21/05/2025,23,WT,5,0.0001209292023263588
21/05/2025,24,WT,5,9.4501383089135e-05
22/05/2025,1,WT,5,7.290183207629876e-05
22/05/2025,2,WT,5,6.270043718096608e-05
22/05/2025,3,WT,5,5.9062196006961284e-05
22/05/2025,4,WT,5,5.8770500286013376e-05
22/05/2025,5,WT,5,6.179971615173601e-05
22/05/2025,6,WT,5,7.104735443221176e-05
22/05/2025,7,WT,5,8.950550608322444e-05
22/05/2025,8,WT,5,9.609340974451154e-05
22/05/2025,9,WT,5,9.074300308118527e-05
22/05/2025,10,WT,5,8.796482232076325e-05
22/05/2025,11,WT,5,8.796659017361749e-05
22/05/2025,12,WT,5,9.581232114068904e-05
22/05/2025,13,WT,5,0.00010056872924499413
22/05/2025,14,WT,5,9.863823392817529e-05
22/05/2025,15,WT,5,9.498319815205528e-05
22/05/2025,16,WT,5,9.618975772506707e-05
22/05/2025,17,WT,5,0.00010338049920964656
22/05/2025,18,WT,5,0.00012017598525125617
22/05/2025,19,WT,5,0.00013847856585109665
22/05/2025,20,WT,5,0.00014546865603672098
22/05/2025,21,WT,5,0.000142852233812461
22/05/2025,22,WT,5,0.0001367098290704398
22/05/2025,23,WT,5,0.00012051983263140386
22/05/2025,24,WT,5,9.418147688266211e-05
23/05/2025,1,WT,5,7.265730530853299e-05
23/05/2025,2,WT,5,6.249012785396156e-05
23/05/2025,3,WT,5,5.886409004068576e-05
23/05/2025,4,WT,5,5.8573372723294845e-05
23/05/2025,5,WT,5,6.15924280163211e-05
23/05/2025,6,WT,5,7.080904793918105e-05
23/05/2025,7,WT,5,8.920528739905113e-05
23/05/2025,8,WT,5,9.577109396424658e-05
23/05/2025,9,WT,5,9.04386335940429e-05
23/05/2025,10,WT,5,8.766977138628637e-05
23/05/2025,11,WT,5,8.767153330942208e-05
23/05/2025,12,WT,5,9.549094818566991e-05
23/05/2025,13,WT,5,0.00010023140238227753
23/05/2025,14,WT,5,9.830738231809037e-05
23/05/2025,15,WT,5,9.46646062350254e-05
23/05/2025,16,WT,5,9.586711877514237e-05
23/05/2025,17,WT,5,0.00010303374112961241
23/05/2025,18,WT,5,0.0001197728918803543
23/05/2025,19,WT,5,0.00013801408210428257
23/05/2025,20,WT,5,0.00014498072618285035
23/05/2025,21,WT,5,0.0001423730799420106
23/05/2025,22,WT,5,0.00013625127800701218
23/05/2025,23,WT,5,0.00012011558593024841
23/05/2025,24,WT,5,9.386557409298432e-05
24/05/2025,1,SA,5,7.966234716878052e-05
24/05/2025,2,SA,5,6.700371853007685e-05
24/05/2025,3,SA,5,6.162312088160792e-05
24/05/2025,4,SA,5,5.996890319725488e-05
24/05/2025,5,SA,5,6.049660215070295e-05
24/05/2025,6,SA,5,6.245286382837736e-05
24/05/2025,7,SA,5,7.415706856958012e-05
24/05/2025,8,SA,5,9.647847088997445e-05
24/05/2025,9,SA,5,0.00011628430332413132
24/05/2025,10,SA,5,0.00012680667313797782
24/05/2025,11,SA,5,0.00013240238932820178
24/05/2025,12,SA,5,0.00014211169885770065
24/05/2025,13,SA,5,0.00014080430494474859
24/05/2025,14,SA,5,0.00013255516739459108
24/05/2025,15,SA,5,0.00012801133697180604
24/05/2025,16,SA,5,0.00012540532949454497
24/05/2025,17,SA,5,0.00012607439206114638
24/05/2025,18,SA,5,0.00013417865385869341
24/05/2025,19,SA,5,0.00014324348579779152
24/05/2025,20,SA,5,0.0001434840673506114
24/05/2025,21,SA,5,0.00013969973708545126
24/05/2025,22,SA,5,0.00013499347021276963
24/05/2025,23,SA,5,0.00012424368936906778
24/05/2025,24,SA,5,0.00010341933649231563
25/05/2025,1,FT,5,8.261211605265987e-05
25/05/2025,2,FT,5,7.027692064849622e-05
25/05/2025,3,FT,5,6.46182208625209e-05
25/05/2025,4,FT,5,6.213280369701364e-05
25/05/2025,5,FT,5,6.135042237801241e-05
25/05/2025,6,FT,5,6.27839129826254e-05
25/05/2025,7,FT,5,7.128859045248439e-05
25/05/2025,8,FT,5,9.173727266700641e-05
25/05/2025,9,FT,5,0.00011718829450055643
25/05/2025,10,FT,5,0.00013516731219357796
25/05/2025,11,FT,5,0.00014690303197859638
25/05/2025,12,FT,5,0.00016128082022230013
25/05/2025,13,FT,5,0.0001543864130286853
25/05/2025,14,FT,5,0.00013856725785836517
25/05/2025,15,FT,5,0.0001278099522955429
25/05/2025,16,FT,5,0.00012150801954595919
25/05/2025,17,FT,5,0.0001213653706030093
25/05/2025,18,FT,5,0.00013306783480623573
25/05/2025,19,FT,5,0.00014544766270175178
25/05/2025,20,FT,5,0.00014671925113185112
25/05/2025,21,FT,5,0.00014174229077261176
25/05/2025,22,FT,5,0.00013438493087457675
25/05/2025,23,FT,5,0.0001176731258772082
25/05/2025,24,FT,5,9.196393571132558e-05
26/05/2025,1,WT,5,7.194279454399242e-05
26/05/2025,2,WT,5,6.187560094796675e-05
26/05/2025,3,WT,5,5.8285221531864035e-05
26/05/2025,4,WT,5,5.7997363123867456e-05
26/05/2025,5,WT,5,6.098672907600157e-05
26/05/2025,6,WT,5,7.011271290769902e-05
26/05/2025,7,WT,5,8.832804404643986e-05
26/05/2025,8,WT,5,9.482928257613218e-05
26/05/2025,9,WT,5,8.954926153491019e-05
26/05/2025,10,WT,5,8.680762827329431e-05
26/05/2025,11,WT,5,8.680937286970644e-05
26/05/2025,12,WT,5,9.455189174660823e-05
26/05/2025,13,WT,5,9.92457283933645e-05
26/05/2025,14,WT,5,9.734062911135082e-05
26/05/2025,15,WT,5,9.37336760293331e-05
26/05/2025,16,WT,5,9.492436308059166e-05
26/05/2025,17,WT,5,0.00010202050898681029
26/05/2025,18,WT,5,0.00011859504719997064
26/05/2025,19,WT,5,0.00013665685385444662
26/05/2025,20,WT,5,0.00014355498806789178
26/05/2025,21,WT,5,0.0001409729853779831
26/05/2025,22,WT,5,0.00013491138514414006
26/05/2025,23,WT,5,0.00011893437120212418
26/05/2025,24,WT,5,9.294250155644556e-05
27/05/2025,1,WT,5,7.171113567044622e-05
27/05/2025,2,WT,5,6.167635886811074e-05
27/05/2025,3,WT,5,5.809754062719458e-05
27/05/2025,4,WT,5,5.781060913557598e-05
27/05/2025,5,WT,5,6.079034920156711e-05
27/05/2025,6,WT,5,6.988694697524648e-05
27/05/2025,7,WT,5,8.804362396912657e-05
27/05/2025,8,WT,5,9.452392823286509e-05
27/05/2025,9,WT,5,8.926090908508444e-05
27/05/2025,10,WT,5,8.652810399975901e-05
27/05/2025,11,WT,5,8.652984297849613e-05
27/05/2025,12,WT,5,9.424743061366896e-05
27/05/2025,13,WT,5,9.892615290578984e-05
27/05/2025,14,WT,5,9.702718812489558e-05
27/05/2025,15,WT,5,9.343184958597718e-05
27/05/2025,16,WT,5,9.46187025740361e-05
27/05/2025,17,WT,5,0.00010169199858711981
27/05/2025,18,WT,5,0.00011821316607877366
27/05/2025,19,WT,5,0.00013621681294379045
27/05/2025,20,WT,5,0.00014309273487021526
27/05/2025,21,WT,5,0.00014051904633933293
27/05/2025,22,WT,5,0.0001344769647173392
27/05/2025,23,WT,5,0.0001185513974431362
27/05/2025,24,WT,5,9.26432227287102e-05
28/05/2025,1,WT,5,7.148280797229335e-05
28/05/2025,2,WT,5,6.147998182123865e-05
28/05/2025,3,WT,5,5.7912558509762944e-05
28/05/2025,4,WT,5,5.762654060578165e-05
28/05/2025,5,WT,5,6.059679320258127e-05
28/05/2025,6,WT,5,6.966442747970927e-05
28/05/2025,7,WT,5,8.77632937552768e-05
28/05/2025,8,WT,5,9.422296478064812e-05
28/05/2025,9,WT,5,8.897670304489435e-05
28/05/2025,10,WT,5,8.625259918970287e-05
28/05/2025,11,WT,5,8.625433263154521e-05
28/05/2025,12,WT,5,9.394734752772073e-05
28/05/2025,13,WT,5,9.861117280445803e-05
28/05/2025,14,WT,5,9.67182543126546e-05
28/05/2025,15,WT,5,9.313436330367692e-05
28/05/2025,16,WT,5,9.431743736105407e-05
28/05/2025,17,WT,5,0.00010136821205465343
28/05/2025,18,WT,5,0.00011783677627752761
28/05/2025,19,WT,5,0.00013578309967097175
28/05/2025,20,WT,5,0.0001426371287154688
28/05/2025,21,WT,5,0.00014007163478884873
28/05/2025,22,WT,5,0.00013404879110773973
28/05/2025,23,WT,5,0.00011817393071585704
28/05/2025,24,WT,5,9.234824742818897e-05
29/05/2025,1,WT,5,7.125785557071093e-05
29/05/2025,2,WT,5,6.128650775450512e-05
29/05/2025,3,WT,5,5.773031092481072e-05
29/05/2025,4,WT,5,5.744519310318799e-05
29/05/2025,5,WT,5,6.040609848107007e-05
29/05/2025,6,WT,5,6.944519741990944e-05
29/05/2025,7,WT,5,8.748710757483624e-05
29/05/2025,8,WT,5,9.392645037651562e-05
29/05/2025,9,WT,5,8.869669833323569e-05
29/05/2025,10,WT,5,8.598116708062893e-05
29/05/2025,11,WT,5,8.598289506742663e-05
29/05/2025,12,WT,5,9.365170047567918e-05
29/05/2025,13,WT,5,9.830084895492738e-05
29/05/2025,14,WT,5,9.641388737182425e-05
29/05/2025,15,WT,5,9.284127466755153e-05
29/05/2025,16,WT,5,9.4020625656991e-05
29/05/2025,17,WT,5,0.00010104921195669075
29/05/2025,18,WT,5,0.00011746595052836796
29/05/2025,19,WT,5,0.00013535579784509593
29/05/2025,20,WT,5,0.00014218825764325516
29/05/2025,21,WT,5,0.00013963083718263912
29/05/2025,22,WT,5,0.00013362694705398357
29/05/2025,23,WT,5,0.0001178020439605232
29/05/2025,24,WT,5,9.205763265478848e-05
30/05/2025,1,WT,5,7.103632180709687e-05
30/05/2025,2,WT,5,6.109597394440266e-05
30/05/2025,3,WT,5,5.755083298583327e-05
30/05/2025,4,WT,5,5.7266601567872166e-05
30/05/2025,5,WT,5,6.021830177803186e-05
30/05/2025,6,WT,5,6.922929903472599e-05
30/05/2025,7,WT,5,8.721511864037371e-05
30/05/2025,8,WT,5,9.363444214965886e-05
30/05/2025,9,WT,5,8.842094889839052e-05
30/05/2025,10,WT,5,8.57138599691428e-05
30/05/2025,11,WT,5,8.571558258379711e-05
30/05/2025,12,WT,5,9.336054641962366e-05
30/05/2025,13,WT,5,9.799524114704392e-05
30/05/2025,14,WT,5,9.611414594453774e-05
30/05/2025,15,WT,5,9.255264014675237e-05
30/05/2025,16,WT,5,9.372832464831875e-05
30/05/2025,17,WT,5,0.00010073505975472351
30/05/2025,18,WT,5,0.000117100760277993
30/05/2025,19,WT,5,0.00013493498979406148
30/05/2025,20,WT,5,0.0001417462081372021
30/05/2025,21,WT,5,0.00013919673844882367
30/05/2025,22,WT,5,0.00013321151383242463
30/05/2025,23,WT,5,0.00011743580882825619
30/05/2025,24,WT,5,9.177143440102291e-05
31/05/2025,1,SA,5,7.790479681509858e-05
31/05/2025,2,SA,5,6.552544914201779e-05
31/05/2025,3,SA,5,6.026356091696129e-05
31/05/2025,4,SA,5,5.8645839406516373e-05
31/05/2025,5,SA,5,5.916189600300122e-05
31/05/2025,6,SA,5,6.107499766185006e-05
31/05/2025,7,SA,5,7.252097841250327e-05
31/05/2025,8,SA,5,9.43499148448443e-05
31/05/2025,9,SA,5,0.0001137187811458559
31/05/2025,10,SA,5,0.0001240090011995564
31/05/2025,11,SA,5,0.0001294812619140285
31/05/2025,12,SA,5,0.00013897635982406022
31/05/2025,13,SA,5,0.00013769781028634664
31/05/2025,14,SA,5,0.0001296306693146747
31/05/2025,15,SA,5,0.00012518708714028378
31/05/2025,16,SA,5,0.0001226385746970776
31/05/2025,17,SA,5,0.00012329287607232124
31/05/2025,18,SA,5,0.0001312183376123459
31/05/2025,19,SA,5,0.00014008317671735298
31/05/2025,20,SA,5,0.00014031845044020958
31/05/2025,21,SA,5,0.00013661761195293912
31/05/2025,22,SA,5,0.00013201517708245891
31/05/2025,23,SA,5,0.00012150256325423331
31/05/2025,24,SA,5,0.00010113764761558051
01/06/2025,1,FT,6,8.816835137036413e-05
01/06/2025,2,FT,6,7.561078390216852e-05
01/06/2025,3,FT,6,6.854313941260392e-05
01/06/2025,4,FT,6,6.517368099316031e-05
01/06/2025,5,FT,6,6.328435306335545e-05
01/06/2025,6,FT,6,6.353175486295383e-05
01/06/2025,7,FT,6,7.128938499430487e-05
01/06/2025,8,FT,6,8.820430595715697e-05
01/06/2025,9,FT,6,0.00011164070411495858
01/06/2025,10,FT,6,0.00013089695352729694
01/06/2025,11,FT,6,0.00014448693127340137
01/06/2025,12,FT,6,0.00016084370007937406
01/06/2025,13,FT,6,0.0001562141189990004
01/06/2025,14,FT,6,0.00014164651891676683
01/06/2025,15,FT,6,0.0001317427423785191
01/06/2025,16,FT,6,0.00012673991844477207
01/06/2025,17,FT,6,0.00012733488125003459
01/06/2025,18,FT,6,0.00013760933245688468
01/06/2025,19,FT,6,0.00014852497379487384
01/06/2025,20,FT,6,0.00015011639229125224
01/06/2025,21,FT,6,0.00014478826495318902
01/06/2025,22,FT,6,0.0001352611555146759
01/06/2025,23,FT,6,0.00012342182372074683
01/06/2025,24,FT,6,9.821080988624135e-05
02/06/2025,1,WT,6,7.808015494199554e-05
02/06/2025,2,WT,6,6.73746677047527e-05
02/06/2025,3,WT,6,6.28681722401396e-05
02/06/2025,4,WT,6,6.201125529951997e-05
02/06/2025,5,WT,6,6.40622228376763e-05
02/06/2025,6,WT,6,7.188457718108144e-05
02/06/2025,7,WT,6,8.898792237338867e-05
02/06/2025,8,WT,6,9.517581860794264e-05
02/06/2025,9,WT,6,9.129408728728726e-05
02/06/2025,10,WT,6,8.931481399515888e-05
02/06/2025,11,WT,6,8.922007517005054e-05
02/06/2025,12,WT,6,9.725751225153948e-05
02/06/2025,13,WT,6,0.00010273614755217426
02/06/2025,14,WT,6,0.00010089428823159941
02/06/2025,15,WT,6,9.803078590512648e-05
02/06/2025,16,WT,6,9.942455618802673e-05
02/06/2025,17,WT,6,0.00010647022286612923
02/06/2025,18,WT,6,0.0001218273010658989
02/06/2025,19,WT,6,0.0001385704680222086
02/06/2025,20,WT,6,0.0001442206574115531
02/06/2025,21,WT,6,0.00014099953735786935
02/06/2025,22,WT,6,0.00013322156516676724
02/06/2025,23,WT,6,0.00012391240872121134
02/06/2025,24,WT,6,9.929140973111771e-05
03/06/2025,1,WT,6,7.785005911239999e-05
03/06/2025,2,WT,6,6.717612007032794e-05
03/06/2025,3,WT,6,6.268290487921417e-05
03/06/2025,4,WT,6,6.182851320272206e-05
03/06/2025,5,WT,6,6.387343670731421e-05
03/06/2025,6,WT,6,7.167273921234412e-05
03/06/2025,7,WT,6,8.872568224543678e-05
03/06/2025,8,WT,6,9.489534325596236e-05
03/06/2025,9,WT,6,9.102505107998023e-05
03/06/2025,10,WT,6,8.905161054433763e-05
03/06/2025,11,WT,6,8.895715090679719e-05
03/06/2025,12,WT,6,9.697090231867571e-05
03/06/2025,13,WT,6,0.00010243339252923623
03/06/2025,14,WT,6,0.00010059696101741355
03/06/2025,15,WT,6,9.774189719806001e-05
03/06/2025,16,WT,6,9.913156015394806e-05
03/06/2025,17,WT,6,0.00010615646382869131
03/06/2025,18,WT,6,0.00012146828597522734
03/06/2025,19,WT,6,0.00013816211218812118
03/06/2025,20,WT,6,0.0001437956509315252
03/06/2025,21,WT,6,0.00014058402325514954
03/06/2025,22,WT,6,0.00013282897211185034
03/06/2025,23,WT,6,0.00012354724898884308
03/06/2025,24,WT,6,9.899880606875603e-05
04/06/2025,1,WT,6,7.762398266554003e-05
04/06/2025,2,WT,6,6.698104072533466e-05
04/06/2025,3,WT,6,6.250087382393273e-05
04/06/2025,4,WT,6,6.164896329949947e-05
04/06/2025,5,WT,6,6.368794834951251e-05
04/06/2025,6,WT,6,7.146460169257098e-05
04/06/2025,7,WT,6,8.846802300643334e-05
04/06/2025,8,WT,6,9.4619767331275e-05
04/06/2025,9,WT,6,9.076071447756743e-05
04/06/2025,10,WT,6,8.879300481007666e-05
04/06/2025,11,WT,6,8.869881948317222e-05
04/06/2025,12,WT,6,9.668929897379756e-05
04/06/2025,13,WT,6,0.00010213592612154363
04/06/2025,14,WT,6,0.00010030482760388731
04/06/2025,15,WT,6,9.745805488528813e-05
04/06/2025,16,WT,6,9.884368226218009e-05
04/06/2025,17,WT,6,0.00010584818562791359
04/06/2025,18,WT,6,0.0001211155422674827
04/06/2025,19,WT,6,0.00013776088963581636
04/06/2025,20,WT,6,0.00014337806859174076
04/06/2025,21,WT,6,0.00014017576747698865
04/06/2025,22,WT,6,0.00013244323698977735
04/06/2025,23,WT,6,0.00012318846797583965
04/06/2025,24,WT,6,9.871131369463866e-05
05/06/2025,1,WT,6,7.74019684864504e-05
05/06/2025,2,WT,6,6.678946667488584e-05
05/06/2025,3,WT,6,6.2322113604244e-05
05/06/2025,4,WT,6,6.147263964914467e-05
05/06/2025,5,WT,6,6.350579295004476e-05
05/06/2025,6,WT,6,7.126020410391456e-05
05/06/2025,7,WT,6,8.821499353243581e-05
05/06/2025,8,WT,6,9.434914310860122e-05
05/06/2025,9,WT,6,9.050112762275288e-05
05/06/2025,10,WT,6,8.853904584797665e-05
05/06/2025,11,WT,6,8.844512990274157e-05
05/06/2025,12,WT,6,9.641275563498291e-05
05/06/2025,13,WT,6,0.00010184380475628033
05/06/2025,14,WT,6,0.00010001794340657479
05/06/2025,15,WT,6,9.717931280960444e-05
05/06/2025,16,WT,6,9.856097712103592e-05
05/06/2025,17,WT,6,0.00010554544674189739
05/06/2025,18,WT,6,0.00012076913685554486
05/06/2025,19,WT,6,0.00013736687647425346
05/06/2025,20,WT,6,0.00014296798960449002
05/06/2025,21,WT,6,0.00013977484746649716
05/06/2025,22,WT,6,0.0001320644329716564
05/06/2025,23,WT,6,0.00012283613374031342
05/06/2025,24,WT,6,9.842898714394874e-05
06/06/2025,1,WT,6,7.718405859522772e-05
06/06/2025,2,WT,6,6.660143417774735e-05
06/06/2025,3,WT,6,6.214665805367046e-05
06/06/2025,4,WT,6,6.129957562401644e-05
06/06/2025,5,WT,6,6.332700498503095e-05
06/06/2025,6,WT,6,7.105958513222129e-05
06/06/2025,7,WT,6,8.796664171373203e-05
06/06/2025,8,WT,6,9.408352180834518e-05
06/06/2025,9,WT,6,9.024633964692439e-05
06/06/2025,10,WT,6,8.828978172424744e-05
06/06/2025,11,WT,6,8.819613018072995e-05
06/06/2025,12,WT,6,9.614132464293298e-05
06/06/2025,13,WT,6,0.00010155708372256361
06/06/2025,14,WT,6,9.9736362723367e-05
06/06/2025,15,WT,6,9.690572372785981e-05
06/06/2025,16,WT,6,9.828349823744649e-05
06/06/2025,17,WT,6,0.00010524830446931291
06/06/2025,18,WT,6,0.00012042913530274387
06/06/2025,19,WT,6,0.0001369801472773682
06/06/2025,20,WT,6,0.00014256549158444949
06/06/2025,21,WT,6,0.00013938133910485357
06/06/2025,22,WT,6,0.00013169263175282468
06/06/2025,23,WT,6,0.0001224903129677287
06/06/2025,24,WT,6,9.81518798519624e-05
07/06/2025,1,SA,6,8.441306127088732e-05
07/06/2025,2,SA,6,7.151736923976054e-05
07/06/2025,3,SA,6,6.544351259640538e-05
07/06/2025,4,SA,6,6.31827489448338e-05
07/06/2025,5,SA,6,6.254414841951082e-05
07/06/2025,6,SA,6,6.398962365337754e-05
07/06/2025,7,SA,6,7.49148249989887e-05
07/06/2025,8,SA,6,9.479389563377914e-05
07/06/2025,9,SA,6,0.0001139106842185793
07/06/2025,10,SA,6,0.00012451784735790307
07/06/2025,11,SA,6,0.00013078774342471043
07/06/2025,12,SA,6,0.00014005965092017716
07/06/2025,13,SA,6,0.00013890360728145018
07/06/2025,14,SA,6,0.00013142045435362068
07/06/2025,15,SA,6,0.00012789931706972524
07/06/2025,16,SA,6,0.0001252683502150679
07/06/2025,17,SA,6,0.00012585983396908902
07/06/2025,18,SA,6,0.00013278768209228978
07/06/2025,19,SA,6,0.00014028009010019638
07/06/2025,20,SA,6,0.00013909543985032188
07/06/2025,21,SA,6,0.00013340945519929072
07/06/2025,22,SA,6,0.00012725735106073786
07/06/2025,23,SA,6,0.0001235595258844606
07/06/2025,24,SA,6,0.0001057695792343565
08/06/2025,1,FT,6,8.641936517015688e-05
08/06/2025,2,FT,6,7.411090083101702e-05
08/06/2025,3,FT,6,6.718345645280865e-05
08/06/2025,4,FT,6,6.388083762133722e-05
08/06/2025,5,FT,6,6.20289880885482e-05
08/06/2025,6,FT,6,6.227148220498502e-05
08/06/2025,7,FT,6,6.987522505325587e-05
08/06/2025,8,FT,6,8.645460652963904e-05
08/06/2025,9,FT,6,0.00010942609935209675
08/06/2025,10,FT,6,0.00012830036459475895
08/06/2025,11,FT,6,0.0001416207593990295
08/06/2025,12,FT,6,0.00015765306072345142
08/06/2025,13,FT,6,0.00015311531615012892
08/06/2025,14,FT,6,0.0001388366919999385
08/06/2025,15,FT,6,0.00012912937562257747
08/06/2025,16,FT,6,0.00012422579217463055
08/06/2025,17,FT,6,0.0001248089527660616
08/06/2025,18,FT,6,0.00013487959077808403
08/06/2025,19,FT,6,0.0001455786997008717
08/06/2025,20,FT,6,0.0001471385493979513
08/06/2025,21,FT,6,0.00014191611555468956
08/06/2025,22,FT,6,0.00013257799437190357
08/06/2025,23,FT,6,0.00012097351814241936
08/06/2025,24,FT,6,9.626261250552054e-05
09/06/2025,1,WT,6,7.655536187566016e-05
09/06/2025,2,WT,6,6.605893739864385e-05
09/06/2025,3,WT,6,6.164044730547268e-05
09/06/2025,4,WT,6,6.080026471957422e-05
09/06/2025,5,WT,6,6.281117981311406e-05
09/06/2025,6,WT,6,7.048077483279472e-05
09/06/2025,7,WT,6,8.725011630572222e-05
09/06/2025,8,WT,6,9.331717183138339e-05
09/06/2025,9,WT,6,8.951124513749276e-05
09/06/2025,10,WT,6,8.757062420452611e-05
09/06/2025,11,WT,6,8.747773549234012e-05
09/06/2025,12,WT,6,9.53582129937403e-05
09/06/2025,13,WT,6,0.00010072985843087398
09/06/2025,14,WT,6,9.892396797233925e-05
09/06/2025,15,WT,6,9.611638572563673e-05
09/06/2025,16,WT,6,9.74829376805891e-05
09/06/2025,17,WT,6,0.00010439101262739365
09/06/2025,18,WT,6,0.00011944818918921732
09/06/2025,19,WT,6,0.00013586438618878914
09/06/2025,20,WT,6,0.00014140423551015148
09/06/2025,21,WT,6,0.00013824601929582797
09/06/2025,22,WT,6,0.0001306199397088831
09/06/2025,23,WT,6,0.00012149257769255392
09/06/2025,24,WT,6,9.735239138238176e-05
10/06/2025,1,WT,6,7.635427203811417e-05
10/06/2025,2,WT,6,6.588541877546072e-05
10/06/2025,3,WT,6,6.147853483806054e-05
10/06/2025,4,WT,6,6.064055918026701e-05
10/06/2025,5,WT,6,6.264619215404968e-05
10/06/2025,6,WT,6,7.029564126129832e-05
10/06/2025,7,WT,6,8.702093429568505e-05
10/06/2025,8,WT,6,9.307205333851674e-05
10/06/2025,9,WT,6,8.927612376516525e-05
10/06/2025,10,WT,6,8.734060030856845e-05
10/06/2025,11,WT,6,8.724795558942995e-05
10/06/2025,12,WT,6,9.510773324823625e-05
10/06/2025,13,WT,6,0.00010046526885319304
10/06/2025,14,WT,6,9.866412197120258e-05
10/06/2025,15,WT,6,9.586391446931288e-05
10/06/2025,16,WT,6,9.722687686889139e-05
10/06/2025,17,WT,6,0.00010411680620662594
10/06/2025,18,WT,6,0.00011913443171527016
10/06/2025,19,WT,6,0.00013550750788950865
10/06/2025,20,WT,6,0.000141032805553446
10/06/2025,21,WT,6,0.00013788288510273606
10/06/2025,22,WT,6,0.00013027683712517403
10/06/2025,23,WT,6,0.00012117345017342707
10/06/2025,24,WT,6,9.709667347983185e-05
11/06/2025,1,WT,6,7.615748361484993e-05
11/06/2025,2,WT,6,6.57156118042089e-05
11/06/2025,3,WT,6,6.132008576098282e-05
11/06/2025,4,WT,6,6.048426982397544e-05
11/06/2025,5,WT,6,6.248473366523914e-05
11/06/2025,6,WT,6,7.011446779140712e-05
11/06/2025,7,WT,6,8.679665460584032e-05
11/06/2025,8,WT,6,9.283217805534581e-05
11/06/2025,9,WT,6,8.904603175902152e-05
11/06/2025,10,WT,6,8.71154967411728e-05
11/06/2025,11,WT,6,8.702309079594589e-05
11/06/2025,12,WT,6,9.486261139235878e-05
11/06/2025,13,WT,6,0.000100206338981652
11/06/2025,14,WT,6,9.840983420868194e-05
11/06/2025,15,WT,6,9.56168437020487e-05
11/06/2025,16,WT,6,9.697629332867526e-05
11/06/2025,17,WT,6,0.00010384846520118116
11/06/2025,18,WT,6,0.00011882738567386423
11/06/2025,19,WT,6,0.0001351582633992366
11/06/2025,20,WT,6,0.0001406693206731299
11/06/2025,21,WT,6,0.00013752751853541488
11/06/2025,22,WT,6,0.00012994107368088475
11/06/2025,23,WT,6,0.00012086114895484936
11/06/2025,24,WT,6,9.684642551376173e-05
12/06/2025,1,WT,6,7.596503343633646e-05
12/06/2025,2,WT,6,6.5549548265571e-05
12/06/2025,3,WT,6,6.116512972920476e-05
12/06/2025,4,WT,6,6.033142590145631e-05
12/06/2025,5,WT,6,6.23268345648821e-05
12/06/2025,6,WT,6,6.993728833113146e-05
12/06/2025,7,WT,6,8.657731921185929e-05
12/06/2025,8,WT,6,9.259759087637733e-05
12/06/2025,9,WT,6,8.88210121825528e-05
12/06/2025,10,WT,6,8.689535563220557e-05
12/06/2025,11,WT,6,8.680318319706605e-05
12/06/2025,12,WT,6,9.462289330255107e-05
12/06/2025,13,WT,6,9.995311727697056e-05
12/06/2025,14,WT,6,9.816115227669056e-05
12/06/2025,15,WT,6,9.537521966504116e-05
12/06/2025,16,WT,6,9.673123395858022e-05
12/06/2025,17,WT,6,0.00010358603983314525
12/06/2025,18,WT,6,0.0001185271085310312
12/06/2025,19,WT,6,0.00013481671808176918
12/06/2025,20,WT,6,0.00014031384889819808
12/06/2025,21,WT,6,0.00013717998610345448
12/06/2025,22,WT,6,0.00012961271221672993
12/06/2025,23,WT,6,0.00012055573248639913
12/06/2025,24,WT,6,9.660169432000578e-05
13/06/2025,1,WT,6,7.577695746810511e-05
13/06/2025,2,WT,6,6.538725919388241e-05
13/06/2025,3,WT,6,6.101369570126531e-05
13/06/2025,4,WT,6,6.018205597653285e-05
13/06/2025,5,WT,6,6.217252436152503e-05
13/06/2025,6,WT,6,6.976413599217568e-05
13/06/2025,7,WT,6,8.636296910364415e-05
13/06/2025,8,WT,6,9.236833564180205e-05
13/06/2025,9,WT,6,8.86011070879342e-05
13/06/2025,10,WT,6,8.668021812214268e-05
13/06/2025,11,WT,6,8.658827388962747e-05
13/06/2025,12,WT,6,9.438862377788029e-05
13/06/2025,13,WT,6,9.970565106180246e-05
13/06/2025,14,WT,6,9.791812264947901e-05
13/06/2025,15,WT,6,9.513908751354526e-05
13/06/2025,16,WT,6,9.649174455586416e-05
13/06/2025,17,WT,6,0.0001033295791451736
13/06/2025,18,WT,6,0.00011823365640325298
13/06/2025,19,WT,6,0.00013448293576587972
13/06/2025,20,WT,6,0.00013996645666003218
13/06/2025,21,WT,6,0.00013684035275451383
13/06/2025,22,WT,6,0.00012929181409765408
13/06/2025,23,WT,6,0.00012025725784500739
13/06/2025,24,WT,6,9.636252563449139e-05
14/06/2025,1,SA,6,8.29029063691309e-05
14/06/2025,2,SA,6,7.023791906828096e-05
14/06/2025,3,SA,6,6.427272409699921e-05
14/06/2025,4,SA,6,6.205240564737543e-05
14/06/2025,5,SA,6,6.142522972505892e-05
14/06/2025,6,SA,6,6.284484531733792e-05
14/06/2025,7,SA,6,7.35745941332534e-05
14/06/2025,8,SA,6,9.309802696141159e-05
14/06/2025,9,SA,6,0.00011187281501273348
14/06/2025,10,SA,6,0.000122290215345598
14/06/2025,11,SA,6,0.00012844794258288735
14/06/2025,12,SA,6,0.000137553975078181
14/06/2025,13,SA,6,0.0001364186131318531
14/06/2025,14,SA,6,0.00012906933427403623
14/06/2025,15,SA,6,0.00012561119035454403
14/06/2025,16,SA,6,0.0001230272916600991
14/06/2025,17,SA,6,0.00012360819373307473
14/06/2025,18,SA,6,0.0001304121022236598
14/06/2025,19,SA,6,0.00013777047058759724
14/06/2025,20,SA,6,0.00013660701380416952
14/06/2025,21,SA,6,0.00013102275177121175
14/06/2025,22,SA,6,0.0001249807091572746
14/06/2025,23,SA,6,0.00012134903830275414
14/06/2025,24,SA,6,0.00010387735490162082
15/06/2025,1,FT,6,8.490327140441005e-05
15/06/2025,2,FT,6,7.281073998740805e-05
15/06/2025,3,FT,6,6.600482687957733e-05
15/06/2025,4,FT,6,6.276014737468125e-05
15/06/2025,5,FT,6,6.094078567058941e-05
15/06/2025,6,FT,6,6.11790256037487e-05
15/06/2025,7,FT,6,6.864937257360843e-05
15/06/2025,8,FT,6,8.493789450888305e-05
15/06/2025,9,FT,6,0.0001075063881078513
15/06/2025,10,FT,6,0.00012604953363202088
15/06/2025,11,FT,6,0.00013913624276317557
15/06/2025,12,FT,6,0.0001548872822194887
15/06/2025,13,FT,6,0.0001504291453387779
15/06/2025,14,FT,6,0.00013640101750981044
15/06/2025,15,FT,6,0.00012686400094676613
15/06/2025,16,FT,6,0.0001220464432672406
15/06/2025,17,FT,6,0.00012261937321030532
15/06/2025,18,FT,6,0.0001325133374932734
15/06/2025,19,FT,6,0.00014302474713934286
15/06/2025,20,FT,6,0.00014455723169208717
15/06/2025,21,FT,6,0.0001394264173530443
15/06/2025,22,FT,6,0.0001302521190273359
15/06/2025,23,FT,6,0.0001188512253401631
15/06/2025,24,FT,6,9.457383422756442e-05
16/06/2025,1,WT,6,7.523932150634655e-05
16/06/2025,2,WT,6,6.492333792865797e-05
16/06/2025,3,WT,6,6.0580804779475516e-05
16/06/2025,4,WT,6,5.975506552156278e-05
16/06/2025,5,WT,6,6.173141157411686e-05
16/06/2025,6,WT,6,6.926916087568073e-05
16/06/2025,7,WT,6,8.575022560607226e-05
16/06/2025,8,WT,6,9.171298419159742e-05
16/06/2025,9,WT,6,8.797248404718797e-05
16/06/2025,10,WT,6,8.606522374927998e-05
16/06/2025,11,WT,6,8.597393185921194e-05
16/06/2025,12,WT,6,9.371893842471406e-05
16/06/2025,13,WT,6,9.899824150891907e-05
16/06/2025,14,WT,6,9.722339557408273e-05
16/06/2025,15,WT,6,9.446407763553972e-05
16/06/2025,16,WT,6,9.580713760383798e-05
16/06/2025,17,WT,6,0.00010259645789673597
16/06/2025,18,WT,6,0.00011739479103181928
16/06/2025,19,WT,6,0.00013352878209006028
16/06/2025,20,WT,6,0.00013897339751573978
16/06/2025,21,WT,6,0.00013586947325342638
16/06/2025,22,WT,6,0.00012837449132378632
16/06/2025,23,WT,6,0.0001194040350627762
16/06/2025,24,WT,6,9.567883548806668e-05
17/06/2025,1,WT,6,7.506908473579696e-05
17/06/2025,2,WT,6,6.477644214117617e-05
17/06/2025,3,WT,6,6.0443734423756264e-05
17/06/2025,4,WT,6,5.96198634865802e-05
17/06/2025,5,WT,6,6.159173785115599e-05
17/06/2025,6,WT,6,6.911243221292746e-05
17/06/2025,7,WT,6,8.555620682455201e-05
17/06/2025,8,WT,6,9.15054740501759e-05
17/06/2025,9,WT,6,8.777343717539831e-05
17/06/2025,10,WT,6,8.58704922517815e-05
17/06/2025,11,WT,6,8.577940691908574e-05
17/06/2025,12,WT,6,9.350688960373408e-05
17/06/2025,13,WT,6,9.877424771701408e-05
17/06/2025,14,WT,6,9.700341755523528e-05
17/06/2025,15,WT,6,9.42503428597914e-05
17/06/2025,16,WT,6,9.559036401557673e-05
17/06/2025,17,WT,6,0.00010236432276695955
17/06/2025,18,WT,6,0.00011712917313808389
17/06/2025,19,WT,6,0.00013322665936774803
17/06/2025,20,WT,6,0.00013865895578617977
17/06/2025,21,WT,6,0.00013556205447452392
17/06/2025,22,WT,6,0.00012808403071906037
17/06/2025,23,WT,6,0.00011913387104597341
17/06/2025,24,WT,6,9.546235219665297e-05
18/06/2025,1,WT,6,7.490338902911666e-05
18/06/2025,2,WT,6,6.463346479711245e-05
18/06/2025,3,WT,6,6.031032041817741e-05
18/06/2025,4,WT,6,5.9488267964304145e-05
18/06/2025,5,WT,6,6.145578992312626e-05
18/06/2025,6,WT,6,6.89598842854255e-05
18/06/2025,7,WT,6,8.536736349176625e-05
18/06/2025,8,WT,6,9.1303499239357e-05
18/06/2025,9,WT,6,8.757969987659247e-05
18/06/2025,10,WT,6,8.568095521470792e-05
18/06/2025,11,WT,6,8.559007092946899e-05
18/06/2025,12,WT,6,9.330049718258097e-05
18/06/2025,13,WT,6,9.855622895689615e-05
18/06/2025,14,WT,6,9.678930744747534e-05
18/06/2025,15,WT,6,9.404230945669367e-05
18/06/2025,16,WT,6,9.53793728602545e-05
18/06/2025,17,WT,6,0.00010213837983906296
18/06/2025,18,WT,6,0.0001168706405985664
18/06/2025,19,WT,6,0.00013293259576553022
18/06/2025,20,WT,6,0.00013835290178608892
18/06/2025,21,WT,6,0.00013526283608796376
18/06/2025,22,WT,6,0.00012780131814757836
18/06/2025,23,WT,6,0.00011887091365116839
18/06/2025,24,WT,6,9.525164359451319e-05
19/06/2025,1,WT,6,7.474226516220923e-05
19/06/2025,2,WT,6,6.449443245271895e-05
19/06/2025,3,WT,6,6.0180587542720635e-05
19/06/2025,4,WT,6,5.936030339695581e-05
19/06/2025,5,WT,6,6.132359304065389e-05
19/06/2025,6,WT,6,6.8811545427043e-05
19/06/2025,7,WT,6,8.518373068300057e-05
19/06/2025,8,WT,6,9.110709727343389e-05
19/06/2025,9,WT,6,8.739130813504895e-05
19/06/2025,10,WT,6,8.549664784219173e-05
19/06/2025,11,WT,6,8.540595905715201e-05
19/06/2025,12,WT,6,9.309979949606374e-05
19/06/2025,13,WT,6,9.834422572282119e-05
19/06/2025,14,WT,6,9.658110501907563e-05
19/06/2025,15,WT,6,9.384001606584754e-05
19/06/2025,16,WT,6,9.517420332683759e-05
19/06/2025,17,WT,6,0.00010191867107911713
19/06/2025,18,WT,6,0.00011661924143245033
19/06/2025,19,WT,6,0.00013264664590204066
19/06/2025,20,WT,6,0.0001380552923611673
19/06/2025,21,WT,6,0.00013497187366981624
19/06/2025,22,WT,6,0.00012752640611966197
19/06/2025,23,WT,6,0.00011861521171940598
19/06/2025,24,WT,6,9.504674881813305e-05
20/06/2025,1,WT,6,7.458574304604036e-05
20/06/2025,2,WT,6,6.435937091790059e-05
20/06/2025,3,WT,6,6.005455988094149e-05
20/06/2025,4,WT,6,5.923599353982274e-05
20/06/2025,5,WT,6,6.119517174471148e-05
20/06/2025,6,WT,6,6.866744317534226e-05
20/06/2025,7,WT,6,8.500534248777094e-05
20/06/2025,8,WT,6,9.091630461238334e-05
20/06/2025,9,WT,6,8.720829692372992e-05
20/06/2025,10,WT,6,8.53176043489746e-05
20/06/2025,11,WT,6,8.522710548058401e-05
20/06/2025,12,WT,6,9.290483380161504e-05
20/06/2025,13,WT,6,9.813827737097878e-05
20/06/2025,14,WT,6,9.637884892064586e-05
20/06/2025,15,WT,6,9.364350024091142e-05
20/06/2025,16,WT,6,9.497489350291035e-05
20/06/2025,17,WT,6,0.00010170523727376214
20/06/2025,18,WT,6,0.00011637502230936915
20/06/2025,19,WT,6,0.0001323688628608894
20/06/2025,20,WT,6,0.00013776618275950102
20/06/2025,21,WT,6,0.00013468922123422003
20/06/2025,22,WT,6,0.0001272593456698624
20/06/2025,23,WT,6,0.00011836681271908341
20/06/2025,24,WT,6,9.48477059040911e-05
21/06/2025,1,SA,6,8.163135344690901e-05
21/06/2025,2,SA,6,6.916061991010198e-05
21/06/2025,3,SA,6,6.328691824622716e-05
21/06/2025,4,SA,6,6.110065472346335e-05
21/06/2025,5,SA,6,6.048309833575304e-05
21/06/2025,6,SA,6,6.188094006709212e-05
21/06/2025,7,SA,6,7.24461175300946e-05
21/06/2025,8,SA,6,9.167010273751547e-05
21/06/2025,9,SA,6,0.00011015692577462593
21/06/2025,10,SA,6,0.00012041454551094261
21/06/2025,11,SA,6,0.00012647782640846244
21/06/2025,12,SA,6,0.0001354441918795666
21/06/2025,13,SA,6,0.00013432624395240715
21/06/2025,14,SA,6,0.00012708968728271562
21/06/2025,15,SA,6,0.00012368458388012298
21/06/2025,16,SA,6,0.00012114031665433873
21/06/2025,17,SA,6,0.00012171230893439193
21/06/2025,18,SA,6,0.00012841186004955267
21/06/2025,19,SA,6,0.00013565736681181968
21/06/2025,20,SA,6,0.0001345117549621541
21/06/2025,21,SA,6,0.0001290131435416712
21/06/2025,22,SA,6,0.0001230637729132943
21/06/2025,23,SA,6,0.00011948780410698732
21/06/2025,24,SA,6,0.00010228409888729348
22/06/2025,1,FT,6,8.363395848722973e-05
22/06/2025,2,FT,6,7.172221169813563e-05
22/06/2025,3,FT,6,6.501804771349034e-05
22/06/2025,4,FT,6,6.18218765115083e-05
22/06/2025,5,FT,6,6.002971445795789e-05
22/06/2025,6,FT,6,6.026439267883514e-05
22/06/2025,7,FT,6,6.762305716876434e-05
22/06/2025,8,FT,6,8.366806397261675e-05
22/06/2025,9,FT,6,0.00010589915619737854
22/06/2025,10,FT,6,0.00012416507972821795
22/06/2025,11,FT,6,0.00013705614116913892
22/06/2025,12,FT,6,0.00015257170091412638
22/06/2025,13,FT,6,0.00014818021365286654
22/06/2025,14,FT,6,0.00013436180782356563
22/06/2025,15,FT,6,0.0001249673706701789
22/06/2025,16,FT,6,0.00012022183598918726
22/06/2025,17,FT,6,0.00012078620056880553
22/06/2025,18,FT,6,0.00013053224903582496
22/06/2025,19,FT,6,0.00014088651199224594
22/06/2025,20,FT,6,0.00014239608573830405
22/06/2025,21,FT,6,0.00013734197761809666
22/06/2025,22,FT,6,0.0001283048360259071
22/06/2025,23,FT,6,0.00011707438690918667
22/06/2025,24,FT,6,9.315994536996633e-05
23/06/2025,1,WT,6,7.414407333755364e-05
23/06/2025,2,WT,6,6.397825807473764e-05
23/06/2025,3,WT,6,5.969893856683135e-05
23/06/2025,4,WT,6,5.8885219478585516e-05
23/06/2025,5,WT,6,6.083279614099057e-05
23/06/2025,6,WT,6,6.826081949136206e-05
23/06/2025,7,WT,6,8.450197169191772e-05
23/06/2025,8,WT,6,9.03779312434936e-05
23/06/2025,9,WT,6,8.669188103100161e-05
23/06/2025,10,WT,6,8.481238445167682e-05
23/06/2025,11,WT,6,8.472242148474929e-05
23/06/2025,12,WT,6,9.235468508436168e-05
23/06/2025,13,WT,6,9.755713809975005e-05
23/06/2025,14,WT,6,9.580812834632923e-05
23/06/2025,15,WT,6,9.308897740901378e-05
23/06/2025,16,WT,6,9.441248664318254e-05
23/06/2025,17,WT,6,0.00010110297576018376
23/06/2025,18,WT,6,0.00011568589165142579
23/06/2025,19,WT,6,0.00013158502248222082
23/06/2025,20,WT,6,0.00013695038141069423
23/06/2025,21,WT,6,0.00013389164053515665
23/06/2025,22,WT,6,0.00012650576199812067
23/06/2025,23,WT,6,0.00011766588740101196
23/06/2025,24,WT,6,9.428605220317621e-05
24/06/2025,1,WT,6,7.400624003523784e-05
24/06/2025,2,WT,6,6.385932295032509e-05
24/06/2025,3,WT,6,5.95879586667933e-05
24/06/2025,4,WT,6,5.8775752276515657e-05
24/06/2025,5,WT,6,6.071970840782757e-05
24/06/2025,6,WT,6,6.813392311588987e-05
24/06/2025,7,WT,6,8.434488313060457e-05
24/06/2025,8,WT,6,9.020991931537834e-05
24/06/2025,9,WT,6,8.653072144388163e-05
24/06/2025,10,WT,6,8.465471883526226e-05
24/06/2025,11,WT,6,8.45649231088471e-05
24/06/2025,12,WT,6,9.218299838498705e-05
24/06/2025,13,WT,6,9.737578007740951e-05
24/06/2025,14,WT,6,9.563002172061755e-05
24/06/2025,15,WT,6,9.291592566545671e-05
24/06/2025,16,WT,6,9.423697450542023e-05
24/06/2025,17,WT,6,0.00010091502605097989
24/06/2025,18,WT,6,0.00011547083240582602
24/06/2025,19,WT,6,0.0001313404068660615
24/06/2025,20,WT,6,0.00013669579163064113
24/06/2025,21,WT,6,0.00013364273693252578
24/06/2025,22,WT,6,0.00012627058869089225
24/06/2025,23,WT,6,0.00011744714735746772
24/06/2025,24,WT,6,9.411077510613407e-05
25/06/2025,1,WT,6,7.387314506442018e-05
25/06/2025,2,WT,6,6.374447648980419e-05
25/06/2025,3,WT,6,5.948079395181705e-05
25/06/2025,4,WT,6,5.8670048257093734e-05
25/06/2025,5,WT,6,6.0610508321257175e-05
25/06/2025,6,WT,6,6.80113890903201e-05
25/06/2025,7,WT,6,8.41931948438663e-05
25/06/2025,8,WT,6,9.004768317727666e-05
25/06/2025,9,WT,6,8.637510208205594e-05
25/06/2025,10,WT,6,8.450247333099679e-05
25/06/2025,11,WT,6,8.441283909582322e-05
25/06/2025,12,WT,6,9.201721380419914e-05
25/06/2025,13,WT,6,9.720065664725583e-05
25/06/2025,14,WT,6,9.545803791298003e-05
25/06/2025,15,WT,6,9.274882296696736e-05
25/06/2025,16,WT,6,9.406749599434106e-05
25/06/2025,17,WT,6,0.00010073353753810691
25/06/2025,18,WT,6,0.00011526316630818311
25/06/2025,19,WT,6,0.00013110420046494328
25/06/2025,20,WT,6,0.00013644995395007106
25/06/2025,21,WT,6,0.00013340238995416888
25/06/2025,22,WT,6,0.00012604349999798017
25/06/2025,23,WT,6,0.00011723592699763437
25/06/2025,24,WT,6,9.394152355571872e-05
26/06/2025,1,WT,6,7.374481314643902e-05
26/06/2025,2,WT,6,6.36337400249967e-05
26/06/2025,3,WT,6,5.937746432690093e-05
26/06/2025,4,WT,6,5.856812705400544e-05
26/06/2025,5,WT,6,6.0505216164331997e-05
26/06/2025,6,WT,6,6.789324017437893e-05
26/06/2025,7,WT,6,8.404693500660266e-05
26/06/2025,8,WT,6,8.989125296326826e-05
26/06/2025,9,WT,6,8.622505185059029e-05
26/06/2025,10,WT,6,8.435567621727891e-05
26/06/2025,11,WT,6,8.426619769408034e-05
26/06/2025,12,WT,6,9.185736213517275e-05
26/06/2025,13,WT,6,9.703180033708124e-05
26/06/2025,14,WT,6,9.529220886804888e-05
26/06/2025,15,WT,6,9.258770035155054e-05
26/06/2025,16,WT,6,9.390408258923813e-05
26/06/2025,17,WT,6,0.00010055854393162082
26/06/2025,18,WT,6,0.00011506293193083241
26/06/2025,19,WT,6,0.00013087644715233714
26/06/2025,20,WT,6,0.00013621291403138905
26/06/2025,21,WT,6,0.00013317064424263648
26/06/2025,22,WT,6,0.00012582453809931326
26/06/2025,23,WT,6,0.0001170322655540233
26/06/2025,24,WT,6,9.377832898906709e-05
27/06/2025,1,WT,6,7.362126813769445e-05
27/06/2025,2,WT,6,6.35271341413771e-05
27/06/2025,3,WT,6,5.9277989000616884e-05
27/06/2025,4,WT,6,5.847000761400262e-05
27/06/2025,5,WT,6,6.04038515104509e-05
27/06/2025,6,WT,6,6.77794983314864e-05
27/06/2025,7,WT,6,8.390613080794361e-05
27/06/2025,8,WT,6,8.974065775311627e-05
27/06/2025,9,WT,6,8.608059864323415e-05
27/06/2025,10,WT,6,8.421435478311617e-05
27/06/2025,11,WT,6,8.412502616367973e-05
27/06/2025,12,WT,6,9.170347309370608e-05
27/06/2025,13,WT,6,9.686924253661136e-05
27/06/2025,14,WT,6,9.513256541279305e-05
27/06/2025,15,WT,6,9.243258777126834e-05
27/06/2025,16,WT,6,9.374676466802242e-05
27/06/2025,17,WT,6,0.00010039007776214658
27/06/2025,18,WT,6,0.00011487016649655919
27/06/2025,19,WT,6,0.00013065718926669052
27/06/2025,20,WT,6,0.00013598471593938614
27/06/2025,21,WT,6,0.00013294754287854722
27/06/2025,22,WT,6,0.00012561374369904956
27/06/2025,23,WT,6,0.00011683620088649807
27/06/2025,24,WT,6,9.362122174340905e-05
28/06/2025,1,SA,6,8.060997938172101e-05
28/06/2025,2,SA,6,6.829528005567405e-05
28/06/2025,3,SA,6,6.249507033200125e-05
28/06/2025,4,SA,6,6.0336161407287485e-05
28/06/2025,5,SA,6,5.97263319045492e-05
28/06/2025,6,SA,6,6.110668379612281e-05
28/06/2025,7,SA,6,7.153966942597337e-05
28/06/2025,8,SA,6,9.052312352504761e-05
28/06/2025,9,SA,6,0.00010877863885010226
28/06/2025,10,SA,6,0.00011890791492522943
28/06/2025,11,SA,6,0.00012489533186120527
28/06/2025,12,SA,6,0.00013374950988515242
28/06/2025,13,SA,6,0.00013264554975766572
28/06/2025,14,SA,6,0.00012549953711293014
28/06/2025,15,SA,6,0.00012213703847134953
28/06/2025,16,SA,6,0.00011962460519722227
28/06/2025,17,SA,6,0.00012018944069185334
28/06/2025,18,SA,6,0.0001268051668124686
28/06/2025,19,SA,6,0.00013396001756593953
28/06/2025,20,SA,6,0.0001328287396478163
28/06/2025,21,SA,6,0.00012739892702659723
28/06/2025,22,SA,6,0.00012152399511088929
28/06/2025,23,SA,6,0.00011799276893890676
28/06/2025,24,SA,6,0.0001010043170207273
29/06/2025,1,FT,6,8.262297680767226e-05
29/06/2025,2,FT,6,7.085522126320085e-05
29/06/2025,3,FT,6,6.423209836626472e-05
29/06/2025,4,FT,6,6.107456303167889e-05
29/06/2025,5,FT,6,5.9304064941376326e-05
29/06/2025,6,FT,6,5.9535906331542814e-05
29/06/2025,7,FT,6,6.680561801904707e-05
29/06/2025,8,FT,6,8.2656670020084e-05
29/06/2025,9,FT,6,0.00010461902897713591
29/06/2025,10,FT,6,0.00012266415088165152
29/06/2025,11,FT,6,0.00013539938295394573
29/06/2025,12,FT,6,0.00015072738794325754
29/06/2025,13,FT,6,0.00014638898573557464
29/06/2025,14,FT,6,0.0001327376191734184
29/06/2025,15,FT,6,0.00012345674359267052
29/06/2025,16,FT,6,0.00011876857375137998
29/06/2025,17,FT,6,0.00011932611619485996
29/06/2025,18,FT,6,0.00012895435275118593
29/06/2025,19,FT,6,0.0001391834515955213
29/06/2025,20,FT,6,0.0001406747773544123
29/06/2025,21,FT,6,0.00013568176416272986
29/06/2025,22,FT,6,0.00012675386509296212
29/06/2025,23,FT,6,0.00011565917157738239
29/06/2025,24,FT,6,9.203381192200821e-05
30/06/2025,1,WT,6,7.32795801568137e-05
30/06/2025,2,WT,6,6.323229463718235e-05
30/06/2025,3,WT,6,5.9002870452884056e-05
30/06/2025,4,WT,6,5.819863903602127e-05
30/06/2025,5,WT,6,6.0123507656261585e-05
30/06/2025,6,WT,6,6.746492293071117e-05
30/06/2025,7,WT,6,8.351670914835388e-05
30/06/2025,8,WT,6,8.932415712868772e-05
30/06/2025,9,WT,6,8.568108493357621e-05
30/06/2025,10,WT,6,8.3823502607177e-05
30/06/2025,11,WT,6,8.373458857602983e-05
30/06/2025,12,WT,6,9.127786273200274e-05
30/06/2025,13,WT,6,9.641965701969418e-05
30/06/2025,14,WT,6,9.46910400898238e-05
30/06/2025,15,WT,6,9.200359347271759e-05
30/06/2025,16,WT,6,9.331167106608104e-05
30/06/2025,17,WT,6,9.992415149058528e-05
30/06/2025,18,WT,6,0.00011433703583681241
30/06/2025,19,WT,6,0.00013005078853063433
30/06/2025,20,WT,6,0.00013535358930715982
30/06/2025,21,WT,6,0.0001323305122481557
30/06/2025,22,WT,6,0.000125030750393703
30/06/2025,23,WT,6,0.00011629394554935797
30/06/2025,24,WT,6,9.31867108060904e-05
01/07/2025,1,WT,7,7.75819900552971e-05
01/07/2025,2,WT,7,6.728422490211901e-05
01/07/2025,3,WT,7,6.272006085333589e-05
01/07/2025,4,WT,7,6.157702011977282e-05
01/07/2025,5,WT,7,6.369272532640287e-05
01/07/2025,6,WT,7,6.972788441299047e-05
01/07/2025,7,WT,7,8.233972713243734e-05
01/07/2025,8,WT,7,8.994586732519564e-05
01/07/2025,9,WT,7,8.983788237136009e-05
01/07/2025,10,WT,7,9.08081471787863e-05
01/07/2025,11,WT,7,9.241592315811579e-05
01/07/2025,12,WT,7,0.00010105151991077312
01/07/2025,13,WT,7,0.00010502456632337488
01/07/2025,14,WT,7,0.0001014362663018465
01/07/2025,15,WT,7,9.813192671447827e-05
01/07/2025,16,WT,7,9.865185426998282e-05
01/07/2025,17,WT,7,0.00010546770457837419
01/07/2025,18,WT,7,0.00011972331826176237
01/07/2025,19,WT,7,0.00013417650441624232
01/07/2025,20,WT,7,0.00013886865063253429
01/07/2025,21,WT,7,0.00013509797602230577
01/07/2025,22,WT,7,0.00012908041448375063
01/07/2025,23,WT,7,0.00012045361650510957
01/07/2025,24,WT,7,9.69584902161318e-05
02/07/2025,1,WT,7,7.747672840027853e-05
02/07/2025,2,WT,7,6.719293504393426e-05
02/07/2025,3,WT,7,6.263496355944614e-05
02/07/2025,4,WT,7,6.149347368013776e-05
02/07/2025,5,WT,7,6.360630834127886e-05
02/07/2025,6,WT,7,6.96332790476341e-05
02/07/2025,7,WT,7,8.222801027720376e-05
02/07/2025,8,WT,7,8.982383061474284e-05
02/07/2025,9,WT,7,8.971599217268078e-05
02/07/2025,10,WT,7,9.068494054468993e-05
02/07/2025,11,WT,7,9.229053512650226e-05
02/07/2025,12,WT,7,0.0001009144152783659
02/07/2025,13,WT,7,0.00010488207114297377
02/07/2025,14,WT,7,0.0001012986396534165
02/07/2025,15,WT,7,9.799878332631864e-05
02/07/2025,16,WT,7,9.851800545476542e-05
02/07/2025,17,WT,7,0.00010532460815706534
02/07/2025,18,WT,7,0.00011956088011580138
02/07/2025,19,WT,7,0.00013399445648334713
02/07/2025,20,WT,7,0.00013868023649176066
02/07/2025,21,WT,7,0.00013491467785560973
02/07/2025,22,WT,7,0.0001289052808212942
02/07/2025,23,WT,7,0.00012029018750545043
02/07/2025,24,WT,7,9.6826938922578e-05
03/07/2025,1,WT,7,7.73766744203804e-05
03/07/2025,2,WT,7,6.710616162550274e-05
03/07/2025,3,WT,7,6.25540763367369e-05
03/07/2025,4,WT,7,6.141406058530918e-05
03/07/2025,5,WT,7,6.3524166717238e-05
03/07/2025,6,WT,7,6.954335415217287e-05
03/07/2025,7,WT,7,8.212182045921311e-05
03/07/2025,8,WT,7,8.970783150212841e-05
03/07/2025,9,WT,7,8.960013232337212e-05
03/07/2025,10,WT,7,9.056782938878973e-05
03/07/2025,11,WT,7,9.217135049471671e-05
03/07/2025,12,WT,7,0.00010078409370844197
03/07/2025,13,WT,7,0.00010474662571497894
03/07/2025,14,WT,7,0.00010116782189349218
03/07/2025,15,WT,7,9.787222702354967e-05
03/07/2025,16,WT,7,9.839077862496885e-05
03/07/2025,17,WT,7,0.00010518859123372703
03/07/2025,18,WT,7,0.0001194064783729463
03/07/2025,19,WT,7,0.0001338214151207049
03/07/2025,20,WT,7,0.00013850114388058935
03/07/2025,21,WT,7,0.00013474044811275857
03/07/2025,22,WT,7,0.0001287388116551025
03/07/2025,23,WT,7,0.00012013484393001663
03/07/2025,24,WT,7,9.670189594773134e-05
04/07/2025,1,WT,7,7.728184698945482e-05
04/07/2025,2,WT,7,6.702392101547535e-05
04/07/2025,3,WT,7,6.247741444350652e-05
04/07/2025,4,WT,7,6.133879581551082e-05
04/07/2025,5,WT,7,6.344631594920475e-05
04/07/2025,6,WT,7,6.945812668974189e-05
04/07/2025,7,WT,7,8.202117770976163e-05
04/07/2025,8,WT,7,8.959789186904165e-05
04/07/2025,9,WT,7,8.949032467885311e-05
04/07/2025,10,WT,7,9.045683580254714e-05
04/07/2025,11,WT,7,9.205839174535426e-05
04/07/2025,12,WT,7,0.00010066057978443161
04/07/2025,13,WT,7,0.00010461825558936838
04/07/2025,14,WT,7,0.00010104383769910339
04/07/2025,15,WT,7,9.775228167933412e-05
04/07/2025,16,WT,7,9.827019778024188e-05
04/07/2025,17,WT,7,0.00010505967946614211
04/07/2025,18,WT,7,0.0001192601421590318
04/07/2025,19,WT,7,0.00013365741297026643
04/07/2025,20,WT,7,0.00013833140658245873
04/07/2025,21,WT,7,0.0001345753196598753
04/07/2025,22,WT,7,0.00012858103838736884
04/07/2025,23,WT,7,0.00011998761508230683
04/07/2025,24,WT,7,9.658338487928538e-05
05/07/2025,1,SA,7,8.413384552208476e-05
05/07/2025,2,SA,7,7.233904648471663e-05
05/07/2025,3,SA,7,6.628645224185668e-05
05/07/2025,4,SA,7,6.401981339850823e-05
05/07/2025,5,SA,7,6.376433900640325e-05
05/07/2025,6,SA,7,6.494541065090087e-05
05/07/2025,7,SA,7,7.423242211966259e-05
05/07/2025,8,SA,7,9.200898293603602e-05
05/07/2025,9,SA,7,0.00011001634616272233
05/07/2025,10,SA,7,0.00012132725600881378
05/07/2025,11,SA,7,0.00012807225748261237
05/07/2025,12,SA,7,0.0001380150661448148
05/07/2025,13,SA,7,0.0001377715298084157
05/07/2025,14,SA,7,0.00013079413418354353
05/07/2025,15,SA,7,0.00012716178176744712
05/07/2025,16,SA,7,0.00012561938497025282
05/07/2025,17,SA,7,0.00012561222213682932
05/07/2025,18,SA,7,0.00013153270189654467
05/07/2025,19,SA,7,0.0001377882430864039
05/07/2025,20,SA,7,0.00013566645265228626
05/07/2025,21,SA,7,0.00013008660541537749
05/07/2025,22,SA,7,0.00012504874590751373
05/07/2025,23,SA,7,0.00011959703380184763
05/07/2025,24,SA,7,0.00010296970981475623
06/07/2025,1,FT,7,8.563353348552283e-05
06/07/2025,2,FT,7,7.407262883949887e-05
06/07/2025,3,FT,7,6.737236035121044e-05
06/07/2025,4,FT,7,6.400950609095178e-05
06/07/2025,5,FT,7,6.275737950468527e-05
06/07/2025,6,FT,7,6.329082518048515e-05
06/07/2025,7,FT,7,6.996088363050172e-05
06/07/2025,8,FT,7,8.610178907873616e-05
06/07/2025,9,FT,7,0.0001090892432005752
06/07/2025,10,FT,7,0.00012827182250217835
06/07/2025,11,FT,7,0.00014203169993398846
06/07/2025,12,FT,7,0.00015758668963995086
06/07/2025,13,FT,7,0.00015305518389917682
06/07/2025,14,FT,7,0.0001383333552487111
06/07/2025,15,FT,7,0.00012892451832905122
06/07/2025,16,FT,7,0.00012425865741806823
06/07/2025,17,FT,7,0.00012315758102316086
06/07/2025,18,FT,7,0.00013270713312108686
06/07/2025,19,FT,7,0.00014154754432063206
06/07/2025,20,FT,7,0.00014167235947875516
06/07/2025,21,FT,7,0.00013644284285370045
06/07/2025,22,FT,7,0.00012902945846199546
06/07/2025,23,FT,7,0.0001181872347264381
06/07/2025,24,FT,7,9.468859495699949e-05
07/07/2025,1,WT,7,7.702889897367552e-05
07/07/2025,2,WT,7,6.680454779277112e-05
07/07/2025,3,WT,7,6.227292220334744e-05
07/07/2025,4,WT,7,6.113803034087171e-05
07/07/2025,5,WT,7,6.323865243761649e-05
07/07/2025,6,WT,7,6.923078616916253e-05
07/07/2025,7,WT,7,8.17527175866955e-05
07/07/2025,8,WT,7,8.930463271635373e-05
07/07/2025,9,WT,7,8.919741759988472e-05
07/07/2025,10,WT,7,9.016076527601002e-05
07/07/2025,11,WT,7,9.175707923232647e-05
07/07/2025,12,WT,7,0.00010033111180565595
07/07/2025,13,WT,7,0.00010427583390566776
07/07/2025,14,WT,7,0.0001007131152947048
07/07/2025,15,WT,7,9.743233273075297e-05
07/07/2025,16,WT,7,9.794855366190008e-05
07/07/2025,17,WT,7,0.00010471581297621468
07/07/2025,18,WT,7,0.00011886979672222048
07/07/2025,19,WT,7,0.0001332199444220621
07/07/2025,20,WT,7,0.0001378786397791528
07/07/2025,21,WT,7,0.0001341348467492644
07/07/2025,22,WT,7,0.00012816018511077257
07/07/2025,23,WT,7,0.00011959488858397015
07/07/2025,24,WT,7,9.626726179845636e-05
08/07/2025,1,WT,7,7.695514813668186e-05
08/07/2025,2,WT,7,6.674058619679422e-05
08/07/2025,3,WT,7,6.221329938391564e-05
08/07/2025,4,WT,7,6.107949411654735e-05
08/07/2025,5,WT,7,6.317810498581896e-05
08/07/2025,6,WT,7,6.916450158644443e-05
08/07/2025,7,WT,7,8.167444395914973e-05
08/07/2025,8,WT,7,8.921912855495459e-05
08/07/2025,9,WT,7,8.91120160909275e-05
08/07/2025,10,WT,7,9.007444141585246e-05
08/07/2025,11,WT,7,9.166922699136699e-05
08/07/2025,12,WT,7,0.00010023505041089682
08/07/2025,13,WT,7,0.00010417599566143446
08/07/2025,14,WT,7,0.00010061668815309703
08/07/2025,15,WT,7,9.733904675386792e-05
08/07/2025,16,WT,7,9.78547734325169e-05
08/07/2025,17,WT,7,0.00010461555347677529
08/07/2025,18,WT,7,0.00011875598557967087
08/07/2025,19,WT,7,0.000133092393820453
08/07/2025,20,WT,7,0.00013774662873884523
08/07/2025,21,WT,7,0.00013400642018015094
08/07/2025,22,WT,7,0.00012803747894403356
08/07/2025,23,WT,7,0.00011948038320675779
08/07/2025,24,WT,7,9.617509131144016e-05
09/07/2025,1,WT,7,7.688670446256116e-05
09/07/2025,2,WT,7,6.66812273229192e-05
09/07/2025,3,WT,7,6.215796706512853e-05
09/07/2025,4,WT,7,6.1025170200708134e-05
09/07/2025,5,WT,7,6.312191457187118e-05
09/07/2025,6,WT,7,6.910298688961224e-05
09/07/2025,7,WT,7,8.160180295771342e-05
09/07/2025,8,WT,7,8.91397773340421e-05
09/07/2025,9,WT,7,8.903276013551391e-05
09/07/2025,10,WT,7,8.999432948228925e-05
09/07/2025,11,WT,7,9.158769666037535e-05
09/07/2025,12,WT,7,0.00010014590166267257
09/07/2025,13,WT,7,0.0001040833418485201
09/07/2025,14,WT,7,0.00010052719997742849
09/07/2025,15,WT,7,9.725247370246649e-05
09/07/2025,16,WT,7,9.77677416953799e-05
09/07/2025,17,WT,7,0.00010452250872248018
09/07/2025,18,WT,7,0.00011865036436817684
09/07/2025,19,WT,7,0.0001329740218511806
09/07/2025,20,WT,7,0.00013762411730722685
09/07/2025,21,WT,7,0.00013388723527862098
09/07/2025,22,WT,7,0.00012792360280064005
09/07/2025,23,WT,7,0.0001193741177182229
09/07/2025,24,WT,7,9.608955347846036e-05
10/07/2025,1,WT,7,7.682358132302142e-05
10/07/2025,2,WT,7,6.662648276797427e-05
10/07/2025,3,WT,7,6.21069360571541e-05
10/07/2025,4,WT,7,6.0975069206512305e-05
10/07/2025,5,WT,7,6.307009217358545e-05
10/07/2025,6,WT,7,6.904625409667312e-05
10/07/2025,7,WT,7,8.153480877411826e-05
10/07/2025,8,WT,7,8.906659455631053e-05
10/07/2025,9,WT,7,8.895966521772646e-05
10/07/2025,10,WT,7,8.992044512663375e-05
10/07/2025,11,WT,7,9.15125041677744e-05
10/07/2025,12,WT,7,0.00010006368297780149
10/07/2025,13,WT,7,0.0001039978905685207
10/07/2025,14,WT,7,0.00010044466825083068
10/07/2025,15,WT,7,9.717263049015803e-05
10/07/2025,16,WT,7,9.768747545371096e-05
10/07/2025,17,WT,7,0.00010443669689130276
10/07/2025,18,WT,7,0.0001185529537227499
10/07/2025,19,WT,7,0.00013286485164034712
10/07/2025,20,WT,7,0.0001375111294191188
10/07/2025,21,WT,7,0.00013377731532959793
10/07/2025,22,WT,7,0.00012781857892835353
10/07/2025,23,WT,7,0.00011927611287924809
10/07/2025,24,WT,7,9.601066501087777e-05
11/07/2025,1,WT,7,7.676579117274646e-05
11/07/2025,2,WT,7,6.657636333348365e-05
11/07/2025,3,WT,7,6.206021642880493e-05
11/07/2025,4,WT,7,6.092920101927362e-05
11/07/2025,5,WT,7,6.302264801592191e-05
11/07/2025,6,WT,7,6.899431440144601e-05
11/07/2025,7,WT,7,8.14734746268349e-05
11/07/2025,8,WT,7,8.899959466128807e-05
11/07/2025,9,WT,7,8.889274575975781e-05
11/07/2025,10,WT,7,8.985280292684077e-05
11/07/2025,11,WT,7,9.144366434962455e-05
11/07/2025,12,WT,7,9.99884105786661e-05
11/07/2025,13,WT,7,0.00010391965868163471
11/07/2025,14,WT,7,0.00010036910925745165
11/07/2025,15,WT,7,9.709953287062592e-05
11/07/2025,16,WT,7,9.761399054466048e-05
11/07/2025,17,WT,7,0.0001043581349145811
11/07/2025,18,WT,7,0.00011846377286326386
11/07/2025,19,WT,7,0.0001327649047280797
11/07/2025,20,WT,7,0.00013740768736790539
11/07/2025,21,WT,7,0.00013367668202113786
11/07/2025,22,WT,7,0.00012772242804919644
11/07/2025,23,WT,7,0.00011918638802694622
11/07/2025,24,WT,7,9.593844147399715e-05
12/07/2025,1,SA,7,8.36118598433185e-05
12/07/2025,2,SA,7,7.189023844502335e-05
12/07/2025,3,SA,7,6.587519588537184e-05
12/07/2025,4,SA,7,6.362261978939718e-05
12/07/2025,5,SA,7,6.336873041902925e-05
12/07/2025,6,SA,7,6.454247442409467e-05
12/07/2025,7,SA,7,7.377186714317071e-05
12/07/2025,8,SA,7,9.14381380981182e-05
12/07/2025,9,SA,7,0.00010933377951227656
12/07/2025,10,SA,7,0.00012057451387884687
12/07/2025,11,SA,7,0.00012727766781613106
12/07/2025,12,SA,7,0.00013715878901241323
12/07/2025,13,SA,7,0.0001369167636313148
12/07/2025,14,SA,7,0.0001299826573695838
12/07/2025,15,SA,7,0.00012637284090117492
12/07/2025,16,SA,7,0.00012484001348755168
12/07/2025,17,SA,7,0.00012483289509398996
12/07/2025,18,SA,7,0.00013071664283905866
12/07/2025,19,SA,7,0.00013693337321629218
12/07/2025,20,SA,7,0.0001348247468567878
12/07/2025,21,SA,7,0.00012927951827220965
12/07/2025,22,SA,7,0.00012427291480046818
12/07/2025,23,SA,7,0.00011885502636738304
12/07/2025,24,SA,7,0.00010233086211278225
13/07/2025,1,FT,7,8.514300981795702e-05
13/07/2025,2,FT,7,7.364832803015834e-05
13/07/2025,3,FT,7,6.698643983681722e-05
13/07/2025,4,FT,7,6.364284858648107e-05
13/07/2025,5,FT,7,6.239789439752613e-05
13/07/2025,6,FT,7,6.292828440437613e-05
13/07/2025,7,FT,7,6.956013560776154e-05
13/07/2025,8,FT,7,8.560858316227093e-05
13/07/2025,9,FT,7,0.0001084643611772756
13/07/2025,10,FT,7,0.0001275370593520654
13/07/2025,11,FT,7,0.00014121811782980015
13/07/2025,12,FT,7,0.0001566840058685891
13/07/2025,13,FT,7,0.00015217845737522834
13/07/2025,14,FT,7,0.0001375409579015345
13/07/2025,15,FT,7,0.00012818601642453016
13/07/2025,16,FT,7,0.00012354688237057676
13/07/2025,17,FT,7,0.00012245211313140051
13/07/2025,18,FT,7,0.00013194696374583026
13/07/2025,19,FT,7,0.0001407367355434042
13/07/2025,20,FT,7,0.0001408608357387477
13/07/2025,21,FT,7,0.00013566127468798856
13/07/2025,22,FT,7,0.00012829035544227114
13/07/2025,23,FT,7,0.00011751023783657745
13/07/2025,24,FT,7,9.414620233363757e-05
14/07/2025,1,WT,7,7.662452944898795e-05
14/07/2025,2,WT,7,6.645385183842335e-05
14/07/2025,3,WT,7,6.194601538931029e-05
14/07/2025,4,WT,7,6.081708123477426e-05
14/07/2025,5,WT,7,6.29066759434851e-05
14/07/2025,6,WT,7,6.886735347740695e-05
14/07/2025,7,WT,7,8.132354998865226e-05
14/07/2025,8,WT,7,8.883582072027096e-05
14/07/2025,9,WT,7,8.872916843835189e-05
14/07/2025,10,WT,7,8.968745894181738e-05
14/07/2025,11,WT,7,9.127539291705697e-05
14/07/2025,12,WT,7,9.980441540297085e-05
14/07/2025,13,WT,7,0.00010372842936068984
14/07/2025,14,WT,7,0.00010018441353336405
14/07/2025,15,WT,7,9.692085370664024e-05
14/07/2025,16,WT,7,9.743436469365799e-05
14/07/2025,17,WT,7,0.00010416609872500967
14/07/2025,18,WT,7,0.00011824577997213429
14/07/2025,19,WT,7,0.00013252059539432565
14/07/2025,20,WT,7,0.0001371548345479354
14/07/2025,21,WT,7,0.00013343069486670178
14/07/2025,22,WT,7,0.00012748739770464823
14/07/2025,23,WT,7,0.00011896706540466849
14/07/2025,24,WT,7,9.576189890978624e-05
15/07/2025,1,WT,7,7.658817746212959e-05
15/07/2025,2,WT,7,6.64223249949166e-05
15/07/2025,3,WT,7,6.191662714048772e-05
15/07/2025,4,WT,7,6.078822857161655e-05
15/07/2025,5,WT,7,6.287683194087074e-05
15/07/2025,6,WT,7,6.883468162745782e-05
15/07/2025,7,WT,7,8.128496870610841e-05
15/07/2025,8,WT,7,8.879367548805097e-05
15/07/2025,9,WT,7,8.868707380379791e-05
15/07/2025,10,WT,7,8.964490967786422e-05
15/07/2025,11,WT,7,9.123209031007628e-05
15/07/2025,12,WT,7,9.975706648189787e-05
15/07/2025,13,WT,7,0.00010367921882030452
15/07/2025,14,WT,7,0.00010013688433468097
15/07/2025,15,WT,7,9.687487279653767e-05
15/07/2025,16,WT,7,9.738814016516344e-05
15/07/2025,17,WT,7,0.00010411668054679481
15/07/2025,18,WT,7,0.00011818968215240848
15/07/2025,19,WT,7,0.00013245772535809994
15/07/2025,20,WT,7,0.0001370897659494213
15/07/2025,21,WT,7,0.00013336739306372595
15/07/2025,22,WT,7,0.00012742691550346157
15/07/2025,23,WT,7,0.0001189106253948013
15/07/2025,24,WT,7,9.571646782765452e-05
16/07/2025,1,WT,7,7.655720698259441e-05
16/07/2025,2,WT,7,6.639546534992831e-05
16/07/2025,3,WT,7,6.189158949502748e-05
16/07/2025,4,WT,7,6.076364722432067e-05
16/07/2025,5,WT,7,6.285140601089842e-05
16/07/2025,6,WT,7,6.880684648149543e-05
16/07/2025,7,WT,7,8.125209895331822e-05
16/07/2025,8,WT,7,8.875776938869357e-05
16/07/2025,9,WT,7,8.865121081168488e-05
16/07/2025,10,WT,7,8.960865935917784e-05
16/07/2025,11,WT,7,9.119519817241839e-05
16/07/2025,12,WT,7,9.971672704194328e-05
16/07/2025,13,WT,7,0.00010363729335307055
16/07/2025,14,WT,7,0.00010009639130521128
16/07/2025,15,WT,7,9.683569884874525e-05
16/07/2025,16,WT,7,9.73487586639723e-05
16/07/2025,17,WT,7,0.00010407457818020255
16/07/2025,18,WT,7,0.00011814188899093549
16/07/2025,19,WT,7,0.00013240416253145466
16/07/2025,20,WT,7,0.00013703433003318057
16/07/2025,21,WT,7,0.00013331346238859557
16/07/2025,22,WT,7,0.00012737538701943697
16/07/2025,23,WT,7,0.0001188625407006313
16/07/2025,24,WT,7,9.567776231191742e-05
17/07/2025,1,WT,7,7.653162496292198e-05
17/07/2025,2,WT,7,6.637327893315989e-05
17/07/2025,3,WT,7,6.187090807361176e-05
17/07/2025,4,WT,7,6.074334271113466e-05
17/07/2025,5,WT,7,6.283040386141591e-05
17/07/2025,6,WT,7,6.878385428821064e-05
17/07/2025,7,WT,7,8.122494810918774e-05
17/07/2025,8,WT,7,8.872811048273194e-05
17/07/2025,9,WT,7,8.862158751286882e-05
17/07/2025,10,WT,7,8.957871612356492e-05
17/07/2025,11,WT,7,9.116472478597143e-05
17/07/2025,12,WT,7,9.968340613887747e-05
17/07/2025,13,WT,7,0.00010360266237080443
17/07/2025,14,WT,7,0.00010006294353520459
17/07/2025,15,WT,7,9.680334065739291e-05
17/07/2025,16,WT,7,9.731622903080799e-05
17/07/2025,17,WT,7,0.0001040398010767613
17/07/2025,18,WT,7,0.000118102411216766
17/07/2025,19,WT,7,0.00013235991893866843
17/07/2025,20,WT,7,0.00013698853924398025
17/07/2025,21,WT,7,0.00013326891494816714
17/07/2025,22,WT,7,0.00012733282382016486
17/07/2025,23,WT,7,0.00011882282211665516
17/07/2025,24,WT,7,9.564579105154695e-05
18/07/2025,1,WT,7,7.65114374386279e-05
18/07/2025,2,WT,7,6.6355770979009e-05
18/07/2025,3,WT,7,6.185458775556756e-05
18/07/2025,4,WT,7,6.072731982246242e-05
18/07/2025,5,WT,7,6.281383044741907e-05
18/07/2025,6,WT,7,6.876571047210638e-05
18/07/2025,7,WT,7,8.120352257936219e-05
18/07/2025,8,WT,7,8.870470576753339e-05
18/07/2025,9,WT,7,8.859821089631631e-05
18/07/2025,10,WT,7,8.955508703547412e-05
18/07/2025,11,WT,7,9.114067734026158e-05
18/07/2025,12,WT,7,9.96571116340355e-05
18/07/2025,13,WT,7,0.00010357533404392578
18/07/2025,14,WT,7,0.00010003654891592746
18/07/2025,15,WT,7,9.677780585668515e-05
18/07/2025,16,WT,7,9.729055894032288e-05
18/07/2025,17,WT,7,0.00010401235744136471
18/07/2025,18,WT,7,0.00011807125814381369
18/07/2025,19,WT,7,0.00013232500501804493
18/07/2025,20,WT,7,0.0001369524043851511
18/07/2025,21,WT,7,0.00013323376125243063
18/07/2025,22,WT,7,0.00012729923594749718
18/07/2025,23,WT,7,0.00011879147901360021
18/07/2025,24,WT,7,9.562056158945964e-05
19/07/2025,1,SA,7,8.337567724402221e-05
19/07/2025,2,SA,7,7.168716649552005e-05
19/07/2025,3,SA,7,6.568911492720972e-05
19/07/2025,4,SA,7,6.344290179551376e-05
19/07/2025,5,SA,7,6.318972959913932e-05
19/07/2025,6,SA,7,6.43601580708517e-05
19/07/2025,7,SA,7,7.356348006304276e-05
19/07/2025,8,SA,7,9.117984821948975e-05
19/07/2025,9,SA,7,0.00010902493892094795
19/07/2025,10,SA,7,0.00012023392102335768
19/07/2025,11,SA,7,0.00012691814022670151
19/07/2025,12,SA,7,0.00013677134972609676
19/07/2025,13,SA,7,0.00013653000800618848
19/07/2025,14,SA,7,0.0001296154888609713
19/07/2025,15,SA,7,0.00012601586922155402
19/07/2025,16,SA,7,0.0001244873716621345
19/07/2025,17,SA,7,0.00012448027337625482
19/07/2025,18,SA,7,0.00013034740100500706
19/07/2025,19,SA,7,0.00013654657067324098
19/07/2025,20,SA,7,0.00013444390065600034
19/07/2025,21,SA,7,0.0001289143359557474
19/07/2025,22,SA,7,0.00012392187488705512
19/07/2025,23,SA,7,0.00011851929063420493
19/07/2025,24,SA,7,0.00010204180301222739
20/07/2025,1,FT,7,8.49442298370783e-05
20/07/2025,2,FT,7,7.347638422327529e-05
20/07/2025,3,FT,7,6.6830049273947e-05
20/07/2025,4,FT,7,6.349426417242128e-05
20/07/2025,5,FT,7,6.225221652823618e-05
20/07/2025,6,FT,7,6.278136825474298e-05
20/07/2025,7,FT,7,6.939773634027505e-05
20/07/2025,8,FT,7,8.54087162259196e-05
20/07/2025,9,FT,7,0.00010821113376980041
20/07/2025,10,FT,7,0.00012723930367871615
20/07/2025,11,FT,7,0.00014088842153621187
20/07/2025,12,FT,7,0.0001563182019845457
20/07/2025,13,FT,7,0.00015182317241511388
20/07/2025,14,FT,7,0.00013721984652621247
20/07/2025,15,FT,7,0.0001278867456570501
20/07/2025,16,FT,7,0.00012325844240389304
20/07/2025,17,FT,7,0.000122166229078689
20/07/2025,18,FT,7,0.00013163891244500738
20/07/2025,19,FT,7,0.00014040816311379365
20/07/2025,20,FT,7,0.00014053197357737275
20/07/2025,21,FT,7,0.00013534455173391265
20/07/2025,22,FT,7,0.000127990841078658
20/07/2025,23,FT,7,0.00011723589138253328
20/07/2025,24,FT,7,9.392640295915344e-05
21/07/2025,1,WT,7,7.648328843780852e-05
21/07/2025,2,WT,7,6.633135830667937e-05
21/07/2025,3,WT,7,6.183183109460675e-05
21/07/2025,4,WT,7,6.0704977889900864e-05
21/07/2025,5,WT,7,6.279072087551812e-05
21/07/2025,6,WT,7,6.874041116908418e-05
21/07/2025,7,WT,7,8.117364733325329e-05
21/07/2025,8,WT,7,8.867207079269922e-05
21/07/2025,9,WT,7,8.856561510156186e-05
21/07/2025,10,WT,7,8.952213920044799e-05
21/07/2025,11,WT,7,9.110714615738208e-05
21/07/2025,12,WT,7,9.962044720567085e-05
21/07/2025,13,WT,7,0.0001035372280788508
21/07/2025,14,WT,7,9.999974489038993e-05
21/07/2025,15,WT,7,9.674220074158658e-05
21/07/2025,16,WT,7,9.725476518039608e-05
21/07/2025,17,WT,7,0.00010397409069285155
21/07/2025,18,WT,7,0.00011802781904433387
21/07/2025,19,WT,7,0.0001322763218825638
21/07/2025,20,WT,7,0.00013690201880265114
21/07/2025,21,WT,7,0.00013318474378026934
21/07/2025,22,WT,7,0.00012725240182155528
21/07/2025,23,WT,7,0.00011874777494069247
21/07/2025,24,WT,7,9.558538223122719e-05
22/07/2025,1,WT,7,7.648472090970084e-05
22/07/2025,2,WT,7,6.633260064089767e-05
22/07/2025,3,WT,7,6.183298915621608e-05
22/07/2025,4,WT,7,6.0706114846435135e-05
22/07/2025,5,WT,7,6.279189689637956e-05
22/07/2025,6,WT,7,6.874169862296957e-05
22/07/2025,7,WT,7,8.117516765188205e-05
22/07/2025,8,WT,7,8.867373155090717e-05
22/07/2025,9,WT,7,8.856727386593837e-05
22/07/2025,10,WT,7,8.952381587976922e-05
22/07/2025,11,WT,7,9.110885252263815e-05
22/07/2025,12,WT,7,9.962231301836588e-05
22/07/2025,13,WT,7,0.00010353916724977378
22/07/2025,14,WT,7,0.00010000161780703252
22/07/2025,15,WT,7,9.674401264698702e-05
22/07/2025,16,WT,7,9.725658668572572e-05
22/07/2025,17,WT,7,0.00010397603804586799
22/07/2025,18,WT,7,0.00011803002961263903
22/07/2025,19,WT,7,0.00013227879931413078
22/07/2025,20,WT,7,0.0001369045828698865
22/07/2025,21,WT,7,0.00013318723822586462
22/07/2025,22,WT,7,0.00012725478515904722
22/07/2025,23,WT,7,0.00011874999899320584
22/07/2025,24,WT,7,9.558717247032599e-05
23/07/2025,1,WT,7,7.649156429918778e-05
23/07/2025,2,WT,7,6.633853568016394e-05
23/07/2025,3,WT,7,6.183852159750508e-05
23/07/2025,4,WT,7,6.0711546461837446e-05
23/07/2025,5,WT,7,6.279751513492414e-05
23/07/2025,6,WT,7,6.874784921372909e-05
23/07/2025,7,WT,7,8.118243071412907e-05
23/07/2025,8,WT,7,8.868166553922601e-05
23/07/2025,9,WT,7,8.857519832906847e-05
23/07/2025,10,WT,7,8.9531825928484e-05
23/07/2025,11,WT,7,9.111700439082966e-05
23/07/2025,12,WT,7,9.963122661942851e-05
23/07/2025,13,WT,7,0.00010354843130722494
23/07/2025,14,WT,7,0.00010001056534598987
23/07/2025,15,WT,7,9.675266871516898e-05
23/07/2025,16,WT,7,9.726528861592753e-05
23/07/2025,17,WT,7,0.00010398534119187151
23/07/2025,18,WT,7,0.00011804059022466964
23/07/2025,19,WT,7,0.00013229063481975603
23/07/2025,20,WT,7,0.0001369168322626016
23/07/2025,21,WT,7,0.00013319915501310042
23/07/2025,22,WT,7,0.0001272661711463211
23/07/2025,23,WT,7,0.00011876062402373509
23/07/2025,24,WT,7,9.559572503145701e-05
24/07/2025,1,WT,7,7.650381913964065e-05
24/07/2025,2,WT,7,6.634916388705295e-05
24/07/2025,3,WT,7,6.184842884967025e-05
24/07/2025,4,WT,7,6.0721273159445926e-05
24/07/2025,5,WT,7,6.280757602903533e-05
24/07/2025,6,WT,7,6.875886342073757e-05
24/07/2025,7,WT,7,8.119543708607469e-05
24/07/2025,8,WT,7,8.869587337602781e-05
24/07/2025,9,WT,7,8.858938910858188e-05
24/07/2025,10,WT,7,8.954616997089265e-05
24/07/2025,11,WT,7,9.113160239731029e-05
24/07/2025,12,WT,7,9.964718870358161e-05
24/07/2025,13,WT,7,0.00010356502097324163
24/07/2025,14,WT,7,0.00010002658820462983
24/07/2025,15,WT,7,9.676816962078333e-05
24/07/2025,16,WT,7,9.728087164922687e-05
24/07/2025,17,WT,7,0.00010400200085594585
24/07/2025,18,WT,7,0.00011805950170351597
24/07/2025,19,WT,7,0.00013231182932189466
24/07/2025,20,WT,7,0.00013693876793550964
24/07/2025,21,WT,7,0.00013322049507076688
24/07/2025,22,WT,7,0.0001272865606707966
24/07/2025,23,WT,7,0.00011877965086039125
24/07/2025,24,WT,7,9.561104058120385e-05
25/07/2025,1,WT,7,7.652148504740654e-05
25/07/2025,2,WT,7,6.636448492883562e-05
25/07/2025,3,WT,7,6.186271060255276e-05
25/07/2025,4,WT,7,6.073529463475425e-05
25/07/2025,5,WT,7,6.282207926374447e-05
25/07/2025,6,WT,7,6.87747408991816e-05
25/07/2025,7,WT,7,8.121418636053842e-05
25/07/2025,8,WT,7,8.871635461651878e-05
25/07/2025,9,WT,7,8.86098457602187e-05
25/07/2025,10,WT,7,8.956684755793706e-05
25/07/2025,11,WT,7,9.11526460850714e-05
25/07/2025,12,WT,7,9.967019877111239e-05
25/07/2025,13,WT,7,0.00010358893572846375
25/07/2025,14,WT,7,0.0001000496858813371
25/07/2025,15,WT,7,9.679051487855499e-05
25/07/2025,16,WT,7,9.730333529777755e-05
25/07/2025,17,WT,7,0.00010402601651653962
25/07/2025,18,WT,7,0.0001180867634571308
25/07/2025,19,WT,7,0.00013234238215702657
25/07/2025,20,WT,7,0.00013697038920188728
25/07/2025,21,WT,7,0.00013325125773078715
25/07/2025,22,WT,7,0.00012731595309415446
25/07/2025,23,WT,7,0.00011880707890751567
25/07/2025,24,WT,7,9.563311864009427e-05
26/07/2025,1,SA,7,8.342789689336661e-05
26/07/2025,2,SA,7,7.173206542552734e-05
26/07/2025,3,SA,7,6.573025717229402e-05
26/07/2025,4,SA,7,6.348263719790766e-05
26/07/2025,5,SA,7,6.322930643534512e-05
26/07/2025,6,SA,7,6.440046796694253e-05
26/07/2025,7,SA,7,7.360955416115417e-05
26/07/2025,8,SA,7,9.123695575802721e-05
26/07/2025,9,SA,7,0.00010909322315285388
26/07/2025,10,SA,7,0.0001203092256373972
26/07/2025,11,SA,7,0.0001269976312844915
26/07/2025,12,SA,7,0.00013685701202185424
26/07/2025,13,SA,7,0.00013661551914539278
26/07/2025,14,SA,7,0.00012969666931553136
26/07/2025,15,SA,7,0.0001260947951711846
26/07/2025,16,SA,7,0.0001245653402869287
26/07/2025,17,SA,7,0.00012455823755526805
26/07/2025,18,SA,7,0.00013042903986898308
26/07/2025,19,SA,7,0.00013663209218593426
26/07/2025,20,SA,7,0.000134528105229574
26/07/2025,21,SA,7,0.00012899507726594228
26/07/2025,22,SA,7,0.0001239994893312984
26/07/2025,23,SA,7,0.00011859352134515141
26/07/2025,24,SA,7,0.0001021057135836063
27/07/2025,1,FT,7,8.503949261840063e-05
27/07/2025,2,FT,7,7.355878610903072e-05
27/07/2025,3,FT,7,6.69049974650361e-05
27/07/2025,4,FT,7,6.35654713658314e-05
27/07/2025,5,FT,7,6.232203079697858e-05
27/07/2025,6,FT,7,6.285177595361364e-05
27/07/2025,7,FT,7,6.94755641267407e-05
27/07/2025,8,FT,7,8.550449991684781e-05
27/07/2025,9,FT,7,0.00010833248978883458
27/07/2025,10,FT,7,0.00012738199930365974
27/07/2025,11,FT,7,0.00014104642429775782
27/07/2025,12,FT,7,0.0001564935088502494
27/07/2025,13,FT,7,0.0001519934382201154
27/07/2025,14,FT,7,0.00013737373507470812
27/07/2025,15,FT,7,0.0001280301673716141
27/07/2025,16,FT,7,0.00012339667359472702
27/07/2025,17,FT,7,0.00012230323538021202
27/07/2025,18,FT,7,0.0001317865421186628
27/07/2025,19,FT,7,0.00014056562727780145
27/07/2025,20,FT,7,0.000140689576591649
27/07/2025,21,FT,7,0.00013549633718725924
27/07/2025,22,FT,7,0.0001281343795335751
27/07/2025,23,FT,7,0.00011736736843642291
27/07/2025,24,FT,7,9.403173901791405e-05
28/07/2025,1,WT,7,7.660693158269153e-05
28/07/2025,2,WT,7,6.643858980669612e-05
28/07/2025,3,WT,7,6.193178864358987e-05
28/07/2025,4,WT,7,6.080311376415088e-05
28/07/2025,5,WT,7,6.28922285689907e-05
28/07/2025,6,WT,7,6.885153715217273e-05
28/07/2025,7,WT,7,8.130487292832e-05
28/07/2025,8,WT,7,8.881541836469877e-05
28/07/2025,9,WT,7,8.870879057692808e-05
28/07/2025,10,WT,7,8.966686099593403e-05
28/07/2025,11,WT,7,9.125443028051932e-05
28/07/2025,12,WT,7,9.978149396031164e-05
28/07/2025,13,WT,7,0.00010370460671480666
28/07/2025,14,WT,7,0.00010016140481896113
28/07/2025,15,WT,7,9.689859451317917e-05
28/07/2025,16,WT,7,9.741198756540825e-05
28/07/2025,17,WT,7,0.00010414217556239883
28/07/2025,18,WT,7,0.00011821862321905492
28/07/2025,19,WT,7,0.00013249016023555798
28/07/2025,20,WT,7,0.00013712333507305912
28/07/2025,21,WT,7,0.00013340005069120093
28/07/2025,22,WT,7,0.00012745811848824818
28/07/2025,23,WT,7,0.0001189397429985705
28/07/2025,24,WT,7,9.573990588607144e-05
29/07/2025,1,WT,7,7.664621958269878e-05
29/07/2025,2,WT,7,6.647266295468522e-05
29/07/2025,3,WT,7,6.196355047065187e-05
29/07/2025,4,WT,7,6.0834296748309824e-05
29/07/2025,5,WT,7,6.292448295936279e-05
29/07/2025,6,WT,7,6.888684778446473e-05
29/07/2025,7,WT,7,8.134657027583415e-05
29/07/2025,8,WT,7,8.886096750868963e-05
29/07/2025,9,WT,7,8.875428503666988e-05
29/07/2025,10,WT,7,8.971284680378041e-05
29/07/2025,11,WT,7,9.130123027607394e-05
29/07/2025,12,WT,7,9.983266707551734e-05
29/07/2025,13,WT,7,0.00010375779180530945
29/07/2025,14,WT,7,0.00010021277277212097
29/07/2025,15,WT,7,9.694828912831761e-05
29/07/2025,16,WT,7,9.746194547507923e-05
29/07/2025,17,WT,7,0.00010419558506085705
29/07/2025,18,WT,7,0.00011827925184852661
29/07/2025,19,WT,7,0.00013255810804796558
29/07/2025,20,WT,7,0.00013719365901735563
29/07/2025,21,WT,7,0.00013346846514253381
29/07/2025,22,WT,7,0.00012752348560916843
29/07/2025,23,WT,7,0.00011900074145559324
29/07/2025,24,WT,7,9.578900626570338e-05
30/07/2025,1,WT,7,7.669090297639353e-05
30/07/2025,2,WT,7,6.651141534436487e-05
30/07/2025,3,WT,7,6.199967412731071e-05
30/07/2025,4,WT,7,6.0869762069972735e-05
30/07/2025,5,WT,7,6.296116682270815e-05
30/07/2025,6,WT,7,6.892700760130503e-05
30/07/2025,7,WT,7,8.139399389105145e-05
30/07/2025,8,WT,7,8.891277188491198e-05
30/07/2025,9,WT,7,8.880602721889335e-05
30/07/2025,10,WT,7,8.976514781060152e-05
30/07/2025,11,WT,7,9.135445728243445e-05
30/07/2025,12,WT,7,9.989086775900596e-05
30/07/2025,13,WT,7,0.00010381828076726183
30/07/2025,14,WT,7,0.00010027119505052418
30/07/2025,15,WT,7,9.700480827035406e-05
30/07/2025,16,WT,7,9.751876406970303e-05
30/07/2025,17,WT,7,0.0001042563292485531
30/07/2025,18,WT,7,0.00011834820656547204
30/07/2025,19,WT,7,0.0001326353870861436
30/07/2025,20,WT,7,0.00013727364049996064
30/07/2025,21,WT,7,0.00013354627490283597
30/07/2025,22,WT,7,0.00012759782955129391
30/07/2025,23,WT,7,0.00011907011678824993
30/07/2025,24,WT,7,9.58448495662849e-05
31/07/2025,1,WT,7,7.674097587797852e-05
31/07/2025,2,WT,7,6.655484187118309e-05
31/07/2025,3,WT,7,6.204015485527703e-05
31/07/2025,4,WT,7,6.090950505756763e-05
31/07/2025,5,WT,7,6.300227532694575e-05
31/07/2025,6,WT,7,6.897201131275214e-05
31/07/2025,7,WT,7,8.144713752722654e-05
31/07/2025,8,WT,7,8.897082466957686e-05
31/07/2025,9,WT,7,8.886401030800179e-05
31/07/2025,10,WT,7,8.982375712719109e-05
31/07/2025,11,WT,7,9.14141042884198e-05
31/07/2025,12,WT,7,9.995608834445239e-05
31/07/2025,13,WT,7,0.00010388606563292162
31/07/2025,14,WT,7,0.00010033666395865689
31/07/2025,15,WT,7,9.706814449445991e-05
31/07/2025,16,WT,7,9.758243586500652e-05
31/07/2025,17,WT,7,0.00010432440012412597
31/07/2025,18,WT,7,0.00011842547828702082
31/07/2025,19,WT,7,0.00013272198717072334
31/07/2025,20,WT,7,0.0001373632689855332
31/07/2025,21,WT,7,0.00013363346972283054
31/07/2025,22,WT,7,0.00012768114052187345
31/07/2025,23,WT,7,0.0001191478598582655
31/07/2025,24,WT,7,9.590742843201084e-05
01/08/2025,1,WT,8,7.372349739186248e-05
01/08/2025,2,WT,8,6.465434328246076e-05
01/08/2025,3,WT,8,6.0613842721933696e-05
01/08/2025,4,WT,8,5.956155480405392e-05
01/08/2025,5,WT,8,6.160991360281613e-05
01/08/2025,6,WT,8,6.962123726956367e-05
01/08/2025,7,WT,8,8.061919000045152e-05
01/08/2025,8,WT,8,8.530658238107472e-05
01/08/2025,9,WT,8,8.339678670167218e-05
01/08/2025,10,WT,8,8.439998368583594e-05
01/08/2025,11,WT,8,8.610628952709321e-05
01/08/2025,12,WT,8,9.465207093994224e-05
01/08/2025,13,WT,8,9.903858340424163e-05
01/08/2025,14,WT,8,9.604641181532692e-05
01/08/2025,15,WT,8,9.287608764437839e-05
01/08/2025,16,WT,8,9.388245178555612e-05
01/08/2025,17,WT,8,0.00010067600358044583
01/08/2025,18,WT,8,0.00011477777018498956
01/08/2025,19,WT,8,0.0001294630854693508
01/08/2025,20,WT,8,0.00013441889440690498
01/08/2025,21,WT,8,0.00013459387983192484
01/08/2025,22,WT,8,0.00013001337900052194
01/08/2025,23,WT,8,0.0001126462735146116
01/08/2025,24,WT,8,9.056010407793873e-05
02/08/2025,1,SA,8,7.944767139003505e-05
02/08/2025,2,SA,8,6.910425971385187e-05
02/08/2025,3,SA,8,6.373167631045629e-05
02/08/2025,4,SA,8,6.145585632010941e-05
02/08/2025,5,SA,8,6.141782033141282e-05
02/08/2025,6,SA,8,6.394959082903063e-05
02/08/2025,7,SA,8,7.142207777505129e-05
02/08/2025,8,SA,8,8.814761138795244e-05
02/08/2025,9,SA,8,0.0001053660280210471
02/08/2025,10,SA,8,0.0001159091286378875
02/08/2025,11,SA,8,0.00012333961751305562
02/08/2025,12,SA,8,0.00013290249900452724
02/08/2025,13,SA,8,0.0001327701654605203
02/08/2025,14,SA,8,0.00012566139765641092
02/08/2025,15,SA,8,0.00012160977244379127
02/08/2025,16,SA,8,0.00011902807971100914
02/08/2025,17,SA,8,0.00011962714653298068
02/08/2025,18,SA,8,0.00012547121771292795
02/08/2025,19,SA,8,0.00013192227987915845
02/08/2025,20,SA,8,0.00013110450612218146
02/08/2025,21,SA,8,0.00012932473881775277
02/08/2025,22,SA,8,0.00012652830123212108
02/08/2025,23,SA,8,0.00011470386324606381
02/08/2025,24,SA,8,9.813760533582967e-05
03/08/2025,1,FT,8,8.200960250092442e-05
03/08/2025,2,FT,8,7.121631906474127e-05
03/08/2025,3,FT,8,6.507218159835059e-05
03/08/2025,4,FT,8,6.194895798370667e-05
03/08/2025,5,FT,8,6.094648092710181e-05
03/08/2025,6,FT,8,6.293715925944215e-05
03/08/2025,7,FT,8,6.798602709357704e-05
03/08/2025,8,FT,8,8.39637982821541e-05
03/08/2025,9,FT,8,0.00010680266837633926
03/08/2025,10,FT,8,0.00012502015096353347
03/08/2025,11,FT,8,0.00013748925245399353
03/08/2025,12,FT,8,0.00015156755168800682
03/08/2025,13,FT,8,0.0001459627214989036
03/08/2025,14,FT,8,0.0001314751832133016
03/08/2025,15,FT,8,0.00012220702903332982
03/08/2025,16,FT,8,0.0001169971621149459
03/08/2025,17,FT,8,0.00011685599050412655
03/08/2025,18,FT,8,0.00012723606939403503
03/08/2025,19,FT,8,0.0001374979765423026
03/08/2025,20,FT,8,0.00013821731727833159
03/08/2025,21,FT,8,0.00013575474507836473
03/08/2025,22,FT,8,0.00013060277438239543
03/08/2025,23,FT,8,0.00011183726042960473
03/08/2025,24,FT,8,8.931245751454582e-05
04/08/2025,1,WT,8,7.391413262350137e-05
04/08/2025,2,WT,8,6.482152737090138e-05
04/08/2025,3,WT,8,6.077057882855653e-05
04/08/2025,4,WT,8,5.97155698901328e-05
04/08/2025,5,WT,8,6.176922536319692e-05
04/08/2025,6,WT,8,6.980126482066211e-05
04/08/2025,7,WT,8,8.082765620870242e-05
04/08/2025,8,WT,8,8.552716931289238e-05
04/08/2025,9,WT,8,8.36124352576042e-05
04/08/2025,10,WT,8,8.461822632230159e-05
04/08/2025,11,WT,8,8.63289443526275e-05
04/08/2025,12,WT,8,9.489682356437115e-05
04/08/2025,13,WT,8,9.929467873281919e-05
04/08/2025,14,WT,8,9.629476994553307e-05
04/08/2025,15,WT,8,9.311624790682078e-05
04/08/2025,16,WT,8,9.41252143182102e-05
04/08/2025,17,WT,8,0.00010093633297259364
04/08/2025,18,WT,8,0.00011507456411881379
04/08/2025,19,WT,8,0.0001297978528930387
04/08/2025,20,WT,8,0.0001347664766293774
04/08/2025,21,WT,8,0.0001349419145341115
04/08/2025,22,WT,8,0.00013034956938077724
04/08/2025,23,WT,8,0.00011293755579508418
04/08/2025,24,WT,8,9.079427563828098e-05
05/08/2025,1,WT,8,7.398795560112095e-05
05/08/2025,2,WT,8,6.488626895677294e-05
05/08/2025,3,WT,8,6.0831274461739984e-05
05/08/2025,4,WT,8,5.977521181547331e-05
05/08/2025,5,WT,8,6.183091841132877e-05
05/08/2025,6,WT,8,6.987098000269532e-05
05/08/2025,7,WT,8,8.090838418376685e-05
05/08/2025,8,WT,8,8.561259100536106e-05
05/08/2025,9,WT,8,8.369594457737365e-05
05/08/2025,10,WT,8,8.470274019273853e-05
05/08/2025,11,WT,8,8.64151668313425e-05
05/08/2025,12,WT,8,9.499160335591446e-05
05/08/2025,13,WT,8,9.939385095585228e-05
05/08/2025,14,WT,8,9.639094595943263e-05
05/08/2025,15,WT,8,9.320924931861115e-05
05/08/2025,16,WT,8,9.421922345209868e-05
05/08/2025,17,WT,8,0.00010103714482528757
05/08/2025,18,WT,8,0.00011518949676660387
05/08/2025,19,WT,8,0.00012992749067202748
05/08/2025,20,WT,8,0.00013490107690452042
05/08/2025,21,WT,8,0.00013507669003079951
05/08/2025,22,WT,8,0.0001304797581958464
05/08/2025,23,WT,8,0.00011305035407002761
05/08/2025,24,WT,8,9.088495794138765e-05
06/08/2025,1,WT,8,7.406690004211208e-05
06/08/2025,2,WT,8,6.495550198516489e-05
06/08/2025,3,WT,8,6.0896180849788474e-05
06/08/2025,4,WT,8,5.9838991394778614e-05
06/08/2025,5,WT,8,6.189689140991067e-05
06/08/2025,6,WT,8,6.994553167009849e-05
06/08/2025,7,WT,8,8.099471265586736e-05
06/08/2025,8,WT,8,8.570393882114825e-05
06/08/2025,9,WT,8,8.378524734975338e-05
06/08/2025,10,WT,8,8.47931172064106e-05
06/08/2025,11,WT,8,8.650737098785998e-05
06/08/2025,12,WT,8,9.509295848817699e-05
06/08/2025,13,WT,8,9.949990324419998e-05
06/08/2025,14,WT,8,9.649379417686949e-05
06/08/2025,15,WT,8,9.330870269616266e-05
06/08/2025,16,WT,8,9.431975446239103e-05
06/08/2025,17,WT,8,0.00010114495049247717
06/08/2025,18,WT,8,0.000115312402857959
06/08/2025,19,WT,8,0.0001300661220619227
06/08/2025,20,WT,8,0.00013504501506335725
06/08/2025,21,WT,8,0.0001352208155671625
06/08/2025,22,WT,8,0.0001306189788499075
06/08/2025,23,WT,8,0.00011317097771658466
06/08/2025,24,WT,8,9.09819313222696e-05
07/08/2025,1,WT,8,7.41509541338801e-05
07/08/2025,2,WT,8,6.502921609661812e-05
07/08/2025,3,WT,8,6.096528828064574e-05
07/08/2025,4,WT,8,5.9906899084598837e-05
07/08/2025,5,WT,8,6.196713448728756e-05
07/08/2025,6,WT,8,7.002490866757538e-05
07/08/2025,7,WT,8,8.108662870752378e-05
07/08/2025,8,WT,8,8.580119909172064e-05
07/08/2025,9,WT,8,8.388033021221338e-05
07/08/2025,10,WT,8,8.488934384004744e-05
07/08/2025,11,WT,8,8.660554302551099e-05
07/08/2025,12,WT,8,9.520087379521313e-05
07/08/2025,13,WT,8,9.961281972907303e-05
07/08/2025,14,WT,8,9.660329920848523e-05
07/08/2025,15,WT,8,9.341459315809261e-05
07/08/2025,16,WT,8,9.44267923064565e-05
07/08/2025,17,WT,8,0.00010125973384301209
07/08/2025,18,WT,8,0.00011544326400222594
07/08/2025,19,WT,8,0.00013021372631906705
07/08/2025,20,WT,8,0.0001351982695681698
07/08/2025,21,WT,8,0.00013537426957744469
07/08/2025,22,WT,8,0.00013076721051113075
07/08/2025,23,WT,8,0.00011329940868562831
07/08/2025,24,WT,8,9.108518127063048e-05
08/08/2025,1,WT,8,7.424010518350047e-05
08/08/2025,2,WT,8,6.510740015963818e-05
08/08/2025,3,WT,8,6.10385863184675e-05
08/08/2025,4,WT,8,5.9978924630261375e-05
08/08/2025,5,WT,8,6.204163703612235e-05
08/08/2025,6,WT,8,7.01090990084847e-05
08/08/2025,7,WT,8,8.11841184585848e-05
08/08/2025,8,WT,8,8.59043571299018e-05
08/08/2025,9,WT,8,8.398117880638545e-05
08/08/2025,10,WT,8,8.49914055625609e-05
08/08/2025,11,WT,8,8.670966811943388e-05
08/08/2025,12,WT,8,9.531533298084e-05
08/08/2025,13,WT,8,9.973258335906567e-05
08/08/2025,14,WT,8,9.671944451803412e-05
08/08/2025,15,WT,8,9.352690471398798e-05
08/08/2025,16,WT,8,9.454032082061697e-05
08/08/2025,17,WT,8,0.00010138147754357301
08/08/2025,18,WT,8,0.00011558206043819378
08/08/2025,19,WT,8,0.00013037028115388906
08/08/2025,20,WT,8,0.00013536081727614797
08/08/2025,21,WT,8,0.00013553702888870897
08/08/2025,22,WT,8,0.00013092443079520074
08/08/2025,23,WT,8,0.00011343562758292603
08/08/2025,24,WT,8,9.119469219479844e-05
09/08/2025,1,SA,8,8.004253989982183e-05
09/08/2025,2,SA,8,6.962168139880076e-05
09/08/2025,3,SA,8,6.420887050192471e-05
09/08/2025,4,SA,8,6.191601019280555e-05
09/08/2025,5,SA,8,6.187768940769492e-05
09/08/2025,6,SA,8,6.442841666662102e-05
09/08/2025,7,SA,8,7.195685424147958e-05
09/08/2025,8,SA,8,8.880762114418797e-05
09/08/2025,9,SA,8,0.00010615496155395484
09/08/2025,10,SA,8,0.00011677700417680672
09/08/2025,11,SA,8,0.00012426312921810562
09/08/2025,12,SA,8,0.00013389761327466912
09/08/2025,13,SA,8,0.00013376428887647168
09/08/2025,14,SA,8,0.00012660229380923347
09/08/2025,15,SA,8,0.00012252033184526192
09/08/2025,16,SA,8,0.00011991930855587812
09/08/2025,17,SA,8,0.00012052286092137048
09/08/2025,18,SA,8,0.00012641068988368038
09/08/2025,19,SA,8,0.00013291005470838062
09/08/2025,20,SA,8,0.00013208615782850215
09/08/2025,21,SA,8,0.00013029306442520074
09/08/2025,22,SA,8,0.0001274756883698799
09/08/2025,23,SA,8,0.00011556271429861375
09/08/2025,24,SA,8,9.887241568355615e-05
10/08/2025,1,FT,8,8.26628334121871e-05
10/08/2025,2,FT,8,7.178357825855229e-05
10/08/2025,3,FT,8,6.559050090715184e-05
10/08/2025,4,FT,8,6.24423998861353e-05
10/08/2025,5,FT,8,6.143193780117725e-05
10/08/2025,6,FT,8,6.343847247937722e-05
10/08/2025,7,FT,8,6.852755604966447e-05
10/08/2025,8,FT,8,8.46325949448902e-05
10/08/2025,9,FT,8,0.00010765338344215099
10/08/2025,10,FT,8,0.00012601597370440329
10/08/2025,11,FT,8,0.00013858439530227572
10/08/2025,12,FT,8,0.00015277483238304378
10/08/2025,13,FT,8,0.0001471253580520321
10/08/2025,14,FT,8,0.00013252242220873376
10/08/2025,15,FT,8,0.00012318044442011033
10/08/2025,16,FT,8,0.00011792907935991286
10/08/2025,17,FT,8,0.00011778678327516404
10/08/2025,18,FT,8,0.00012824954258523625
10/08/2025,19,FT,8,0.00013859318888054673
10/08/2025,20,FT,8,0.00013931825937980072
10/08/2025,21,FT,8,0.00013683607205876045
10/08/2025,22,FT,8,0.00013164306438163417
10/08/2025,23,FT,8,0.00011272807752072203
10/08/2025,24,FT,8,9.002385784121712e-05
11/08/2025,1,WT,8,7.45379999452744e-05
11/08/2025,2,WT,8,6.536864916261761e-05
11/08/2025,3,WT,8,6.128350885845334e-05
11/08/2025,4,WT,8,6.0219595187233585e-05
11/08/2025,5,WT,8,6.229058440276819e-05
11/08/2025,6,WT,8,7.039041775521459e-05
11/08/2025,7,WT,8,8.150987666660821e-05
11/08/2025,8,WT,8,8.624905569867807e-05
11/08/2025,9,WT,8,8.431816045790909e-05
11/08/2025,10,WT,8,8.533244083521186e-05
11/08/2025,11,WT,8,8.705759806732512e-05
11/08/2025,12,WT,8,9.569779389386736e-05
11/08/2025,13,WT,8,0.00010013276886644625
11/08/2025,14,WT,8,9.71075395485084e-05
11/08/2025,15,WT,8,9.390218940587195e-05
11/08/2025,16,WT,8,9.491967193116939e-05
11/08/2025,17,WT,8,0.00010178827937967603
11/08/2025,18,WT,8,0.00011604584332581862
11/08/2025,19,WT,8,0.00013089340303997396
11/08/2025,20,WT,8,0.00013590396411458972
11/08/2025,21,WT,8,0.0001360808827912937
11/08/2025,22,WT,8,0.00013144977625404299
11/08/2025,23,WT,8,0.00011389079772542471
11/08/2025,24,WT,8,9.156061868479015e-05
12/08/2025,1,WT,8,7.464739429045194e-05
12/08/2025,2,WT,8,6.546458627624472e-05
12/08/2025,3,WT,8,6.137345048992555e-05
12/08/2025,4,WT,8,6.0307975385081694e-05
12/08/2025,5,WT,8,6.238200405041734e-05
12/08/2025,6,WT,8,7.049372497653473e-05
12/08/2025,7,WT,8,8.162950316034289e-05
12/08/2025,8,WT,8,8.637563756265709e-05
12/08/2025,9,WT,8,8.444190847847097e-05
12/08/2025,10,WT,8,8.545767744599328e-05
12/08/2025,11,WT,8,8.718536657386271e-05
12/08/2025,12,WT,8,9.583824302727104e-05
12/08/2025,13,WT,8,0.00010027972691051777
12/08/2025,14,WT,8,9.725005766958106e-05
12/08/2025,15,WT,8,9.404000325288069e-05
12/08/2025,16,WT,8,9.505897906797213e-05
12/08/2025,17,WT,8,0.00010193766710375864
12/08/2025,18,WT,8,0.00011621615590531535
12/08/2025,19,WT,8,0.00013108550637148453
12/08/2025,20,WT,8,0.00013610342110528264
12/08/2025,21,WT,8,0.00013628059943347713
12/08/2025,22,WT,8,0.0001316426961366211
12/08/2025,23,WT,8,0.00011405794749129005
12/08/2025,24,WT,8,9.16949959679535e-05
13/08/2025,1,WT,8,7.476180892390468e-05
13/08/2025,2,WT,8,6.556492610342993e-05
13/08/2025,3,WT,8,6.146751969231742e-05
13/08/2025,4,WT,8,6.040041149706589e-05
13/08/2025,5,WT,8,6.247761909760442e-05
13/08/2025,6,WT,8,7.060177313790152e-05
13/08/2025,7,WT,8,8.175461951265224e-05
13/08/2025,8,WT,8,8.650802847870868e-05
13/08/2025,9,WT,8,8.457133550132217e-05
13/08/2025,10,WT,8,8.558866137294271e-05
13/08/2025,11,WT,8,8.73189985894717e-05
13/08/2025,12,WT,8,9.598513760478372e-05
13/08/2025,13,WT,8,0.00010043342910342439
13/08/2025,14,WT,8,9.739911618404477e-05
13/08/2025,15,WT,8,9.418414160632686e-05
13/08/2025,16,WT,8,9.52046792407623e-05
13/08/2025,17,WT,8,0.00010209391047872925
13/08/2025,18,WT,8,0.00011639428441208482
13/08/2025,19,WT,8,0.00013128642564408635
13/08/2025,20,WT,8,0.0001363120315087058
13/08/2025,21,WT,8,0.0001364894814042292
13/08/2025,22,WT,8,0.00013184446943317578
13/08/2025,23,WT,8,0.00011423276803765515
13/08/2025,24,WT,8,9.183554004792904e-05
14/08/2025,1,WT,8,7.488122587072653e-05
14/08/2025,2,WT,8,6.566965288046445e-05
14/08/2025,3,WT,8,6.156570168705538e-05
14/08/2025,4,WT,8,6.049688900117635e-05
14/08/2025,5,WT,8,6.257741452289873e-05
14/08/2025,6,WT,8,7.071454526460219e-05
14/08/2025,7,WT,8,8.188520606735585e-05
14/08/2025,8,WT,8,8.66462076477951e-05
14/08/2025,9,WT,8,8.470642119306209e-05
14/08/2025,10,WT,8,8.57253720380649e-05
14/08/2025,11,WT,8,8.745847312013355e-05
14/08/2025,12,WT,8,9.613845454879591e-05
14/08/2025,13,WT,8,0.00010059385129805838
14/08/2025,14,WT,8,9.755469167432865e-05
14/08/2025,15,WT,8,9.43345818216126e-05
14/08/2025,16,WT,8,9.535674955957516e-05
14/08/2025,17,WT,8,0.00010225698495825235
14/08/2025,18,WT,8,0.00011658020086156712
14/08/2025,19,WT,8,0.000131496129292717
14/08/2025,20,WT,8,0.00013652976255149561
14/08/2025,21,WT,8,0.00013670749588752217
14/08/2025,22,WT,8,0.00013205506444447464
14/08/2025,23,WT,8,0.00011441523189965113
14/08/2025,24,WT,8,9.19822288447908e-05
15/08/2025,1,WT,8,7.500562627568099e-05
15/08/2025,2,WT,8,6.577875007160353e-05
15/08/2025,3,WT,8,6.166798097177751e-05
15/08/2025,4,WT,8,6.05973926641803e-05
15/08/2025,5,WT,8,6.268137456918711e-05
15/08/2025,6,WT,8,7.083202355057835e-05
15/08/2025,7,WT,8,8.202124220560158e-05
15/08/2025,8,WT,8,8.679015325223489e-05
15/08/2025,9,WT,8,8.484714422445118e-05
15/08/2025,10,WT,8,8.586778785554652e-05
15/08/2025,11,WT,8,8.760376814363687e-05
15/08/2025,12,WT,8,9.629816965146015e-05
15/08/2025,13,WT,8,0.00010076096816469475
15/08/2025,14,WT,8,9.77167595759739e-05
15/08/2025,15,WT,8,9.449130014510903e-05
15/08/2025,16,WT,8,9.551516601339804e-05
15/08/2025,17,WT,8,0.00010242686479382277
15/08/2025,18,WT,8,0.00011677387589864367
15/08/2025,19,WT,8,0.00013171458420639857
15/08/2025,20,WT,8,0.00013675657985519552
15/08/2025,21,WT,8,0.00013693460846014586
15/08/2025,22,WT,8,0.00013227444791879894
15/08/2025,23,WT,8,0.00011460531026730298
15/08/2025,24,WT,8,9.213503919723697e-05
16/08/2025,1,SA,8,8.09046733736977e-05
16/08/2025,2,SA,8,7.03715724207067e-05
16/08/2025,3,SA,8,6.490046045707544e-05
16/08/2025,4,SA,8,6.258290388487059e-05
16/08/2025,5,SA,8,6.254417034884486e-05
16/08/2025,6,SA,8,6.512237134055606e-05
16/08/2025,7,SA,8,7.273189727227329e-05
16/08/2025,8,SA,8,8.976416279091122e-05
16/08/2025,9,SA,8,0.00010729835038054894
16/08/2025,10,SA,8,0.00011803480239767486
16/08/2025,11,SA,8,0.0001256015600500304
16/08/2025,12,SA,8,0.00013533981656582716
16/08/2025,13,SA,8,0.0001352050561384044
16/08/2025,14,SA,8,0.000127965919644933
16/08/2025,15,SA,8,0.0001238399911095279
16/08/2025,16,SA,8,0.00012121095235178295
16/08/2025,17,SA,8,0.00012182100554418784
16/08/2025,18,SA,8,0.00012777225196480444
16/08/2025,19,SA,8,0.000134341621064498
16/08/2025,20,SA,8,0.00013350885003994526
16/08/2025,21,SA,8,0.00013169644333340896
16/08/2025,22,SA,8,0.00012884872148685226
16/08/2025,23,SA,8,0.00011680743347486029
16/08/2025,24,SA,8,9.993736463832999e-05
17/08/2025,1,FT,8,8.359087587688575e-05
17/08/2025,2,FT,8,7.25894810584209e-05
17/08/2025,3,FT,8,6.632687501399098e-05
17/08/2025,4,FT,8,6.314343076422136e-05
17/08/2025,5,FT,8,6.212162438237554e-05
17/08/2025,6,FT,8,6.415068610581935e-05
17/08/2025,7,FT,8,6.929690400679276e-05
17/08/2025,8,FT,8,8.558275160858514e-05
17/08/2025,9,FT,8,0.00010886199083169721
17/08/2025,10,FT,8,0.00012743073497014512
17/08/2025,11,FT,8,0.00014014026023547715
17/08/2025,12,FT,8,0.00015449001109318675
17/08/2025,13,FT,8,0.00014877711101367381
17/08/2025,14,FT,8,0.00013401023033552724
17/08/2025,15,FT,8,0.0001245633716502028
17/08/2025,16,FT,8,0.00011925305035087915
17/08/2025,17,FT,8,0.00011910915673065085
17/08/2025,18,FT,8,0.00012968937977305426
17/08/2025,19,FT,8,0.00014014915253785084
17/08/2025,20,FT,8,0.0001408823632881152
17/08/2025,21,FT,8,0.00013837230884536898
17/08/2025,22,FT,8,0.00013312100009816138
17/08/2025,23,FT,8,0.0001139936576924228
17/08/2025,24,FT,8,9.103454135476245e-05
18/08/2025,1,WT,8,7.540852648202367e-05
18/08/2025,2,WT,8,6.613208719166712e-05
18/08/2025,3,WT,8,6.199923668540817e-05
18/08/2025,4,WT,8,6.0922897605882814e-05
18/08/2025,5,WT,8,6.301807382765272e-05
18/08/2025,6,WT,8,7.121250483339981e-05
18/08/2025,7,WT,8,8.246182749299933e-05
18/08/2025,8,WT,8,8.725635522120875e-05
18/08/2025,9,WT,8,8.530290912653965e-05
18/08/2025,10,WT,8,8.632903524674933e-05
18/08/2025,11,WT,8,8.807434052619044e-05
18/08/2025,12,WT,8,9.68154448793263e-05
18/08/2025,13,WT,8,0.00010130221576011689
18/08/2025,14,WT,8,9.82416549011805e-05
18/08/2025,15,WT,8,9.499886959311452e-05
18/08/2025,16,WT,8,9.602823525908651e-05
18/08/2025,17,WT,8,0.00010297706091922789
18/08/2025,18,WT,8,0.00011740113842588497
18/08/2025,19,WT,8,0.0001324221022392465
18/08/2025,20,WT,8,0.00013749118147081117
18/08/2025,21,WT,8,0.00013767016637417843
18/08/2025,22,WT,8,0.00013298497331544674
18/08/2025,23,WT,8,0.0001152209241278546
18/08/2025,24,WT,8,9.262995175442996e-05
19/08/2025,1,WT,8,7.555265456054067e-05
19/08/2025,2,WT,8,6.625848524106443e-05
19/08/2025,3,WT,8,6.211773563068487e-05
19/08/2025,4,WT,8,6.1039339347676e-05
19/08/2025,5,WT,8,6.313852007314177e-05
19/08/2025,6,WT,8,7.134861306899128e-05
19/08/2025,7,WT,8,8.261943652346351e-05
19/08/2025,8,WT,8,8.742312801737825e-05
19/08/2025,9,WT,8,8.54659483073576e-05
19/08/2025,10,WT,8,8.649403565918021e-05
19/08/2025,11,WT,8,8.824267673509006e-05
19/08/2025,12,WT,8,9.700048793337076e-05
19/08/2025,13,WT,8,0.00010149583436517611
19/08/2025,14,WT,8,9.84294238659356e-05
19/08/2025,15,WT,8,9.518044063255137e-05
19/08/2025,16,WT,8,9.621177372186988e-05
19/08/2025,17,WT,8,0.00010317388065055039
19/08/2025,18,WT,8,0.00011762552685099316
19/08/2025,19,WT,8,0.00013267520018505342
19/08/2025,20,WT,8,0.00013775396793174466
19/08/2025,21,WT,8,0.00013793329492839252
19/08/2025,22,WT,8,0.00013323914707496397
19/08/2025,23,WT,8,0.00011544114551626033
19/08/2025,24,WT,8,9.280699508868302e-05
20/08/2025,1,WT,8,7.570165861605515e-05
20/08/2025,2,WT,8,6.638915944530771e-05
20/08/2025,3,WT,8,6.22402434973136e-05
20/08/2025,4,WT,8,6.115972041385599e-05
20/08/2025,5,WT,8,6.326304111882577e-05
20/08/2025,6,WT,8,7.14893259633886e-05
20/08/2025,7,WT,8,8.278237760313736e-05
20/08/2025,8,WT,8,8.759554288084166e-05
20/08/2025,9,WT,8,8.563450324404726e-05
20/08/2025,10,WT,8,8.666461817763699e-05
20/08/2025,11,WT,8,8.841670790288239e-05
20/08/2025,12,WT,8,9.719179115326456e-05
20/08/2025,13,WT,8,0.00010169600325435945
20/08/2025,14,WT,8,9.862354521644656e-05
20/08/2025,15,WT,8,9.536815437659386e-05
20/08/2025,16,WT,8,9.640152144888475e-05
20/08/2025,17,WT,8,0.00010337735896285483
20/08/2025,18,WT,8,0.00011785750652973208
20/08/2025,19,WT,8,0.00013293686065229648
20/08/2025,20,WT,8,0.0001380256446849234
20/08/2025,21,WT,8,0.000138205325348162
20/08/2025,22,WT,8,0.00013350191975162158
20/08/2025,23,WT,8,0.00011566881718385711
20/08/2025,24,WT,8,9.299002795137678e-05
21/08/2025,1,WT,8,7.585551451134916e-05
21/08/2025,2,WT,8,6.652408863643786e-05
21/08/2025,3,WT,8,6.236674044020312e-05
21/08/2025,4,WT,8,6.128402130385274e-05
21/08/2025,5,WT,8,6.339161679349793e-05
21/08/2025,6,WT,8,7.163462072246183e-05
21/08/2025,7,WT,8,8.295062433713952e-05
21/08/2025,8,WT,8,8.777357188205614e-05
21/08/2025,9,WT,8,8.580854663233671e-05
21/08/2025,10,WT,8,8.684075516939913e-05
21/08/2025,11,WT,8,8.859640583819902e-05
21/08/2025,12,WT,8,9.738932354973365e-05
21/08/2025,13,WT,8,0.00010190269000224009
21/08/2025,14,WT,8,9.882398750692932e-05
21/08/2025,15,WT,8,9.556198041742827e-05
21/08/2025,16,WT,8,9.659744770283182e-05
21/08/2025,17,WT,8,0.00010358746289461977
21/08/2025,18,WT,8,0.0001180970398836341
21/08/2025,19,WT,8,0.00013320704125450723
21/08/2025,20,WT,8,0.00013830616772133716
21/08/2025,21,WT,8,0.00013848621356718624
21/08/2025,22,WT,8,0.00013377324877878377
21/08/2025,23,WT,8,0.00011590390225003352
21/08/2025,24,WT,8,9.31790206929551e-05
22/08/2025,1,WT,8,7.601419722887495e-05
22/08/2025,2,WT,8,6.666325087446044e-05
22/08/2025,3,WT,8,6.24972058904743e-05
22/08/2025,4,WT,8,6.141222180587354e-05
22/08/2025,5,WT,8,6.352422619026943e-05
22/08/2025,6,WT,8,7.178447372073614e-05
22/08/2025,7,WT,8,8.31241493679177e-05
22/08/2025,8,WT,8,8.795718607283597e-05
22/08/2025,9,WT,8,8.598805017211587e-05
22/08/2025,10,WT,8,8.70224179939286e-05
22/08/2025,11,WT,8,8.878174132147907e-05
22/08/2025,12,WT,8,9.759305300326673e-05
22/08/2025,13,WT,8,0.0001021158610007747
22/08/2025,14,WT,8,9.903071814471289e-05
22/08/2025,15,WT,8,9.576188723821074e-05
22/08/2025,16,WT,8,9.679952062536463e-05
22/08/2025,17,WT,8,0.00010380415828215494
22/08/2025,18,WT,8,0.00011834408796367424
22/08/2025,19,WT,8,0.00013348569805930245
22/08/2025,20,WT,8,0.0001385954914268841
22/08/2025,21,WT,8,0.0001387759139119833
22/08/2025,22,WT,8,0.00013405309003732918
22/08/2025,23,WT,8,0.0001161463624890729
22/08/2025,24,WT,8,9.337394258248671e-05
23/08/2025,1,SA,8,8.202743297284713e-05
23/08/2025,2,SA,8,7.134815826115179e-05
23/08/2025,3,SA,8,6.580112060350265e-05
23/08/2025,4,SA,8,6.345140199689965e-05
23/08/2025,5,SA,8,6.341213093383664e-05
23/08/2025,6,SA,8,6.602611106896777e-05
23/08/2025,7,SA,8,7.374123866655353e-05
23/08/2025,8,SA,8,9.100987050136187e-05
23/08/2025,9,SA,8,0.00010878738986169494
23/08/2025,10,SA,8,0.00011967283765447106
23/08/2025,11,SA,8,0.00012734460345325803
23/08/2025,12,SA,8,0.00013721800322501475
23/08/2025,13,SA,8,0.00013708137265144128
23/08/2025,14,SA,8,0.00012974177459439552
23/08/2025,15,SA,8,0.0001255585882310386
23/08/2025,16,SA,8,0.00012289306482563727
23/08/2025,17,SA,8,0.00012351158406887958
23/08/2025,18,SA,8,0.0001295454192790805
23/08/2025,19,SA,8,0.00013620595520399525
23/08/2025,20,SA,8,0.00013536162734814066
23/08/2025,21,SA,8,0.00013352406885565102
23/08/2025,22,SA,8,0.00013063682757337314
23/08/2025,23,SA,8,0.00011842843584366216
23/08/2025,24,SA,8,0.00010132425158543012
24/08/2025,1,FT,8,8.47865475359498e-05
24/08/2025,2,FT,8,7.362779037552331e-05
24/08/2025,3,FT,8,6.727560493046315e-05
24/08/2025,4,FT,8,6.404662515988782e-05
24/08/2025,5,FT,8,6.301020300904799e-05
24/08/2025,6,FT,8,6.506828813452895e-05
24/08/2025,7,FT,8,7.028811678345797e-05
24/08/2025,8,FT,8,8.680691476670085e-05
24/08/2025,9,FT,8,0.00011041913682187036
24/08/2025,10,FT,8,0.00012925348555983764
24/08/2025,11,FT,8,0.00014214480601514113
24/08/2025,12,FT,8,0.00015669981360972782
24/08/2025,13,FT,8,0.00015090519704328398
24/08/2025,14,FT,8,0.00013592709306433547
24/08/2025,15,FT,8,0.0001263451078944667
24/08/2025,16,FT,8,0.00012095882853618605
24/08/2025,17,FT,8,0.00012081287668266587
24/08/2025,18,FT,8,0.00013154443768756427
24/08/2025,19,FT,8,0.00014215382551170696
24/08/2025,20,FT,8,0.00014289752400127318
24/08/2025,21,FT,8,0.00014035156610700292
24/08/2025,22,FT,8,0.00013502514340775015
24/08/2025,23,FT,8,0.00011562420629460068
24/08/2025,24,FT,8,9.233668611580191e-05
25/08/2025,1,WT,8,7.651894293440829e-05
25/08/2025,2,WT,8,6.710590488940011e-05
25/08/2025,3,WT,8,6.291219673996087e-05
25/08/2025,4,WT,8,6.182000819780826e-05
25/08/2025,5,WT,8,6.394603660905643e-05
25/08/2025,6,WT,8,7.226113342583595e-05
25/08/2025,7,WT,8,8.367610622530893e-05
25/08/2025,8,WT,8,8.854123502105269e-05
25/08/2025,9,WT,8,8.655902376170573e-05
25/08/2025,10,WT,8,8.760025994147046e-05
25/08/2025,11,WT,8,8.93712654405968e-05
25/08/2025,12,WT,8,9.824108555756668e-05
25/08/2025,13,WT,8,0.00010279392568061063
25/08/2025,14,WT,8,9.968829701184116e-05
25/08/2025,15,WT,8,9.639776057634152e-05
25/08/2025,16,WT,8,9.744228400529256e-05
25/08/2025,17,WT,8,0.00010449343350993463
25/08/2025,18,WT,8,0.00011912991051199468
25/08/2025,19,WT,8,0.00013437206317663299
25/08/2025,20,WT,8,0.00013951578634091672
25/08/2025,21,WT,8,0.0001396974068584605
25/08/2025,22,WT,8,0.00013494322272275492
25/08/2025,23,WT,8,0.0001169175918096058
25/08/2025,24,WT,8,9.39939596088499e-05
26/08/2025,1,WT,8,7.669666515877581e-05
26/08/2025,2,WT,8,6.72617644743314e-05
26/08/2025,3,WT,8,6.305831605520103e-05
26/08/2025,4,WT,8,6.196359080553919e-05
26/08/2025,5,WT,8,6.409455711169053e-05
26/08/2025,6,WT,8,7.242896649925894e-05
26/08/2025,7,WT,8,8.387045161423473e-05
26/08/2025,8,WT,8,8.874688011536192e-05
26/08/2025,9,WT,8,8.676006498956484e-05
26/08/2025,10,WT,8,8.780371953532971e-05
26/08/2025,11,WT,8,8.957883835626367e-05
26/08/2025,12,WT,8,9.846925943948427e-05
26/08/2025,13,WT,8,0.00010303267394898504
26/08/2025,14,WT,8,9.991983217436347e-05
26/08/2025,15,WT,8,9.662165316785785e-05
26/08/2025,16,WT,8,9.766860259774511e-05
26/08/2025,17,WT,8,0.0001047361290402572
26/08/2025,18,WT,8,0.00011940660059516852
26/08/2025,19,WT,8,0.00013468415454962902
26/08/2025,20,WT,8,0.00013983982448012819
26/08/2025,21,WT,8,0.00014002186682788987
26/08/2025,22,WT,8,0.0001352566406658931
26/08/2025,23,WT,8,0.00011718914358080464
26/08/2025,24,WT,8,9.421226915336511e-05
27/08/2025,1,WT,8,7.687907591268144e-05
27/08/2025,2,WT,8,6.742173582564617e-05
27/08/2025,3,WT,8,6.3208290176603e-05
27/08/2025,4,WT,8,6.211096129798678e-05
27/08/2025,5,WT,8,6.42469957667453e-05
27/08/2025,6,WT,8,7.26012272143289e-05
27/08/2025,7,WT,8,8.406992407210086e-05
27/08/2025,8,WT,8,8.895795037865305e-05
27/08/2025,9,WT,8,8.696640993078079e-05
27/08/2025,10,WT,8,8.801254664199726e-05
27/08/2025,11,WT,8,8.979188729919658e-05
27/08/2025,12,WT,8,9.870345282734148e-05
27/08/2025,13,WT,8,0.00010327772068854066
27/08/2025,14,WT,8,0.00010015747551751688
27/08/2025,15,WT,8,9.685145231963936e-05
27/08/2025,16,WT,8,9.790089175133324e-05
27/08/2025,17,WT,8,0.00010498522717535654
27/08/2025,18,WT,8,0.00011969059010098055
27/08/2025,19,WT,8,0.00013500447927456566
27/08/2025,20,WT,8,0.00014017241114157747
27/08/2025,21,WT,8,0.0001403548864479538
27/08/2025,22,WT,8,0.00013557832695751387
27/08/2025,23,WT,8,0.00011746785921969028
27/08/2025,24,WT,8,9.443633797054051e-05
28/08/2025,1,WT,8,7.706614489659575e-05
28/08/2025,2,WT,8,6.758579237113546e-05
28/08/2025,3,WT,8,6.336209419255818e-05
28/08/2025,4,WT,8,6.226209519602105e-05
28/08/2025,5,WT,8,6.440332725323823e-05
28/08/2025,6,WT,8,7.277788695749936e-05
28/08/2025,7,WT,8,8.427449046532577e-05
28/08/2025,8,WT,8,8.917441075087885e-05
28/08/2025,9,WT,8,8.71780243102109e-05
28/08/2025,10,WT,8,8.82267065740278e-05
28/08/2025,11,WT,8,9.001037688067756e-05
28/08/2025,12,WT,8,9.894362682020028e-05
28/08/2025,13,WT,8,0.00010352902519553204
28/08/2025,14,WT,8,0.00010040118756730484
28/08/2025,15,WT,8,9.708711986065713e-05
28/08/2025,16,WT,8,9.813911288142367e-05
28/08/2025,17,WT,8,0.00010524068653852593
28/08/2025,18,WT,8,0.00011998183185705633
28/08/2025,19,WT,8,0.0001353329841435687
28/08/2025,20,WT,8,0.00014051349108060867
28/08/2025,21,WT,8,0.00014069641040207948
28/08/2025,22,WT,8,0.0001359082281635787
28/08/2025,23,WT,8,0.00011775369242990959
28/08/2025,24,WT,8,9.466612884119043e-05
29/08/2025,1,WT,8,7.72578409306592e-05
29/08/2025,2,WT,8,6.775390676655465e-05
29/08/2025,3,WT,8,6.351970246766996e-05
29/08/2025,4,WT,8,6.241696730928909e-05
29/08/2025,5,WT,8,6.456352551450456e-05
29/08/2025,6,WT,8,7.295891628387854e-05
29/08/2025,7,WT,8,8.448411669765638e-05
29/08/2025,8,WT,8,8.939622515334862e-05
29/08/2025,9,WT,8,8.7394872856874e-05
29/08/2025,10,WT,8,8.844616363615812e-05
29/08/2025,11,WT,8,9.023427068379607e-05
29/08/2025,12,WT,8,9.918974138688495e-05
29/08/2025,13,WT,8,0.00010378654558359696
29/08/2025,14,WT,8,0.00010065092770284343
29/08/2025,15,WT,8,9.73286165108516e-05
29/08/2025,16,WT,8,9.83832262823355e-05
29/08/2025,17,WT,8,0.00010550246455088941
29/08/2025,18,WT,8,0.00012028027732046345
29/08/2025,19,WT,8,0.00013566961440284923
29/08/2025,20,WT,8,0.00014086300744747376
29/08/2025,21,WT,8,0.0001410463817665123
29/08/2025,22,WT,8,0.0001362462892975631
29/08/2025,23,WT,8,0.00011804659557000342
29/08/2025,24,WT,8,9.490160346475366e-05
30/08/2025,1,SA,8,8.340190387473296e-05
30/08/2025,2,SA,8,7.254368473173586e-05
30/08/2025,3,SA,8,6.690369961034458e-05
30/08/2025,4,SA,8,6.451460856777293e-05
30/08/2025,5,SA,8,6.44746794695684e-05
30/08/2025,6,SA,8,6.713246006880809e-05
30/08/2025,7,SA,8,7.497686415357501e-05
30/08/2025,8,SA,8,9.25348532328089e-05
30/08/2025,9,SA,8,0.00011061025687627661
30/08/2025,10,SA,8,0.00012167810378484752
30/08/2025,11,SA,8,0.0001294784194903469
30/08/2025,12,SA,8,0.00013951726026393838
30/08/2025,13,SA,8,0.0001393783402764351
30/08/2025,14,SA,8,0.00013191575819324904
30/08/2025,15,SA,8,0.00012766247737825296
30/08/2025,16,SA,8,0.00012495228983761984
30/08/2025,17,SA,8,0.00012558117313434133
30/08/2025,18,SA,8,0.0001317161127022264
30/08/2025,19,SA,8,0.00013848825412895888
30/08/2025,20,SA,8,0.00013762977851756127
30/08/2025,21,SA,8,0.00013576142946407382
30/08/2025,22,SA,8,0.00013282580888982756
30/08/2025,23,SA,8,0.00012041285048549118
30/08/2025,24,SA,8,0.00010302206450498882
31/08/2025,1,FT,8,8.624031867522419e-05
31/08/2025,2,FT,8,7.48902307013438e-05
31/08/2025,3,FT,8,6.842912911168612e-05
31/08/2025,4,FT,8,6.514478445439014e-05
31/08/2025,5,FT,8,6.409059155270858e-05
31/08/2025,6,FT,8,6.618396511538325e-05
31/08/2025,7,FT,8,7.149329423888406e-05
31/08/2025,8,FT,8,8.829532762280601e-05
31/08/2025,9,FT,8,0.00011231241068429716
31/08/2025,10,FT,8,0.0001314696978295711
31/08/2025,11,FT,8,0.0001445820560576074
31/08/2025,12,FT,8,0.0001593866274165868
31/08/2025,13,FT,8,0.0001534926549196059
31/08/2025,14,FT,8,0.00013825773266088945
31/08/2025,15,FT,8,0.00012851145240056418
31/08/2025,16,FT,8,0.00012303281856263195
31/08/2025,17,FT,8,0.00012288436418249007
31/08/2025,18,FT,8,0.00013379993118977545
31/08/2025,19,FT,8,0.00014459123020469484
31/08/2025,20,FT,8,0.00014534768033272108
31/08/2025,21,FT,8,0.0001427580688139542
31/08/2025,22,FT,8,0.00013734031795214753
31/08/2025,23,FT,8,0.00011760672756710944
31/08/2025,24,FT,8,9.39199138007654e-05
01/09/2025,1,WT,9,6.666004685187096e-05
01/09/2025,2,WT,9,5.810886968408492e-05
01/09/2025,3,WT,9,5.4627689305687355e-05
01/09/2025,4,WT,9,5.4010559562891946e-05
01/09/2025,5,WT,9,5.648325962989206e-05
01/09/2025,6,WT,9,6.747117944064003e-05
01/09/2025,7,WT,9,8.858989441936452e-05
01/09/2025,8,WT,9,9.144391042500245e-05
01/09/2025,9,WT,9,8.531191529774108e-05
01/09/2025,10,WT,9,8.400741340240112e-05
01/09/2025,11,WT,9,8.456768024206636e-05
01/09/2025,12,WT,9,9.207692833190782e-05
01/09/2025,13,WT,9,9.58532940750842e-05
01/09/2025,14,WT,9,9.337724913142936e-05
01/09/2025,15,WT,9,9.012770146137102e-05
01/09/2025,16,WT,9,9.196403874481109e-05
01/09/2025,17,WT,9,9.979523121266913e-05
01/09/2025,18,WT,9,0.00011625536923053538
01/09/2025,19,WT,9,0.00013449665406703887
01/09/2025,20,WT,9,0.00014690112914105983
01/09/2025,21,WT,9,0.00014779003011205108
01/09/2025,22,WT,9,0.00012946595957834335
01/09/2025,23,WT,9,0.0001073655233014592
01/09/2025,24,WT,9,8.430845230132574e-05
02/09/2025,1,WT,9,6.683973090197416e-05
02/09/2025,2,WT,9,5.8265503793193176e-05
02/09/2025,3,WT,9,5.477493979418518e-05
02/09/2025,4,WT,9,5.415614656063537e-05
02/09/2025,5,WT,9,5.663551186091562e-05
02/09/2025,6,WT,9,6.76530499216806e-05
02/09/2025,7,WT,9,8.882869099661356e-05
02/09/2025,8,WT,9,9.16904000834774e-05
02/09/2025,9,WT,9,8.554187598914026e-05
02/09/2025,10,WT,9,8.423385777188053e-05
02/09/2025,11,WT,9,8.479563482672927e-05
02/09/2025,12,WT,9,9.232512430813487e-05
02/09/2025,13,WT,9,9.611166935245866e-05
02/09/2025,14,WT,9,9.362895015931367e-05
02/09/2025,15,WT,9,9.037064324119095e-05
02/09/2025,16,WT,9,9.221193042394892e-05
02/09/2025,17,WT,9,0.0001000642320935885
02/09/2025,18,WT,9,0.00011656873888111492
02/09/2025,19,WT,9,0.00013485919361913072
02/09/2025,20,WT,9,0.00014729710530812519
02/09/2025,21,WT,9,0.00014818840233693747
02/09/2025,22,WT,9,0.00012981493875051869
02/09/2025,23,WT,9,0.00010765493011977612
02/09/2025,24,WT,9,8.453570812970971e-05
03/09/2025,1,WT,9,6.702323161640075e-05
03/09/2025,2,WT,9,5.842546496341624e-05
03/09/2025,3,WT,9,5.4925318026551905e-05
03/09/2025,4,WT,9,5.4304825968083026e-05
03/09/2025,5,WT,9,5.679099807769338e-05
03/09/2025,6,WT,9,6.783878350896822e-05
03/09/2025,7,WT,9,8.90725598458667e-05
03/09/2025,8,WT,9,9.194212542249846e-05
03/09/2025,9,WT,9,8.577672126971774e-05
03/09/2025,10,WT,9,8.446511204043398e-05
03/09/2025,11,WT,9,8.502843138890841e-05
03/09/2025,12,WT,9,9.257859220875986e-05
03/09/2025,13,WT,9,9.637553277250702e-05
03/09/2025,14,WT,9,9.388599756230876e-05
03/09/2025,15,WT,9,9.061874534115702e-05
03/09/2025,16,WT,9,9.2465087563918e-05
03/09/2025,17,WT,9,0.00010033894681535552
03/09/2025,18,WT,9,0.0001168887648084464
03/09/2025,19,WT,9,0.00013522943386459782
03/09/2025,20,WT,9,0.00014770149239485132
03/09/2025,21,WT,9,0.0001485952363760876
03/09/2025,22,WT,9,0.00013017133058038546
03/09/2025,23,WT,9,0.00010795048422093629
03/09/2025,24,WT,9,8.476779109334563e-05
04/09/2025,1,WT,9,6.721051777839496e-05
04/09/2025,2,WT,9,5.8588725982496194e-05
04/09/2025,3,WT,9,5.5078798420758785e-05
04/09/2025,4,WT,9,5.445657249220672e-05
04/09/2025,5,WT,9,5.694969182923712e-05
04/09/2025,6,WT,9,6.802834860589564e-05
04/09/2025,7,WT,9,8.932145948066813e-05
04/09/2025,8,WT,9,9.219904361908025e-05
04/09/2025,9,WT,9,8.601641118808808e-05
04/09/2025,10,WT,9,8.470113686757156e-05
04/09/2025,11,WT,9,8.526603032574215e-05
04/09/2025,12,WT,9,9.283728891435653e-05
04/09/2025,13,WT,9,9.664483944733904e-05
04/09/2025,14,WT,9,9.41483476120509e-05
04/09/2025,15,WT,9,9.087196555466163e-05
04/09/2025,16,WT,9,9.272346709815799e-05
04/09/2025,17,WT,9,0.00010061932864407936
04/09/2025,18,WT,9,0.00011721539257039188
04/09/2025,19,WT,9,0.0001356073118189481
04/09/2025,20,WT,9,0.00014811422160775724
04/09/2025,21,WT,9,0.00014901046301975024
04/09/2025,22,WT,9,0.00013053507443931507
04/09/2025,23,WT,9,0.00010825213532589747
04/09/2025,24,WT,9,8.500466171076767e-05
05/09/2025,1,WT,9,6.740155741750774e-05
05/09/2025,2,WT,9,5.875525898116581e-05
05/09/2025,3,WT,9,5.5235354777127905e-05
05/09/2025,4,WT,9,5.461136022930666e-05
05/09/2025,5,WT,9,5.711156602592928e-05
05/09/2025,6,WT,9,6.8221712852991e-05
05/09/2025,7,WT,9,8.957534741291824e-05
05/09/2025,8,WT,9,9.246111081632474e-05
05/09/2025,9,WT,9,8.626090482828488e-05
05/09/2025,10,WT,9,8.494189196297165e-05
05/09/2025,11,WT,9,8.550839107820234e-05
05/09/2025,12,WT,9,9.31011702644287e-05
05/09/2025,13,WT,9,9.691954340529708e-05
05/09/2025,14,WT,9,9.44159555244044e-05
05/09/2025,15,WT,9,9.113026065606638e-05
05/09/2025,16,WT,9,9.298702492031505e-05
05/09/2025,17,WT,9,0.00010090532971753216
05/09/2025,18,WT,9,0.00011754856641036947
05/09/2025,19,WT,9,0.00013599276297699997
05/09/2025,20,WT,9,0.00014853522249242104
05/09/2025,21,WT,9,0.00014943401138718258
05/09/2025,22,WT,9,0.00013090610823486882
05/09/2025,23,WT,9,0.00010855983194168663
05/09/2025,24,WT,9,8.524627954727471e-05
06/09/2025,1,SA,9,7.43961430958016e-05
06/09/2025,2,SA,9,6.34404450414589e-05
06/09/2025,3,SA,9,5.83170450689869e-05
06/09/2025,4,SA,9,5.668301796753812e-05
06/09/2025,5,SA,9,5.658635004352921e-05
06/09/2025,6,SA,9,6.001297356037121e-05
06/09/2025,7,SA,9,7.250518282790808e-05
06/09/2025,8,SA,9,9.267910019717029e-05
06/09/2025,9,SA,9,0.00011308111994852364
06/09/2025,10,SA,9,0.00012414874928329774
06/09/2025,11,SA,9,0.00013017438321318622
06/09/2025,12,SA,9,0.00013935953192252367
06/09/2025,13,SA,9,0.00013673762647484355
06/09/2025,14,SA,9,0.00012829953426596083
06/09/2025,15,SA,9,0.0001233465751068729
06/09/2025,16,SA,9,0.00012100025803904273
06/09/2025,17,SA,9,0.00012153701940656584
06/09/2025,18,SA,9,0.0001301294411081645
06/09/2025,19,SA,9,0.0001415057294283705
06/09/2025,20,SA,9,0.00014906278678597908
06/09/2025,21,SA,9,0.0001465468768690104
06/09/2025,22,SA,9,0.00012997002382997437
06/09/2025,23,SA,9,0.00011331854993731745
06/09/2025,24,SA,9,9.527895857446245e-05
07/09/2025,1,FT,9,7.930140375397587e-05
07/09/2025,2,FT,9,6.785599814171359e-05
07/09/2025,3,FT,9,6.203719406985311e-05
07/09/2025,4,FT,9,5.914990382957741e-05
07/09/2025,5,FT,9,5.809619172127056e-05
07/09/2025,6,FT,9,6.090949249147149e-05
07/09/2025,7,FT,9,6.956200822182937e-05
07/09/2025,8,FT,9,8.748787086823032e-05
07/09/2025,9,FT,9,0.00011429417083096668
07/09/2025,10,FT,9,0.00013483772990139376
07/09/2025,11,FT,9,0.00014930139562050097
07/09/2025,12,FT,9,0.00016469970993285196
07/09/2025,13,FT,9,0.00015741557417203866
07/09/2025,14,FT,9,0.00014086659603197238
07/09/2025,15,FT,9,0.00013073684226115538
07/09/2025,16,FT,9,0.00012486020733912142
07/09/2025,17,FT,9,0.0001251986879033717
07/09/2025,18,FT,9,0.00013820382556295818
07/09/2025,19,FT,9,0.00015239959837317377
07/09/2025,20,FT,9,0.00015838339045876428
07/09/2025,21,FT,9,0.0001526292208665094
07/09/2025,22,FT,9,0.0001319359819485747
07/09/2025,23,FT,9,0.00010840052683535241
07/09/2025,24,FT,9,8.475621365121544e-05
08/09/2025,1,WT,9,6.799686618766171e-05
08/09/2025,2,WT,9,5.927420130689712e-05
08/09/2025,3,WT,9,5.572320835768696e-05
08/09/2025,4,WT,9,5.509370252138694e-05
08/09/2025,5,WT,9,5.7615990811277516e-05
08/09/2025,6,WT,9,6.882426545759538e-05
08/09/2025,7,WT,9,9.036650108870323e-05
08/09/2025,8,WT,9,9.327775233435643e-05
08/09/2025,9,WT,9,8.702278445144555e-05
08/09/2025,10,WT,9,8.569212170804709e-05
08/09/2025,11,WT,9,8.626362429655797e-05
08/09/2025,12,WT,9,9.392346496047991e-05
08/09/2025,13,WT,9,9.777556300483088e-05
08/09/2025,14,WT,9,9.5249862759188e-05
08/09/2025,15,WT,9,9.19351477458249e-05
08/09/2025,16,WT,9,9.380831145383965e-05
08/09/2025,17,WT,9,0.00010179655285892083
08/09/2025,18,WT,9,0.00011858678711600765
08/09/2025,19,WT,9,0.00013719388781119625
08/09/2025,20,WT,9,0.0001498471257186147
08/09/2025,21,WT,9,0.00015075385295978944
08/09/2025,22,WT,9,0.00013206230635973138
08/09/2025,23,WT,9,0.00010951866171532234
08/09/2025,24,WT,9,8.599919772575442e-05
09/09/2025,1,WT,9,6.820258495688544e-05
09/09/2025,2,WT,9,5.945353039106294e-05
09/09/2025,3,WT,9,5.5891794212936645e-05
09/09/2025,4,WT,9,5.526038385995628e-05
09/09/2025,5,WT,9,5.779030311979762e-05
09/09/2025,6,WT,9,6.903248745335017e-05
09/09/2025,7,WT,9,9.063989729687145e-05
09/09/2025,8,WT,9,9.355995628700954e-05
09/09/2025,9,WT,9,8.72860645276533e-05
09/09/2025,10,WT,9,8.595137597663796e-05
09/09/2025,11,WT,9,8.652460759790739e-05
09/09/2025,12,WT,9,9.420762246208558e-05
09/09/2025,13,WT,9,9.80713747033583e-05
09/09/2025,14,WT,9,9.553803316518106e-05
09/09/2025,15,WT,9,9.221328976181841e-05
09/09/2025,16,WT,9,9.409212056824773e-05
09/09/2025,17,WT,9,0.00010210452972225988
09/09/2025,18,WT,9,0.00011894556141340508
09/09/2025,19,WT,9,0.00013760895631843674
09/09/2025,20,WT,9,0.00015030047552725851
09/09/2025,21,WT,9,0.00015120994599503374
09/09/2025,22,WT,9,0.0001324618497011877
09/09/2025,23,WT,9,0.00010985000116606894
09/09/2025,24,WT,9,8.625938102687225e-05
10/09/2025,1,WT,9,6.841188604557872e-05
10/09/2025,2,WT,9,5.9635982253340155e-05
10/09/2025,3,WT,9,5.60633157672176e-05
10/09/2025,4,WT,9,5.542996773292543e-05
10/09/2025,5,WT,9,5.796765084593634e-05
10/09/2025,6,WT,9,6.924433535894381e-05
10/09/2025,7,WT,9,9.09180543373307e-05
10/09/2025,8,WT,9,9.384707444714003e-05
10/09/2025,9,WT,9,8.755392927713364e-05
10/09/2025,10,WT,9,8.621514481440216e-05
10/09/2025,11,WT,9,8.679013557724197e-05
10/09/2025,12,WT,9,9.449672818963215e-05
10/09/2025,13,WT,9,9.837233757020614e-05
10/09/2025,14,WT,9,9.583122167652154e-05
10/09/2025,15,WT,9,9.24962752520507e-05
10/09/2025,16,WT,9,9.438087184189577e-05
10/09/2025,17,WT,9,0.00010241786959412675
10/09/2025,18,WT,9,0.0001193105832892591
10/09/2025,19,WT,9,0.00013803125269312103
10/09/2025,20,WT,9,0.0001507617198214279
10/09/2025,21,WT,9,0.00015167398128545584
10/09/2025,22,WT,9,0.00013286835055992063
10/09/2025,23,WT,9,0.00011018711045381144
10/09/2025,24,WT,9,8.652409507503251e-05
11/09/2025,1,WT,9,6.862473296113085e-05
11/09/2025,2,WT,9,5.982152508240483e-05
11/09/2025,3,WT,9,5.623774311495553e-05
11/09/2025,4,WT,9,5.5602424572563624e-05
11/09/2025,5,WT,9,5.814800306829927e-05
11/09/2025,6,WT,9,6.945977223771644e-05
11/09/2025,7,WT,9,9.120092371211759e-05
11/09/2025,8,WT,9,9.413905675437182e-05
11/09/2025,9,WT,9,8.782633199643144e-05
11/09/2025,10,WT,9,8.64833822320258e-05
11/09/2025,11,WT,9,8.706016193853337e-05
11/09/2025,12,WT,9,9.479073173620199e-05
11/09/2025,13,WT,9,9.867839913110977e-05
11/09/2025,14,WT,9,9.612937717443973e-05
11/09/2025,15,WT,9,9.27840548766958e-05
11/09/2025,16,WT,9,9.46745149296669e-05
11/09/2025,17,WT,9,0.00010273651784226904
11/09/2025,18,WT,9,0.00011968178910032134
11/09/2025,19,WT,9,0.00013846070330592763
11/09/2025,20,WT,9,0.00015123077818105196
11/09/2025,21,WT,9,0.00015214587792436175
11/09/2025,22,WT,9,0.00013328173806062974
11/09/2025,23,WT,9,0.00011052993080199003
11/09/2025,24,WT,9,8.679329371611941e-05
12/09/2025,1,WT,9,6.884108845723804e-05
12/09/2025,2,WT,9,6.0010126409923615e-05
12/09/2025,3,WT,9,5.641504573292676e-05
12/09/2025,4,WT,9,5.577772420046851e-05
12/09/2025,5,WT,9,5.8331328226862865e-05
12/09/2025,6,WT,9,6.967876039014385e-05
12/09/2025,7,WT,9,9.148845592162492e-05
12/09/2025,8,WT,9,9.443585211441626e-05
12/09/2025,9,WT,9,8.810322501751067e-05
12/09/2025,10,WT,9,8.675604129036314e-05
12/09/2025,11,WT,9,8.733463942958677e-05
12/09/2025,12,WT,9,9.50895816538077e-05
12/09/2025,13,WT,9,9.89895058280373e-05
12/09/2025,14,WT,9,9.643244748439386e-05
12/09/2025,15,WT,9,9.307657827689691e-05
12/09/2025,16,WT,9,9.49729984466507e-05
12/09/2025,17,WT,9,0.00010306041870609716
12/09/2025,18,WT,9,0.00012005911388889953
12/09/2025,19,WT,9,0.00013889723300684558
12/09/2025,20,WT,9,0.00015170756852511883
12/09/2025,21,WT,9,0.00015262555333406619
12/09/2025,22,WT,9,0.00013370193986420495
12/09/2025,23,WT,9,0.00011087840222011413
12/09/2025,24,WT,9,8.706692984278182e-05
13/09/2025,1,SA,9,7.600807035766911e-05
13/09/2025,2,SA,9,6.481499725091486e-05
13/09/2025,3,SA,9,5.9580589533344494e-05
13/09/2025,4,SA,9,5.7911158273536816e-05
13/09/2025,5,SA,9,5.781239586377133e-05
13/09/2025,6,SA,9,6.131326338887922e-05
13/09/2025,7,SA,9,7.407613900874791e-05
13/09/2025,8,SA,9,9.468716085726114e-05
13/09/2025,9,SA,9,0.00011553122733934376
13/09/2025,10,SA,9,0.00012683865692056335
13/09/2025,11,SA,9,0.00013299484712927818
13/09/2025,12,SA,9,0.0001423790087308542
13/09/2025,13,SA,9,0.0001397002949501975
13/09/2025,14,SA,9,0.00013107937618198453
13/09/2025,15,SA,9,0.0001260191021868954
13/09/2025,16,SA,9,0.00012362194790776313
13/09/2025,17,SA,9,0.00012417033918303983
13/09/2025,18,SA,9,0.0001329489312721065
13/09/2025,19,SA,9,0.00014457170749503334
13/09/2025,20,SA,9,0.00015229250219529606
13/09/2025,21,SA,9,0.00014972208053061028
13/09/2025,22,SA,9,0.00013278605992968627
13/09/2025,23,SA,9,0.00011577380167911863
13/09/2025,24,SA,9,9.734334987779585e-05
14/09/2025,1,FT,9,8.104360408325755e-05
14/09/2025,2,FT,9,6.934675034419656e-05
14/09/2025,3,FT,9,6.340011092655242e-05
14/09/2025,4,FT,9,6.044938879517238e-05
14/09/2025,5,FT,9,5.937252731629764e-05
14/09/2025,6,FT,9,6.224763447700607e-05
14/09/2025,7,FT,9,7.109024035761284e-05
14/09/2025,8,FT,9,8.940992256239272e-05
14/09/2025,9,FT,9,0.00011680513952295163
14/09/2025,10,FT,9,0.00013780002724183684
14/09/2025,11,FT,9,0.00015258145030174245
14/09/2025,12,FT,9,0.00016831805557737314
14/09/2025,13,FT,9,0.00016087389208539385
14/09/2025,14,FT,9,0.00014396134364518082
14/09/2025,15,FT,9,0.00013360904576392393
14/09/2025,16,FT,9,0.00012760330498989275
14/09/2025,17,FT,9,0.00012794922175227545
14/09/2025,18,FT,9,0.00014124007383859737
14/09/2025,19,FT,9,0.00015574771855641622
14/09/2025,20,FT,9,0.00016186297066728207
14/09/2025,21,FT,9,0.00015598238570677634
14/09/2025,22,FT,9,0.00013483452977136007
14/09/2025,23,FT,9,0.00011078201599704197
14/09/2025,24,FT,9,8.661825261070124e-05
15/09/2025,1,WT,9,6.95108226604469e-05
15/09/2025,2,WT,9,6.059394684472953e-05
15/09/2025,3,WT,9,5.696389071126269e-05
15/09/2025,4,WT,9,5.632036886968244e-05
15/09/2025,5,WT,9,5.889881614007915e-05
15/09/2025,6,WT,9,7.035664405114183e-05
15/09/2025,7,WT,9,9.237851953773906e-05
15/09/2025,8,WT,9,9.535459005984386e-05
15/09/2025,9,WT,9,8.896035474235354e-05
15/09/2025,10,WT,9,8.760006467072052e-05
15/09/2025,11,WT,9,8.81842918168706e-05
15/09/2025,12,WT,9,9.601467953691191e-05
15/09/2025,13,WT,9,9.995254489812649e-05
15/09/2025,14,WT,9,9.737060970446919e-05
15/09/2025,15,WT,9,9.398209225679875e-05
15/09/2025,16,WT,9,9.589696212686675e-05
15/09/2025,17,WT,9,0.00010406306246074057
15/09/2025,18,WT,9,0.00012122713282614072
15/09/2025,19,WT,9,0.000140248522327809
15/09/2025,20,WT,9,0.00015318348573973466
15/09/2025,21,WT,9,0.00015411040134623852
15/09/2025,22,WT,9,0.0001350026857438704
15/09/2025,23,WT,9,0.00011195710478028781
15/09/2025,24,WT,9,8.79139777641743e-05
16/09/2025,1,WT,9,6.974082494186393e-05
16/09/2025,2,WT,9,6.0794444342542586e-05
16/09/2025,3,WT,9,5.715237682494285e-05
16/09/2025,4,WT,9,5.650672565319443e-05
16/09/2025,5,WT,9,5.9093704670619956e-05
16/09/2025,6,WT,9,7.058944504565247e-05
16/09/2025,7,WT,9,9.268418805717805e-05
16/09/2025,8,WT,9,9.567010600999281e-05
16/09/2025,9,WT,9,8.925471299856866e-05
16/09/2025,10,WT,9,8.788992190381593e-05
16/09/2025,11,WT,9,8.847608218169049e-05
16/09/2025,12,WT,9,9.633237963738243e-05
16/09/2025,13,WT,9,0.0001002832748834743
16/09/2025,14,WT,9,9.769279640170324e-05
16/09/2025,15,WT,9,9.429306679003077e-05
16/09/2025,16,WT,9,9.621427271572114e-05
16/09/2025,17,WT,9,0.00010440739361466935
16/09/2025,18,WT,9,0.00012162825765897224
16/09/2025,19,WT,9,0.00014071258646726443
16/09/2025,20,WT,9,0.00015369034999262456
16/09/2025,21,WT,9,0.00015462033264244645
16/09/2025,22,WT,9,0.00013544939209160262
16/09/2025,23,WT,9,0.00011232755629466701
16/09/2025,24,WT,9,8.820487369491272e-05
17/09/2025,1,WT,9,6.997413826691303e-05
17/09/2025,2,WT,9,6.099782814200143e-05
17/09/2025,3,WT,9,5.734357632799723e-05
17/09/2025,4,WT,9,5.669576517288431e-05
17/09/2025,5,WT,9,5.929139875780154e-05
17/09/2025,6,WT,9,7.082559737322677e-05
17/09/2025,7,WT,9,9.29942568886426e-05
17/09/2025,8,WT,9,9.59901640328166e-05
17/09/2025,9,WT,9,8.955330874766338e-05
17/09/2025,10,WT,9,8.818395183441655e-05
17/09/2025,11,WT,9,8.87720730727982e-05
17/09/2025,12,WT,9,9.665465325289855e-05
17/09/2025,13,WT,9,0.0001006187659581695
17/09/2025,14,WT,9,9.801962120167984e-05
17/09/2025,15,WT,9,9.460851801906627e-05
17/09/2025,16,WT,9,9.65361512123291e-05
17/09/2025,17,WT,9,0.00010475668165627563
17/09/2025,18,WT,9,0.00012203515696419268
17/09/2025,19,WT,9,0.00014118333113442752
17/09/2025,20,WT,9,0.0001542045109107759
17/09/2025,21,WT,9,0.00015513760475614858
17/09/2025,22,WT,9,0.00013590252908949617
17/09/2025,23,WT,9,0.00011270334071757278
17/09/2025,24,WT,9,8.849995727593506e-05
18/09/2025,1,WT,9,7.021072086712925e-05
18/09/2025,2,WT,9,6.12040618327163e-05
18/09/2025,3,WT,9,5.753745499130603e-05
18/09/2025,4,WT,9,5.6887453586319044e-05
18/09/2025,5,WT,9,5.949186300982378e-05
18/09/2025,6,WT,9,7.106505875715276e-05
18/09/2025,7,WT,9,9.330867052266218e-05
18/09/2025,8,WT,9,9.631470683054909e-05
18/09/2025,9,WT,9,8.98560885341135e-05
18/09/2025,10,WT,9,8.848210182438494e-05
18/09/2025,11,WT,9,8.907221150099912e-05
18/09/2025,12,WT,9,9.698144268905197e-05
18/09/2025,13,WT,9,0.0001009589580615739
18/09/2025,14,WT,9,9.83510255952237e-05
18/09/2025,15,WT,9,9.492838947086141e-05
18/09/2025,16,WT,9,9.686253999301777e-05
18/09/2025,17,WT,9,0.00010511086405494592
18/09/2025,18,WT,9,0.00012244775789744394
18/09/2025,19,WT,9,0.00014166067205514826
18/09/2025,20,WT,9,0.00015472587644752865
18/09/2025,21,WT,9,0.00015566212508370906
18/09/2025,22,WT,9,0.00013636201561557966
18/09/2025,23,WT,9,0.0001130843907749284
18/09/2025,24,WT,9,8.879917568047614e-05
19/09/2025,1,WT,9,7.045053022035368e-05
19/09/2025,2,WT,9,6.141310834728763e-05
19/09/2025,3,WT,9,5.773397796809984e-05
19/09/2025,4,WT,9,5.7081756440393706e-05
19/09/2025,5,WT,9,5.969506139625686e-05
19/09/2025,6,WT,9,7.130778615785363e-05
19/09/2025,7,WT,9,9.3627372448122e-05
19/09/2025,8,WT,9,9.664367607151086e-05
19/09/2025,9,WT,9,9.016299793781303e-05
19/09/2025,10,WT,9,8.878431828575136e-05
19/09/2025,11,WT,9,8.937644352093167e-05
19/09/2025,12,WT,9,9.731268921036385e-05
19/09/2025,13,WT,9,0.00010130379004928102
19/09/2025,14,WT,9,9.868695001738691e-05
19/09/2025,15,WT,9,9.525262365334087e-05
19/09/2025,16,WT,9,9.719338039432005e-05
19/09/2025,17,WT,9,0.00010546987715172902
19/09/2025,18,WT,9,0.0001228659862999231
19/09/2025,19,WT,9,0.00014214452343458617
19/09/2025,20,WT,9,0.00015525435289528067
19/09/2025,21,WT,9,0.0001561937993504997
19/09/2025,22,WT,9,0.00013682776908407118
19/09/2025,23,WT,9,0.00011347063797872564
19/09/2025,24,WT,9,8.910247512853478e-05
20/09/2025,1,SA,9,7.780491049295217e-05
20/09/2025,2,SA,9,6.634723176075929e-05
20/09/2025,3,SA,9,6.098908200070439e-05
20/09/2025,4,SA,9,5.9280185180508116e-05
20/09/2025,5,SA,9,5.917908801522409e-05
20/09/2025,6,SA,9,6.276271647937203e-05
20/09/2025,7,SA,9,7.582730804923777e-05
20/09/2025,8,SA,9,9.692557699022853e-05
20/09/2025,9,SA,9,0.00011826239976860011
20/09/2025,10,SA,9,0.00012983713837638503
20/09/2025,11,SA,9,0.00013613886167909112
20/09/2025,12,SA,9,0.000145744866015555
20/09/2025,13,SA,9,0.00014300282711153485
20/09/2025,14,SA,9,0.00013417810876292406
20/09/2025,15,SA,9,0.00012899820926797522
20/09/2025,16,SA,9,0.00012654438596673858
20/09/2025,17,SA,9,0.0001271057412792369
20/09/2025,18,SA,9,0.0001360918603654064
20/09/2025,19,SA,9,0.00014798940044830885
20/09/2025,20,SA,9,0.00015589271568525182
20/09/2025,21,SA,9,0.00015326152893614843
20/09/2025,22,SA,9,0.0001359251387244117
20/09/2025,23,SA,9,0.00011851070859561354
20/09/2025,24,SA,9,9.9644558646026e-05
21/09/2025,1,FT,9,8.298006800118328e-05
21/09/2025,2,FT,9,7.100372847820187e-05
21/09/2025,3,FT,9,6.49149994682272e-05
21/09/2025,4,FT,9,6.189377248943972e-05
21/09/2025,5,FT,9,6.079118037553171e-05
21/09/2025,6,FT,9,6.37349856320351e-05
21/09/2025,7,FT,9,7.278887761500531e-05
21/09/2025,8,FT,9,9.154629212424903e-05
21/09/2025,9,FT,9,0.00011959609311729215
21/09/2025,10,FT,9,0.000141092634766656
21/09/2025,11,FT,9,0.00015622724661591627
21/09/2025,12,FT,9,0.00017233986389954696
21/09/2025,13,FT,9,0.00016471782882640566
21/09/2025,14,FT,9,0.00014740117027552924
21/09/2025,15,FT,9,0.00013680151356143858
21/09/2025,16,FT,9,0.00013065227102140276
21/09/2025,17,FT,9,0.0001310064531532312
21/09/2025,18,FT,9,0.00014461487817815546
21/09/2025,19,FT,9,0.00015946916999845615
21/09/2025,20,FT,9,0.00016573054055007578
21/09/2025,21,FT,9,0.000159709444308993
21/09/2025,22,FT,9,0.00013805627940535325
21/09/2025,23,FT,9,0.00011342905248017957
21/09/2025,24,FT,9,8.868791773371433e-05
22/09/2025,1,WT,9,7.118888227108736e-05
22/09/2025,2,WT,9,6.205674430500603e-05
22/09/2025,3,WT,9,5.833905504695826e-05
22/09/2025,4,WT,9,5.767999795533221e-05
22/09/2025,5,WT,9,6.032069147828375e-05
22/09/2025,6,WT,9,7.205512262186958e-05
22/09/2025,7,WT,9,9.460862783733837e-05
22/09/2025,8,WT,9,9.76565436282865e-05
22/09/2025,9,WT,9,9.110794518263087e-05
22/09/2025,10,WT,9,8.971481637106361e-05
22/09/2025,11,WT,9,9.031314733500597e-05
22/09/2025,12,WT,9,9.83325683144124e-05
22/09/2025,13,WT,9,0.00010236549761764174
22/09/2025,14,WT,9,9.972123196953234e-05
22/09/2025,15,WT,9,9.62509123786667e-05
22/09/2025,16,WT,9,9.821200909033447e-05
22/09/2025,17,WT,9,0.0001065752471161854
22/09/2025,18,WT,9,0.00012415367501803802
22/09/2025,19,WT,9,0.00014363425956645366
22/09/2025,20,WT,9,0.00015688148571439518
22/09/2025,21,WT,9,0.00015783077797509778
22/09/2025,22,WT,9,0.000138261783329025
22/09/2025,23,WT,9,0.00011465985937972288
22/09/2025,24,WT,9,9.003630763527144e-05
23/09/2025,1,WT,9,7.144115834088756e-05
23/09/2025,2,WT,9,6.227665830082138e-05
23/09/2025,3,WT,9,5.8545794457011905e-05
23/09/2025,4,WT,9,5.788440182748238e-05
23/09/2025,5,WT,9,6.053445332547533e-05
23/09/2025,6,WT,9,7.231046843661063e-05
23/09/2025,7,WT,9,9.494389778453469e-05
23/09/2025,8,WT,9,9.800261464711494e-05
23/09/2025,9,WT,9,9.14308095626435e-05
23/09/2025,10,WT,9,9.00327438416868e-05
23/09/2025,11,WT,9,9.06331951449182e-05
23/09/2025,12,WT,9,9.868103500016895e-05
23/09/2025,13,WT,9,0.00010272825602314364
23/09/2025,14,WT,9,0.0001000746197412508
23/09/2025,15,WT,9,9.659200218250866e-05
23/09/2025,16,WT,9,9.85600485435477e-05
23/09/2025,17,WT,9,0.00010695292384916278
23/09/2025,18,WT,9,0.00012459364542051645
23/09/2025,19,WT,9,0.00014414326441856105
23/09/2025,20,WT,9,0.00015743743551129932
23/09/2025,21,WT,9,0.00015839009183269483
23/09/2025,22,WT,9,0.000138751749433128
23/09/2025,23,WT,9,0.00011506618601058654
23/09/2025,24,WT,9,9.035537439267678e-05
24/09/2025,1,WT,9,7.169643724749963e-05
24/09/2025,2,WT,9,6.249918992835504e-05
24/09/2025,3,WT,9,5.875499468196357e-05
24/09/2025,4,WT,9,5.809123871467149e-05
24/09/2025,5,WT,9,6.075075957548811e-05
24/09/2025,6,WT,9,7.256885362727375e-05
24/09/2025,7,WT,9,9.528315844293943e-05
24/09/2025,8,WT,9,9.835280494208285e-05
24/09/2025,9,WT,9,9.175751699065634e-05
24/09/2025,10,WT,9,9.035445559638041e-05
24/09/2025,11,WT,9,9.095705247725533e-05
24/09/2025,12,WT,9,9.903364947763851e-05
24/09/2025,13,WT,9,0.0001030953323344014
24/09/2025,14,WT,9,0.00010043221388026612
24/09/2025,15,WT,9,9.693715197119162e-05
24/09/2025,16,WT,9,9.891223070313387e-05
24/09/2025,17,WT,9,0.00010733509606043772
24/09/2025,18,WT,9,0.00012503885278154493
24/09/2025,19,WT,9,0.00014465832794483658
24/09/2025,20,WT,9,0.00015800000276707313
24/09/2025,21,WT,9,0.00015895606319150604
24/09/2025,22,WT,9,0.00013924754759357764
24/09/2025,23,WT,9,0.00011547734913888639
24/09/2025,24,WT,9,9.067823899505948e-05
25/09/2025,1,WT,9,7.195467194660342e-05
25/09/2025,2,WT,9,6.272429817815086e-05
25/09/2025,3,WT,9,5.8966617169147504e-05
25/09/2025,4,WT,9,5.8300470499763804e-05
25/09/2025,5,WT,9,6.0969570366115664e-05
25/09/2025,6,WT,9,7.283023057709428e-05
25/09/2025,7,WT,9,9.562634729157406e-05
25/09/2025,8,WT,9,9.870704997803294e-05
25/09/2025,9,WT,9,9.208800725907509e-05
25/09/2025,10,WT,9,9.067989234818264e-05
25/09/2025,11,WT,9,9.128465964965567e-05
25/09/2025,12,WT,9,9.939034676492111e-05
25/09/2025,13,WT,9,0.00010346665890440207
25/09/2025,14,WT,9,0.0001007939484869966
25/09/2025,15,WT,9,9.7286298138453e-05
25/09/2025,16,WT,9,9.926849066686311e-05
25/09/2025,17,WT,9,0.0001077216933210347
25/09/2025,18,WT,9,0.00012548921505565436
25/09/2025,19,WT,9,0.00014517935522630028
25/09/2025,20,WT,9,0.0001585690838084659
25/09/2025,21,WT,9,0.00015952858775095222
25/09/2025,22,WT,9,0.00013974908644173048
25/09/2025,23,WT,9,0.00011589327299302781
25/09/2025,24,WT,9,9.100484194300401e-05
26/09/2025,1,WT,9,7.221581464018593e-05
26/09/2025,2,WT,9,6.29519413837438e-05
26/09/2025,3,WT,9,5.9180622748249106e-05
26/09/2025,4,WT,9,5.851205845495217e-05
26/09/2025,5,WT,9,6.119084519652263e-05
26/09/2025,6,WT,9,7.309455090644339e-05
26/09/2025,7,WT,9,9.597340080781697e-05
26/09/2025,8,WT,9,9.906528418589606e-05
26/09/2025,9,WT,9,9.24222191957249e-05
26/09/2025,10,WT,9,9.100899386030052e-05
26/09/2025,11,WT,9,9.16159560235918e-05
26/09/2025,12,WT,9,9.97510608390475e-05
26/09/2025,13,WT,9,0.00010384216700236579
26/09/2025,14,WT,9,0.00010115975660608914
26/09/2025,15,WT,9,9.763937605899992e-05
26/09/2025,16,WT,9,9.962876249271269e-05
26/09/2025,17,WT,9,0.00010811264407364176
26/09/2025,18,WT,9,0.0001259446488829325
26/09/2025,19,WT,9,0.00014570624982328343
26/09/2025,20,WT,9,0.00015914457330128682
26/09/2025,21,WT,9,0.00016010755953946382
26/09/2025,22,WT,9,0.00014025627314513401
26/09/2025,23,WT,9,0.00011631388058748595
26/09/2025,24,WT,9,9.133512278386002e-05
27/09/2025,1,SA,9,7.97708957410021e-05
27/09/2025,2,SA,9,6.802370279663841e-05
27/09/2025,3,SA,9,6.253016256677422e-05
27/09/2025,4,SA,9,6.077808510518066e-05
27/09/2025,5,SA,9,6.0674433402730393e-05
27/09/2025,6,SA,9,6.434861348695435e-05
27/09/2025,7,SA,9,7.774332296500125e-05
27/09/2025,8,SA,9,9.937470588600406e-05
27/09/2025,9,SA,9,0.0001212506704557711
27/09/2025,10,SA,9,0.00013311788116086666
27/09/2025,11,SA,9,0.0001395788372802667
27/09/2025,12,SA,9,0.00014942756746396234
27/09/2025,13,SA,9,0.00014661624234136377
27/09/2025,14,SA,9,0.00013756853978800758
27/09/2025,15,SA,9,0.00013225775387562142
27/09/2025,16,SA,9,0.00012974192702755222
27/09/2025,17,SA,9,0.00013031746674378928
27/09/2025,18,SA,9,0.0001395306483308819
27/09/2025,19,SA,9,0.00015172881710345023
27/09/2025,20,SA,9,0.00015983183440377297
27/09/2025,21,SA,9,0.0001571341624636857
27/09/2025,22,SA,9,0.00013935971394438495
27/09/2025,23,SA,9,0.00012150525358459631
27/09/2025,24,SA,9,0.00010216239114664021
28/09/2025,1,FT,9,8.509373491420792e-05
28/09/2025,2,FT,9,7.281233426993995e-05
28/09/2025,3,FT,9,6.65685132558159e-05
28/09/2025,4,FT,9,6.347032963363655e-05
28/09/2025,5,FT,9,6.233965231172779e-05
28/09/2025,6,FT,9,6.535844212679975e-05
28/09/2025,7,FT,9,7.464295469588746e-05
28/09/2025,8,FT,9,9.387815775576857e-05
28/09/2025,9,FT,9,0.00012264244281352796
28/09/2025,10,FT,9,0.00014468654401451894
28/09/2025,11,FT,9,0.00016020666444527132
28/09/2025,12,FT,9,0.0001767297020485642
28/09/2025,13,FT,9,0.00016891351862471555
28/09/2025,14,FT,9,0.00015115577043502837
28/09/2025,15,FT,9,0.00014028611944127926
28/09/2025,16,FT,9,0.00013398024349746206
28/09/2025,17,FT,9,0.00013434344735066602
28/09/2025,18,FT,9,0.00014829850595165765
28/09/2025,19,FT,9,0.00016353116604633157
28/09/2025,20,FT,9,0.00016995202612458005
28/09/2025,21,FT,9,0.00016377756062011312
28/09/2025,22,FT,9,0.00014157284665991635
28/09/2025,23,FT,9,0.00011631831541980103
28/09/2025,24,FT,9,9.094697490026342e-05
29/09/2025,1,WT,9,7.301620140226674e-05
29/09/2025,2,WT,9,6.364965421550902e-05
29/09/2025,3,WT,9,5.983653706916904e-05
29/09/2025,4,WT,9,5.916056290294301e-05
29/09/2025,5,WT,9,6.186903933862097e-05
29/09/2025,6,WT,9,7.39046769324012e-05
29/09/2025,7,WT,9,9.703709911131441e-05
29/09/2025,8,WT,9,0.00010016325064157105
29/09/2025,9,WT,9,9.344655882458546e-05
29/09/2025,10,WT,9,9.20176703431321e-05
29/09/2025,11,WT,9,9.263135962683322e-05
29/09/2025,12,WT,9,0.00010085662793673782
29/09/2025,13,WT,9,0.00010499307689971437
29/09/2025,14,WT,9,0.00010228093664741729
29/09/2025,15,WT,9,9.872153880195079e-05
29/09/2025,16,WT,9,0.00010073297412584283
29/09/2025,17,WT,9,0.00010931088478533691
29/09/2025,18,WT,9,0.00012734052636798298
29/09/2025,19,WT,9,0.00014732115030030585
29/09/2025,20,WT,9,0.00016090841423227966
29/09/2025,21,WT,9,0.00016188207349880843
29/09/2025,22,WT,9,0.0001418107701051626
29/09/2025,23,WT,9,0.0001176030177485403
29/09/2025,24,WT,9,9.23474138388521e-05
30/09/2025,1,WT,9,7.328848301975804e-05
30/09/2025,2,WT,9,6.388700743944738e-05
30/09/2025,3,WT,9,6.005967095980398e-05
30/09/2025,4,WT,9,5.938117604700627e-05
30/09/2025,5,WT,9,6.209975254719978e-05
30/09/2025,6,WT,9,7.418027172628077e-05
30/09/2025,7,WT,9,9.739895603889038e-05
30/09/2025,8,WT,9,0.00010053676516812962
30/09/2025,9,WT,9,9.379502642077794e-05
30/09/2025,10,WT,9,9.236080953193727e-05
30/09/2025,11,WT,9,9.297678729829833e-05
30/09/2025,12,WT,9,0.00010123272810713753
30/09/2025,13,WT,9,0.00010538460212637119
30/09/2025,14,WT,9,0.00010266234814697551
30/09/2025,15,WT,9,9.90896771020814e-05
30/09/2025,16,WT,9,0.00010110861318406478
30/09/2025,17,WT,9,0.00010971851136611147
30/09/2025,18,WT,9,0.00012781538651991894
30/09/2025,19,WT,9,0.0001478705193488743
30/09/2025,20,WT,9,0.00016150845097006813
30/09/2025,21,WT,9,0.000162485741068041
30/09/2025,22,WT,9,0.0001423395906288323
30/09/2025,23,WT,9,0.00011804156617039003
30/09/2025,24,WT,9,9.269178266013127e-05
01/10/2025,1,WT,10,7.025327135125885e-05
01/10/2025,2,WT,10,6.060704658231785e-05
01/10/2025,3,WT,10,5.711048620256874e-05
01/10/2025,4,WT,10,5.715109022914805e-05
01/10/2025,5,WT,10,6.100754993539548e-05
01/10/2025,6,WT,10,7.24274324108231e-05
01/10/2025,7,WT,10,9.37473148213123e-05
01/10/2025,8,WT,10,0.00010036669397252381
01/10/2025,9,WT,10,9.402785173222381e-05
01/10/2025,10,WT,10,9.191736516888619e-05
01/10/2025,11,WT,10,9.258825442623052e-05
01/10/2025,12,WT,10,0.0001011741604101803
01/10/2025,13,WT,10,0.00010539236508049783
01/10/2025,14,WT,10,0.00010267927784997199
01/10/2025,15,WT,10,9.943187854241403e-05
01/10/2025,16,WT,10,0.00010107265034373204
01/10/2025,17,WT,10,0.0001098874153865833
01/10/2025,18,WT,10,0.00013186895886655792
01/10/2025,19,WT,10,0.0001593366600286672
01/10/2025,20,WT,10,0.00017129362303748466
01/10/2025,21,WT,10,0.00015475209630035007
01/10/2025,22,WT,10,0.00013524186152899734
01/10/2025,23,WT,10,0.0001157546972272919
01/10/2025,24,WT,10,9.122432826068044e-05
02/10/2025,1,WT,10,7.051832730126913e-05
02/10/2025,2,WT,10,6.083570865029295e-05
02/10/2025,3,WT,10,5.732595622816067e-05
02/10/2025,4,WT,10,5.736671344815904e-05
02/10/2025,5,WT,10,6.123772304754959e-05
02/10/2025,6,WT,10,7.270069117209089e-05
02/10/2025,7,WT,10,9.410101057259822e-05
02/10/2025,8,WT,10,0.00010074536373278688
02/10/2025,9,WT,10,9.438260591076876e-05
02/10/2025,10,WT,10,9.226415677130808e-05
02/10/2025,11,WT,10,9.293757720173568e-05
02/10/2025,12,WT,10,0.0001015558766304817
02/10/2025,13,WT,10,0.00010578999600803955
02/10/2025,14,WT,10,0.00010306667267178494
02/10/2025,15,WT,10,9.980702137236989e-05
02/10/2025,16,WT,10,0.0001014539835804858
02/10/2025,17,WT,10,0.00011030200552194995
02/10/2025,18,WT,10,0.0001323664823483398
02/10/2025,19,WT,10,0.00015993781537678199
02/10/2025,20,WT,10,0.00017193989036584715
02/10/2025,21,WT,10,0.00015533595471878427
02/10/2025,22,WT,10,0.00013575211050956794
02/10/2025,23,WT,10,0.00011619142381171428
02/10/2025,24,WT,10,9.156850512997228e-05
03/10/2025,1,WT,10,7.078582070956513e-05
03/10/2025,2,WT,10,6.1066473497897e-05
03/10/2025,3,WT,10,5.754340771917217e-05
03/10/2025,4,WT,10,5.758431954135848e-05
03/10/2025,5,WT,10,6.147001283491643e-05
03/10/2025,6,WT,10,7.297646282481341e-05
03/10/2025,7,WT,10,9.445795891504296e-05
03/10/2025,8,WT,10,0.00010112751574555051
03/10/2025,9,WT,10,9.474062241378465e-05
03/10/2025,10,WT,10,9.261413747423763e-05
03/10/2025,11,WT,10,9.329011235445221e-05
03/10/2025,12,WT,10,0.00010194110311857353
03/10/2025,13,WT,10,0.00010619128355524581
03/10/2025,14,WT,10,0.00010345762998188847
03/10/2025,15,WT,10,0.00010018561402112503
03/10/2025,16,WT,10,0.00010183882356310782
03/10/2025,17,WT,10,0.00011072040823409738
03/10/2025,18,WT,10,0.00013286858106313553
03/10/2025,19,WT,10,0.00016054449895802714
03/10/2025,20,WT,10,0.00017259210077775206
03/10/2025,21,WT,10,0.0001559251823075376
03/10/2025,22,WT,10,0.00013626705174702024
03/10/2025,23,WT,10,0.00011663216654001781
03/10/2025,24,WT,10,9.191584705464873e-05
04/10/2025,1,SA,10,7.931219537893944e-05
04/10/2025,2,SA,10,6.720466023971494e-05
04/10/2025,3,SA,10,6.179864393333284e-05
04/10/2025,4,SA,10,6.0523675308588736e-05
04/10/2025,5,SA,10,6.185557884263697e-05
04/10/2025,6,SA,10,6.557594848995033e-05
04/10/2025,7,SA,10,7.715053554372175e-05
04/10/2025,8,SA,10,9.756310056799249e-05
04/10/2025,9,SA,10,0.00011805406776245247
04/10/2025,10,SA,10,0.00013007480049896745
04/10/2025,11,SA,10,0.000137517406511932
04/10/2025,12,SA,10,0.00014691539998378306
04/10/2025,13,SA,10,0.00014517001833790348
04/10/2025,14,SA,10,0.0001368015200293707
04/10/2025,15,SA,10,0.00013148510620320493
04/10/2025,16,SA,10,0.00012963705504874417
04/10/2025,17,SA,10,0.0001318425827649011
04/10/2025,18,SA,10,0.00014447839919373405
04/10/2025,19,SA,10,0.00016619300025864762
04/10/2025,20,SA,10,0.00017164008436846217
04/10/2025,21,SA,10,0.00015332851083342934
04/10/2025,22,SA,10,0.0001361071008076946
04/10/2025,23,SA,10,0.00012204417820958356
04/10/2025,24,SA,10,0.00010246510292315802
05/10/2025,1,FT,10,8.165106178929371e-05
05/10/2025,2,FT,10,6.953555718216604e-05
05/10/2025,3,FT,10,6.288613051781018e-05
05/10/2025,4,FT,10,6.095042310783989e-05
05/10/2025,5,FT,10,6.090732410452014e-05
05/10/2025,6,FT,10,6.424187525267323e-05
05/10/2025,7,FT,10,7.585143503822107e-05
05/10/2025,8,FT,10,9.649960536780733e-05
05/10/2025,9,FT,10,0.00012391713002316097
05/10/2025,10,FT,10,0.00014487167805025947
05/10/2025,11,FT,10,0.0001601399684437134
05/10/2025,12,FT,10,0.00017656349951310804
05/10/2025,13,FT,10,0.0001685686343972917
05/10/2025,14,FT,10,0.00015198582440258492
05/10/2025,15,FT,10,0.00014117921778758144
05/10/2025,16,FT,10,0.00013590427455518415
05/10/2025,17,FT,10,0.0001385773496958643
05/10/2025,18,FT,10,0.00015721673169680767
05/10/2025,19,FT,10,0.0001756068890263802
05/10/2025,20,FT,10,0.00017923188997951428
05/10/2025,21,FT,10,0.00015868865635366308
05/10/2025,22,FT,10,0.00013748769445975814
05/10/2025,23,FT,10,0.0001162333272791308
05/10/2025,24,FT,10,9.13286619042904e-05
06/10/2025,1,WT,10,7.160240803057132e-05
06/10/2025,2,WT,10,6.177093814204579e-05
06/10/2025,3,WT,10,5.8207230172312376e-05
06/10/2025,4,WT,10,5.824861395448928e-05
06/10/2025,5,WT,10,6.217913272079067e-05
06/10/2025,6,WT,10,7.38183214580435e-05
06/10/2025,7,WT,10,9.554762872242749e-05
06/10/2025,8,WT,10,0.00010229412575776604
06/10/2025,9,WT,10,9.58335530356497e-05
06/10/2025,10,WT,10,9.368253690295499e-05
06/10/2025,11,WT,10,9.436630984937783e-05
06/10/2025,12,WT,10,0.00010311709869878391
06/10/2025,13,WT,10,0.0001074163093426613
06/10/2025,14,WT,10,0.00010465112026084124
06/10/2025,15,WT,10,0.00010134135822719333
06/10/2025,16,WT,10,0.00010301363924334168
06/10/2025,17,WT,10,0.0001119976821377448
06/10/2025,18,WT,10,0.00013440135694351148
06/10/2025,19,WT,10,0.00016239654504567958
06/10/2025,20,WT,10,0.00017458312835627227
06/10/2025,21,WT,10,0.00015772393982170608
06/10/2025,22,WT,10,0.0001378390324857062
06/10/2025,23,WT,10,0.00011797763866230671
06/10/2025,24,WT,10,9.297619098443565e-05
07/10/2025,1,WT,10,7.187913001951677e-05
07/10/2025,2,WT,10,6.200966442698296e-05
07/10/2025,3,WT,10,5.8432183786964684e-05
07/10/2025,4,WT,10,5.847372750513856e-05
07/10/2025,5,WT,10,6.24194365562434e-05
07/10/2025,6,WT,10,7.410360729264506e-05
07/10/2025,7,WT,10,9.591689186016724e-05
07/10/2025,8,WT,10,0.00010268946209792151
07/10/2025,9,WT,10,9.620392118573219e-05
07/10/2025,10,WT,10,9.404459201610386e-05
07/10/2025,11,WT,10,9.473100754138581e-05
07/10/2025,12,WT,10,0.00010351561558433375
07/10/2025,13,WT,10,0.00010783144139735128
07/10/2025,14,WT,10,0.00010505556568300615
07/10/2025,15,WT,10,0.00010173301240450941
07/10/2025,16,WT,10,0.00010341175628889906
07/10/2025,17,WT,10,0.00011243051983428156
07/10/2025,18,WT,10,0.0001349207781729553
07/10/2025,19,WT,10,0.00016302415934216696
07/10/2025,20,WT,10,0.00017525784016895937
07/10/2025,21,WT,10,0.0001583334958901715
07/10/2025,22,WT,10,0.00013837173930762581
07/10/2025,23,WT,10,0.00011843358711040615
07/10/2025,24,WT,10,9.333551628090891e-05
08/10/2025,1,WT,10,7.215802524160404e-05
08/10/2025,2,WT,10,6.225026554621217e-05
08/10/2025,3,WT,10,5.865890407239223e-05
08/10/2025,4,WT,10,5.8700608982618704e-05
08/10/2025,5,WT,10,6.266162761526412e-05
08/10/2025,6,WT,10,7.43911336164575e-05
08/10/2025,7,WT,10,9.628905500195812e-05
08/10/2025,8,WT,10,0.00010308790320774077
08/10/2025,9,WT,10,9.657719801806827e-05
08/10/2025,10,WT,10,9.440949052516086e-05
08/10/2025,11,WT,10,9.509856938276631e-05
08/10/2025,12,WT,10,0.00010391726221792617
08/10/2025,13,WT,10,0.00010824983368713461
08/10/2025,14,WT,10,0.00010546318741291172
08/10/2025,15,WT,10,0.00010212774243366327
08/10/2025,16,WT,10,0.00010381299994236
08/10/2025,17,WT,10,0.00011286675681697812
08/10/2025,18,WT,10,0.00013544427867139637
08/10/2025,19,WT,10,0.00016365670260073137
08/10/2025,20,WT,10,0.00017593785082355663
08/10/2025,21,WT,10,0.00015894783910061594
08/10/2025,22,WT,10,0.00013890862973679936
08/10/2025,23,WT,10,0.00011889311634470233
08/10/2025,24,WT,10,9.369766353470458e-05
09/10/2025,1,WT,10,7.243903869246601e-05
09/10/2025,2,WT,10,6.249269404781883e-05
09/10/2025,3,WT,10,5.8887346314290816e-05
09/10/2025,4,WT,10,5.892921364083483e-05
09/10/2025,5,WT,10,6.290565813236652e-05
09/10/2025,6,WT,10,7.468084372286772e-05
09/10/2025,7,WT,10,9.666404474891618e-05
09/10/2025,8,WT,10,0.00010348937050573759
09/10/2025,9,WT,10,9.695330991412928e-05
09/10/2025,10,WT,10,9.477716046398981e-05
09/10/2025,11,WT,10,9.546892288211458e-05
09/10/2025,12,WT,10,0.00010432195938587405
09/10/2025,13,WT,10,0.00010867140369570684
09/10/2025,14,WT,10,0.00010587390505844841
09/10/2025,15,WT,10,0.00010252547046507675
09/10/2025,16,WT,10,0.00010421729106951407
09/10/2025,17,WT,10,0.00011330630705015791
09/10/2025,18,WT,10,0.00013597175519284392
09/10/2025,19,WT,10,0.00016429405006971405
09/10/2025,20,WT,10,0.00017662302620677462
09/10/2025,21,WT,10,0.0001595668482908365
09/10/2025,22,WT,10,0.0001394495978864424
09/10/2025,23,WT,10,0.0001193561357357665
09/10/2025,24,WT,10,9.406256132229555e-05
10/10/2025,1,WT,10,7.272211464795634e-05
10/10/2025,2,WT,10,6.27369018589392e-05
10/10/2025,3,WT,10,5.911746521323117e-05
10/10/2025,4,WT,10,5.915949614815093e-05
10/10/2025,5,WT,10,6.315147971701182e-05
10/10/2025,6,WT,10,7.497268016320789e-05
10/10/2025,7,WT,10,9.704178674166993e-05
10/10/2025,8,WT,10,0.00010389378438211955
10/10/2025,9,WT,10,9.733218229202495e-05
10/10/2025,10,WT,10,9.514752892471584e-05
10/10/2025,11,WT,10,9.58419945994136e-05
10/10/2025,12,WT,10,0.0001047296268379112
10/10/2025,13,WT,10,0.00010909606782696673
10/10/2025,14,WT,10,0.00010628763717550685
10/10/2025,15,WT,10,0.00010292611763044305
10/10/2025,16,WT,10,0.00010462454950061167
10/10/2025,17,WT,10,0.0001137490833722937
10/10/2025,18,WT,10,0.00013650310314024442
10/10/2025,19,WT,10,0.00016493607536497375
10/10/2025,20,WT,10,0.00017731323045033635
10/10/2025,21,WT,10,0.00016019040071311901
10/10/2025,22,WT,10,0.00013999453648415124
10/10/2025,23,WT,10,0.00011982255346820598
10/10/2025,24,WT,10,9.44301372855164e-05
11/10/2025,1,SA,10,8.149045089960575e-05
11/10/2025,2,SA,10,6.905039053985658e-05
11/10/2025,3,SA,10,6.349590167124212e-05
11/10/2025,4,SA,10,6.218591690008749e-05
11/10/2025,5,SA,10,6.355440025911944e-05
11/10/2025,6,SA,10,6.737694732926745e-05
11/10/2025,7,SA,10,7.926942254675508e-05
11/10/2025,8,SA,10,0.000100242604790643
11/10/2025,9,SA,10,0.00012129634246701781
11/10/2025,10,SA,10,0.00013364721645508514
11/10/2025,11,SA,10,0.00014129422858186896
11/10/2025,12,SA,10,0.00015095033155460366
11/10/2025,13,SA,10,0.00014915701418852822
11/10/2025,14,SA,10,0.00014055868076380486
11/10/2025,15,SA,10,0.00013509625524660388
11/10/2025,16,SA,10,0.00013319744862370046
11/10/2025,17,SA,10,0.00013546354965901397
11/10/2025,18,SA,10,0.0001484464001948052
11/10/2025,19,SA,10,0.00017075737801392063
11/10/2025,20,SA,10,0.00017635406258526633
11/10/2025,21,SA,10,0.00015753957413337612
11/10/2025,22,SA,10,0.00013984518979035022
11/10/2025,23,SA,10,0.00012539603858465018
11/10/2025,24,SA,10,0.00010527923730755659
12/10/2025,1,FT,10,8.390195655640301e-05
12/10/2025,2,FT,10,7.145246087404052e-05
12/10/2025,3,FT,10,6.461972784042154e-05
12/10/2025,4,FT,10,6.263065831140126e-05
12/10/2025,5,FT,10,6.258637118732824e-05
12/10/2025,6,FT,10,6.601284672158914e-05
12/10/2025,7,FT,10,7.794245007787668e-05
12/10/2025,8,FT,10,9.915983356313737e-05
12/10/2025,9,FT,10,0.00012733318381856804
12/10/2025,10,FT,10,0.00014886539099017413
12/10/2025,11,FT,10,0.0001645545860748374
12/10/2025,12,FT,10,0.00018143086863737183
12/10/2025,13,FT,10,0.00017321560712182002
12/10/2025,14,FT,10,0.00015617565475292867
12/10/2025,15,FT,10,0.00014507113977339352
12/10/2025,16,FT,10,0.00013965078089227826
12/10/2025,17,FT,10,0.00014239754534837448
12/10/2025,18,FT,10,0.000161550763746404
12/10/2025,19,FT,10,0.00018044788703566335
12/10/2025,20,FT,10,0.00018417281927563396
12/10/2025,21,FT,10,0.00016306326530985554
12/10/2025,22,FT,10,0.00014127785132017962
12/10/2025,23,FT,10,0.0001194375598071958
12/10/2025,24,FT,10,9.384634143793754e-05
13/10/2025,1,WT,10,7.358314950404237e-05
13/10/2025,2,WT,10,6.347971110650984e-05
13/10/2025,3,WT,10,5.9817420081134266e-05
13/10/2025,4,WT,10,5.985994866522415e-05
13/10/2025,5,WT,10,6.389919759503268e-05
13/10/2025,6,WT,10,7.586036187030917e-05
13/10/2025,7,WT,10,9.819076819367993e-05
13/10/2025,8,WT,10,0.00010512389395905835
13/10/2025,9,WT,10,9.848460204739172e-05
13/10/2025,10,WT,10,9.627408223344772e-05
13/10/2025,11,WT,10,9.697677042965994e-05
13/10/2025,12,WT,10,0.0001059696328472092
13/10/2025,13,WT,10,0.00011038777279890934
13/10/2025,14,WT,10,0.00010754609013472244
13/10/2025,15,WT,10,0.00010414476996626196
13/10/2025,16,WT,10,0.00010586331138698456
13/10/2025,17,WT,10,0.00011509588036940403
13/10/2025,18,WT,10,0.00013811930930169382
13/10/2025,19,WT,10,0.0001668889298797629
13/10/2025,20,WT,10,0.00017941263133550088
13/10/2025,21,WT,10,0.00016208706611252458
13/10/2025,22,WT,10,0.00014165208145734112
13/10/2025,23,WT,10,0.00012124126077039051
13/10/2025,24,WT,10,9.554819662773196e-05
14/10/2025,1,WT,10,7.387390384099382e-05
14/10/2025,2,WT,10,6.37305430080667e-05
14/10/2025,3,WT,10,6.0053780911447495e-05
14/10/2025,4,WT,10,6.009647754175922e-05
14/10/2025,5,WT,10,6.415168704341447e-05
14/10/2025,6,WT,10,7.616011431859606e-05
14/10/2025,7,WT,10,9.857875636615325e-05
14/10/2025,8,WT,10,0.00010553927748493121
14/10/2025,9,WT,10,9.887375126648899e-05
14/10/2025,10,WT,10,9.665449686823929e-05
14/10/2025,11,WT,10,9.735996164634494e-05
14/10/2025,12,WT,10,0.00010638835820135818
14/10/2025,13,WT,10,0.00011082395586397272
14/10/2025,14,WT,10,0.0001079710446567781
14/10/2025,15,WT,10,0.0001045562846097992
14/10/2025,16,WT,10,0.00010628161662557883
14/10/2025,17,WT,10,0.00011555066691507655
14/10/2025,18,WT,10,0.00013866506996112305
14/10/2025,19,WT,10,0.00016754836998906483
14/10/2025,20,WT,10,0.00018012155723791555
14/10/2025,21,WT,10,0.00016272753227568283
14/10/2025,22,WT,10,0.00014221180141088375
14/10/2025,23,WT,10,0.00012172032999512542
14/10/2025,24,WT,10,9.592574301905454e-05
15/10/2025,1,WT,10,7.416643126515048e-05
15/10/2025,2,WT,10,6.398290454058272e-05
15/10/2025,3,WT,10,6.029158312477987e-05
15/10/2025,4,WT,10,6.033444882609825e-05
15/10/2025,5,WT,10,6.440571623085943e-05
15/10/2025,6,WT,10,7.646169472665259e-05
15/10/2025,7,WT,10,9.896911058025334e-05
15/10/2025,8,WT,10,0.00010595719411563305
15/10/2025,9,WT,10,9.926527360754394e-05
15/10/2025,10,WT,10,9.703723135947292e-05
15/10/2025,11,WT,10,9.774548965171062e-05
15/10/2025,12,WT,10,0.00010680963703957806
15/10/2025,13,WT,10,0.00011126279887426658
15/10/2025,14,WT,10,0.00010839859064981148
15/10/2025,15,WT,10,0.00010497030876482591
15/10/2025,16,WT,10,0.00010670247278628211
15/10/2025,17,WT,10,0.00011600822685430764
15/10/2025,18,WT,10,0.00013921415879530104
15/10/2025,19,WT,10,0.00016821183151669765
15/10/2025,20,WT,10,0.00018083480633447475
15/10/2025,21,WT,10,0.00016337190414965924
15/10/2025,22,WT,10,0.00014277493466617977
15/10/2025,23,WT,10,0.00012220232069481296
15/10/2025,24,WT,10,9.630559177560699e-05
16/10/2025,1,WT,10,7.446067173368939e-05
16/10/2025,2,WT,10,6.42367439054997e-05
16/10/2025,3,WT,10,6.0530777910951636e-05
16/10/2025,4,WT,10,6.05738136733586e-05
16/10/2025,5,WT,10,6.466123301651415e-05
16/10/2025,6,WT,10,7.67650411934823e-05
16/10/2025,7,WT,10,9.936175071368387e-05
16/10/2025,8,WT,10,0.00010637755807153377
16/10/2025,9,WT,10,9.965908870849582e-05
16/10/2025,10,WT,10,9.742220714884122e-05
16/10/2025,11,WT,10,9.813327531406596e-05
16/10/2025,12,WT,10,0.00010723338289212748
16/10/2025,13,WT,10,0.00011170421175490899
16/10/2025,14,WT,10,0.00010882864035771413
16/10/2025,15,WT,10,0.00010538675745066356
16/10/2025,16,WT,10,0.00010712579348610998
16/10/2025,17,WT,10,0.00011646846627046549
16/10/2025,18,WT,10,0.0001397664631007993
16/10/2025,19,WT,10,0.00016887917828362406
16/10/2025,20,WT,10,0.00018155223222697563
16/10/2025,21,WT,10,0.00016402004947367027
16/10/2025,22,WT,10,0.00014334136563710787
16/10/2025,23,WT,10,0.00012268713393827666
16/10/2025,24,WT,10,9.668766493139451e-05
17/10/2025,1,WT,10,7.475656448400827e-05
17/10/2025,2,WT,10,6.44920086833103e-05
17/10/2025,3,WT,10,6.077131587465779e-05
17/10/2025,4,WT,10,6.081452265311664e-05
17/10/2025,5,WT,10,6.491818463447289e-05
17/10/2025,6,WT,10,7.7070091076034e-05
17/10/2025,7,WT,10,9.97565956836611e-05
17/10/2025,8,WT,10,0.00010680028254469686
17/10/2025,9,WT,10,0.00010005511524392247
17/10/2025,10,WT,10,9.780934473629821e-05
17/10/2025,11,WT,10,9.85232385531075e-05
17/10/2025,12,WT,10,0.00010765950825268601
17/10/2025,13,WT,10,0.00011214810335122142
17/10/2025,14,WT,10,0.00010926110497237783
17/10/2025,15,WT,10,0.00010580554466790482
17/10/2025,16,WT,10,0.00010755149130653882
17/10/2025,17,WT,10,0.0001169312901210674
17/10/2025,18,WT,10,0.00014032186882312675
17/10/2025,19,WT,10,0.000169550272478324
17/10/2025,20,WT,10,0.00018227368676222757
17/10/2025,21,WT,10,0.0001646718344014209
17/10/2025,22,WT,10,0.00014391097735192728
17/10/2025,23,WT,10,0.0001231746696083761
17/10/2025,24,WT,10,9.707188358578408e-05
18/10/2025,1,SA,10,8.37751412952467e-05
18/10/2025,2,SA,10,7.098630772205532e-05
18/10/2025,3,SA,10,6.527609155986561e-05
18/10/2025,4,SA,10,6.392937966802323e-05
18/10/2025,5,SA,10,6.533623023146329e-05
18/10/2025,6,SA,10,6.926594736241772e-05
18/10/2025,7,SA,10,8.149184353426064e-05
18/10/2025,8,SA,10,0.00010305303612181048
18/10/2025,9,SA,10,0.00012469704261778986
18/10/2025,10,SA,10,0.00013739418936379135
18/10/2025,11,SA,10,0.00014525559538542475
18/10/2025,12,SA,10,0.00015518241971848557
18/10/2025,13,SA,10,0.00015333882437606593
18/10/2025,14,SA,10,0.00014449942553107403
18/10/2025,15,SA,10,0.000138883853835661
18/10/2025,16,SA,10,0.00013693181170839312
18/10/2025,17,SA,10,0.00013926144582290527
18/10/2025,18,SA,10,0.0001526082873981338
18/10/2025,19,SA,10,0.0001755447823935315
18/10/2025,20,SA,10,0.00018129837726966048
18/10/2025,21,SA,10,0.00016195640025205
18/10/2025,22,SA,10,0.0001437659309135552
18/10/2025,23,SA,10,0.0001289116790289364
18/10/2025,24,SA,10,0.00010823087715838167
19/10/2025,1,FT,10,8.62587599412278e-05
19/10/2025,2,FT,10,7.345955830720693e-05
19/10/2025,3,FT,10,6.643489401236153e-05
19/10/2025,4,FT,10,6.438995158131308e-05
19/10/2025,5,FT,10,6.434442043328394e-05
19/10/2025,6,FT,10,6.786714556014809e-05
19/10/2025,7,FT,10,8.013185110860935e-05
19/10/2025,8,FT,10,0.00010194523024483641
19/10/2025,9,FT,10,0.00013090996904433782
19/10/2025,10,FT,10,0.00015304701525459816
19/10/2025,11,FT,10,0.0001691769193477081
19/10/2025,12,FT,10,0.00018652725616951244
19/10/2025,13,FT,10,0.00017808122821010478
19/10/2025,14,FT,10,0.00016056262410210577
19/10/2025,15,FT,10,0.00014914618363757892
19/10/2025,16,FT,10,0.00014357356704183713
19/10/2025,17,FT,10,0.00014639748802721035
19/10/2025,18,FT,10,0.00016608871974225259
19/10/2025,19,FT,10,0.00018551666264477842
19/10/2025,20,FT,10,0.00018934622811705643
19/10/2025,21,FT,10,0.0001676437074282047
19/10/2025,22,FT,10,0.00014524634182812546
19/10/2025,23,FT,10,0.00012279255719679276
19/10/2025,24,FT,10,9.648248228890406e-05
20/10/2025,1,WT,10,7.565353800293153e-05
20/10/2025,2,WT,10,6.526582198479594e-05
20/10/2025,3,WT,10,6.150048610105774e-05
20/10/2025,4,WT,10,6.154421130002432e-05
20/10/2025,5,WT,10,6.569711144733022e-05
20/10/2025,6,WT,10,7.799482365668904e-05
20/10/2025,7,WT,10,0.00010095353437772476
20/10/2025,8,WT,10,0.000108081735563804
20/10/2025,9,WT,10,0.00010125563575240312
20/10/2025,10,WT,10,9.898291916066144e-05
20/10/2025,11,WT,10,9.970537869813246e-05
20/10/2025,12,WT,10,0.00010895127077052633
20/10/2025,13,WT,10,0.00011349372269044383
20/10/2025,14,WT,10,0.00011057208439585681
20/10/2025,15,WT,10,0.00010707506223305004
20/10/2025,16,WT,10,0.00010884195777310982
20/10/2025,17,WT,10,0.00011833430096695188
20/10/2025,18,WT,10,0.00014200553368023898
20/10/2025,19,WT,10,0.00017158463702662805
20/10/2025,20,WT,10,0.0001844607143677725
20/10/2025,21,WT,10,0.00016664766456148908
20/10/2025,22,WT,10,0.0001456377064580334
20/10/2025,23,WT,10,0.00012465259221762693
20/10/2025,24,WT,10,9.823660951466317e-05
21/10/2025,1,WT,10,7.595541785875981e-05
21/10/2025,2,WT,10,6.552625180012757e-05
21/10/2025,3,WT,10,6.174589111935097e-05
21/10/2025,4,WT,10,6.178979079471498e-05
21/10/2025,5,WT,10,6.595926223439965e-05
21/10/2025,6,WT,10,7.830604593052275e-05
21/10/2025,7,WT,10,0.00010135636865630302
21/10/2025,8,WT,10,0.00010851301346052855
21/10/2025,9,WT,10,0.00010165967550427243
21/10/2025,10,WT,10,9.937789010523945e-05
21/10/2025,11,WT,10,0.00010010323246863999
21/10/2025,12,WT,10,0.00010938601836833523
21/10/2025,13,WT,10,0.00011394659600671732
21/10/2025,14,WT,10,0.00011101329951648688
21/10/2025,15,WT,10,0.00010750232320726205
21/10/2025,16,WT,10,0.00010927626917992525
21/10/2025,17,WT,10,0.00011880648961349032
21/10/2025,18,WT,10,0.00014257217750372476
21/10/2025,19,WT,10,0.00017226931016757146
21/10/2025,20,WT,10,0.00018519676684237277
21/10/2025,21,WT,10,0.00016731263773101876
21/10/2025,22,WT,10,0.00014621884371862013
21/10/2025,23,WT,10,0.0001251499927035873
21/10/2025,24,WT,10,9.862860246436762e-05
22/10/2025,1,WT,10,7.62586353866658e-05
22/10/2025,2,WT,10,6.57878356165806e-05
22/10/2025,3,WT,10,6.199238356177788e-05
22/10/2025,4,WT,10,6.203645848666869e-05
22/10/2025,5,WT,10,6.622257464845823e-05
22/10/2025,6,WT,10,7.861864727400161e-05
22/10/2025,7,WT,10,0.00010176098795019781
22/10/2025,8,WT,10,0.00010894620241024003
22/10/2025,9,WT,10,0.00010206550561307981
22/10/2025,10,WT,10,9.977461122159559e-05
22/10/2025,11,WT,10,0.00010050284918513257
22/10/2025,12,WT,10,0.0001098226923938643
22/10/2025,13,WT,10,0.0001144014760683175
22/10/2025,14,WT,10,0.00011145646972333995
22/10/2025,15,WT,10,0.00010793147743491271
22/10/2025,16,WT,10,0.00010971250508163725
22/10/2025,17,WT,10,0.00011928077059429906
22/10/2025,18,WT,10,0.000143141332205648
22/10/2025,19,WT,10,0.0001729570171914498
22/10/2025,20,WT,10,0.0001859360808689581
22/10/2025,21,WT,10,0.00016798055749014078
22/10/2025,22,WT,10,0.0001468025560801014
22/10/2025,23,WT,10,0.0001256495972410227
22/10/2025,24,WT,10,9.902233238993632e-05
23/10/2025,1,WT,10,7.656312550537056e-05
23/10/2025,2,WT,10,6.605051728895316e-05
23/10/2025,3,WT,10,6.223991052228283e-05
23/10/2025,4,WT,10,6.22841614322151e-05
23/10/2025,5,WT,10,6.648699217328544e-05
23/10/2025,6,WT,10,7.89325605917457e-05
23/10/2025,7,WT,10,0.00010216730541370023
23/10/2025,8,WT,10,0.00010938120943516408
23/10/2025,9,WT,10,0.00010247303897323247
23/10/2025,10,WT,10,0.00010017299735925119
23/10/2025,11,WT,10,0.00010090414307563268
23/10/2025,12,WT,10,0.00011026119912131783
23/10/2025,13,WT,10,0.00011485826524178504
23/10/2025,14,WT,10,0.00011190149989630846
23/10/2025,15,WT,10,0.00010836243280422264
23/10/2025,16,WT,10,0.00011015057184648711
23/10/2025,17,WT,10,0.00011975704211179072
23/10/2025,18,WT,10,0.0001437128756251421
23/10/2025,19,WT,10,0.0001736476104918467
23/10/2025,20,WT,10,0.0001866784977644115
23/10/2025,21,WT,10,0.00016865128047949027
23/10/2025,22,WT,10,0.00014738871825701865
23/10/2025,23,WT,10,0.0001261512985970085
23/10/2025,24,WT,10,9.941771478290666e-05
24/10/2025,1,WT,10,7.686882241381622e-05
24/10/2025,2,WT,10,6.63142400510948e-05
24/10/2025,3,WT,10,6.248841850968547e-05
24/10/2025,4,WT,10,6.253284610214308e-05
24/10/2025,5,WT,10,6.67524576676088e-05
24/10/2025,6,WT,10,7.924771804632091e-05
24/10/2025,7,WT,10,0.00010257523324061477
24/10/2025,8,WT,10,0.00010981794052922097
24/10/2025,9,WT,10,0.00010288218751577668
24/10/2025,10,WT,10,0.00010057296242598961
24/10/2025,11,WT,10,0.00010130702741955115
24/10/2025,12,WT,10,0.00011070144378832184
24/10/2025,13,WT,10,0.00011531686481386474
24/10/2025,14,WT,10,0.00011234829386328587
24/10/2025,15,WT,10,0.00010879509618468481
24/10/2025,16,WT,10,0.00011059037480717778
24/10/2025,17,WT,10,0.00012023520124252792
24/10/2025,18,WT,10,0.0001442866842502793
24/10/2025,19,WT,10,0.0001743409408298645
24/10/2025,20,WT,10,0.00018742385709062995
24/10/2025,21,WT,10,0.00016932466175419234
24/10/2025,22,WT,10,0.00014797720357829488
24/10/2025,23,WT,10,0.00012665498835265736
24/10/2025,24,WT,10,9.981466420017849e-05
25/10/2025,1,SA,10,8.614327882619322e-05
25/10/2025,2,SA,10,7.299293327828646e-05
25/10/2025,3,SA,10,6.712130196364907e-05
25/10/2025,4,SA,10,6.573652151202708e-05
25/10/2025,5,SA,10,6.718314062217684e-05
25/10/2025,6,SA,10,7.122394214499184e-05
25/10/2025,7,SA,10,8.379543729913865e-05
25/10/2025,8,SA,10,0.00010596611700409709
25/10/2025,9,SA,10,0.00012822195158309382
25/10/2025,10,SA,10,0.00014127801852045822
25/10/2025,11,SA,10,0.0001493616490630892
25/10/2025,12,SA,10,0.0001595690827141741
25/10/2025,13,SA,10,0.00015767337301832266
25/10/2025,14,SA,10,0.00014858410396323998
25/10/2025,15,SA,10,0.0001428097925046463
25/10/2025,16,SA,10,0.0001408025704737447
25/10/2025,17,SA,10,0.00014319805818032068
25/10/2025,18,SA,10,0.00015692218537948516
25/10/2025,19,SA,10,0.0001805070442425789
25/10/2025,20,SA,10,0.00018642328049123632
25/10/2025,21,SA,10,0.00016653454866080277
25/10/2025,22,SA,10,0.0001478298750789012
25/10/2025,23,SA,10,0.00013255572642254044
25/10/2025,24,SA,10,0.0001112903241284886
26/10/2025,1,FT,10,8.869761401150392e-05
26/10/2025,2,FT,10,7.553653162447101e-05
26/10/2025,3,FT,10,6.831325409753786e-05
26/10/2025,4,FT,10,6.621049358314532e-05
26/10/2025,5,FT,10,6.61636751012179e-05
26/10/2025,6,FT,10,6.978600069208095e-05
26/10/2025,7,FT,10,8.239747481300932e-05
26/10/2025,8,FT,10,0.00010482759882858671
26/10/2025,9,FT,10,0.00013461127788602572
26/10/2025,10,FT,10,0.000157374220240522
26/10/2025,11,FT,10,0.00017396017635985445
26/10/2025,12,FT,10,0.00019180107135345902
26/10/2025,13,FT,10,0.0001831162429559219
26/10/2025,14,FT,10,0.00016510232313780298
26/10/2025,15,FT,10,0.00015336309769104428
26/10/2025,16,FT,10,0.0001476329226203618
26/10/2025,17,FT,10,0.00015053668629294738
26/10/2025,18,FT,10,0.0001707846619334727
26/10/2025,19,FT,10,0.00019076190461328726
26/10/2025,20,FT,10,0.00019469974606061774
26/10/2025,21,FT,10,0.00017238361487060275
26/10/2025,22,FT,10,0.00014935299293465187
26/10/2025,23,FT,10,0.00012626435679283444
26/10/2025,24,FT,10,9.921039879038126e-05
27/10/2025,1,WT,10,7.779248507032602e-05
27/10/2025,2,WT,10,6.711107790038924e-05
27/10/2025,3,WT,10,6.323928494459755e-05
27/10/2025,4,WT,10,6.328424638298626e-05
27/10/2025,5,WT,10,6.755456117904153e-05
27/10/2025,6,WT,10,8.019996572586715e-05
27/10/2025,7,WT,10,0.00010380778643255897
27/10/2025,8,WT,10,0.00011113752274079168
27/10/2025,9,WT,10,0.00010411842909779008
27/10/2025,10,WT,10,0.00010178145615244947
27/10/2025,11,WT,10,0.0001025243417367357
27/10/2025,12,WT,10,0.0001120316422542036
27/10/2025,13,WT,10,0.0001167025225922674
27/10/2025,14,WT,10,0.00011369828102720343
27/10/2025,15,WT,10,0.0001101023878069788
27/10/2025,16,WT,10,0.00011191923865823185
27/10/2025,17,WT,10,0.00012167995819207245
27/10/2025,18,WT,10,0.00014602044597432584
27/10/2025,19,WT,10,0.00017643583719341782
27/10/2025,20,WT,10,0.0001896759589480214
27/10/2025,21,WT,10,0.0001713592820589831
27/10/2025,22,WT,10,0.00014975531091320645
27/10/2025,23,WT,10,0.00012817688603924154
27/10/2025,24,WT,10,0.00010101404614722392
28/10/2025,1,WT,10,7.810233673156585e-05
28/10/2025,2,WT,10,6.737838494111733e-05
28/10/2025,3,WT,10,6.349117042528365e-05
28/10/2025,4,WT,10,6.353631094750496e-05
28/10/2025,5,WT,10,6.782363463757332e-05
28/10/2025,6,WT,10,8.051940651232709e-05
28/10/2025,7,WT,10,0.00010422125844141282
28/10/2025,8,WT,10,0.00011158018948445188
28/10/2025,9,WT,10,0.00010453313841312391
28/10/2025,10,WT,10,0.00010218685717857348
28/10/2025,11,WT,10,0.00010293270171618526
28/10/2025,12,WT,10,0.00011247787032408093
28/10/2025,13,WT,10,0.00011716735503030311
28/10/2025,14,WT,10,0.00011415114740914951
28/10/2025,15,WT,10,0.00011054093155240131
28/10/2025,16,WT,10,0.00011236501901852756
28/10/2025,17,WT,10,0.0001221646160243981
28/10/2025,18,WT,10,0.00014660205328149983
28/10/2025,19,WT,10,0.00017713859064328127
28/10/2025,20,WT,10,0.0001904314485165083
28/10/2025,21,WT,10,0.0001720418153161074
28/10/2025,22,WT,10,0.00015035179438875038
28/10/2025,23,WT,10,0.00012868742148538267
28/10/2025,24,WT,10,0.00010141639053793187
29/10/2025,1,WT,10,7.841305538056488e-05
29/10/2025,2,WT,10,6.764643992662425e-05
29/10/2025,3,WT,10,6.374376070008824e-05
29/10/2025,4,WT,10,6.378908080723197e-05
29/10/2025,5,WT,10,6.809346098345104e-05
29/10/2025,6,WT,10,8.083974111762447e-05
29/10/2025,7,WT,10,0.00010463588737538685
29/10/2025,8,WT,10,0.00011202409484224953
29/10/2025,9,WT,10,0.00010494900811565257
29/10/2025,10,WT,10,0.00010259339254661382
29/10/2025,11,WT,10,0.00010334220431692044
29/10/2025,12,WT,10,0.00011292534697294867
29/10/2025,13,WT,10,0.00011763348810372095
29/10/2025,14,WT,10,0.00011460528094457188
29/10/2025,15,WT,10,0.00011098070237550875
29/10/2025,16,WT,10,0.00011281204670508938
29/10/2025,17,WT,10,0.00012265062996501863
29/10/2025,18,WT,10,0.00014718528796873678
29/10/2025,19,WT,10,0.00017784331044903352
29/10/2025,20,WT,10,0.0001911890520004263
29/10/2025,21,WT,10,0.0001727262583515326
29/10/2025,22,WT,10,0.00015094994686897138
29/10/2025,23,WT,10,0.00012919938544728735
29/10/2025,24,WT,10,0.00010181986071786521
30/10/2025,1,WT,10,7.872457089758848e-05
30/10/2025,2,WT,10,6.791518236506487e-05
30/10/2025,3,WT,10,6.399699876708035e-05
30/10/2025,4,WT,10,6.404249891970937e-05
30/10/2025,5,WT,10,6.836397932508734e-05
30/10/2025,6,WT,10,8.11608972519964e-05
30/10/2025,7,WT,10,0.00010505157966536041
30/10/2025,8,WT,10,0.00011246913863826693
30/10/2025,9,WT,10,0.00010536594435625172
30/10/2025,10,WT,10,0.00010300097051392114
30/10/2025,11,WT,10,0.00010375275712667772
30/10/2025,12,WT,10,0.00011337397121895746
30/10/2025,13,WT,10,0.00011810081662048483
30/10/2025,14,WT,10,0.00011506057914936465
30/10/2025,15,WT,10,0.00011142160103342175
30/10/2025,16,WT,10,0.00011326022083738494
30/10/2025,17,WT,10,0.00012313789033539183
30/10/2025,18,WT,10,0.00014777001841773308
30/10/2025,19,WT,10,0.00017854983757688034
30/10/2025,20,WT,10,0.0001919485984317458
30/10/2025,21,WT,10,0.00017341245670731393
30/10/2025,22,WT,10,0.0001515496333690747
30/10/2025,23,WT,10,0.00012971266239028377
30/10/2025,24,WT,10,0.00010222436563609416
31/10/2025,1,WT,10,7.903681244312301e-05
31/10/2025,2,WT,10,6.818455114364495e-05
31/10/2025,3,WT,10,6.425082703920389e-05
31/10/2025,4,WT,10,6.429650765693822e-05
31/10/2025,5,WT,10,6.863512814584273e-05
31/10/2025,6,WT,10,8.148280188362526e-05
31/10/2025,7,WT,10,0.0001054682407817255
31/10/2025,8,WT,10,0.00011291521966828015
31/10/2025,9,WT,10,0.00010578385232243545
31/10/2025,10,WT,10,0.00010340949839610749
31/10/2025,11,WT,10,0.00010416426678458169
31/10/2025,12,WT,10,0.00011382364104367893
31/10/2025,13,WT,10,0.00011856923430876209
31/10/2025,14,WT,10,0.00011551693848742225
31/10/2025,15,WT,10,0.00011186352726453277
31/10/2025,16,WT,10,0.0001137094394993431
31/10/2025,17,WT,10,0.00012362628633112482
31/10/2025,18,WT,10,0.00014835611165912326
31/10/2025,19,WT,10,0.00017925801136054525
31/10/2025,20,WT,10,0.00019270991508745015
31/10/2025,21,WT,10,0.00017410025433999544
31/10/2025,22,WT,10,0.0001521507175186461
31/10/2025,23,WT,10,0.0001302271355937367
31/10/2025,24,WT,10,0.00010262981330705096
01/11/2025,1,SA,11,8.308845984352804e-05
01/11/2025,2,SA,11,7.064645390805468e-05
01/11/2025,3,SA,11,6.541303581288738e-05
01/11/2025,4,SA,11,6.38349846286446e-05
01/11/2025,5,SA,11,6.451769501548676e-05
01/11/2025,6,SA,11,6.66189837786529e-05
01/11/2025,7,SA,11,8.147705486939368e-05
01/11/2025,8,SA,11,0.0001066581239315618
01/11/2025,9,SA,11,0.0001308583831097322
01/11/2025,10,SA,11,0.00014189640295195918
01/11/2025,11,SA,11,0.00014965741293734367
01/11/2025,12,SA,11,0.0001609372477562841
01/11/2025,13,SA,11,0.00015956140392325865
01/11/2025,14,SA,11,0.00015194006293304494
01/11/2025,15,SA,11,0.00014805330410474804
01/11/2025,16,SA,11,0.00014961988992371567
01/11/2025,17,SA,11,0.00016281235613174839
01/11/2025,18,SA,11,0.0001897080184555278
01/11/2025,19,SA,11,0.00019320912408820386
01/11/2025,20,SA,11,0.0001804241995004083
01/11/2025,21,SA,11,0.00016177421942137462
01/11/2025,22,SA,11,0.0001455236276026626
01/11/2025,23,SA,11,0.00013180896612164072
01/11/2025,24,SA,11,0.00010895536621034065
02/11/2025,1,FT,11,8.72978936718162e-05
02/11/2025,2,FT,11,7.443943976184582e-05
02/11/2025,3,FT,11,6.844866431957855e-05
02/11/2025,4,FT,11,6.607956115778063e-05
02/11/2025,5,FT,11,6.552181734804637e-05
02/11/2025,6,FT,11,6.724318426551885e-05
02/11/2025,7,FT,11,7.799832662283294e-05
02/11/2025,8,FT,11,9.924909827026767e-05
02/11/2025,9,FT,11,0.0001295765487275236
02/11/2025,10,FT,11,0.00015212174643995126
02/11/2025,11,FT,11,0.00016979165632958012
02/11/2025,12,FT,11,0.00019052130899531198
02/11/2025,13,FT,11,0.00018355840597472745
02/11/2025,14,FT,11,0.00016590000674533706
02/11/2025,15,FT,11,0.00015523904251724637
02/11/2025,16,FT,11,0.0001534779115007685
02/11/2025,17,FT,11,0.0001648745115604598
02/11/2025,18,FT,11,0.00019475723196304962
02/11/2025,19,FT,11,0.0002002195634580077
02/11/2025,20,FT,11,0.00018711729283571452
02/11/2025,21,FT,11,0.00016598372063798003
02/11/2025,22,FT,11,0.00014436042216828376
02/11/2025,23,FT,11,0.00012368099783813773
02/11/2025,24,FT,11,9.677535274266595e-05
03/11/2025,1,WT,11,7.556697325900849e-05
03/11/2025,2,WT,11,6.480831046903607e-05
03/11/2025,3,WT,11,6.193296040008242e-05
03/11/2025,4,WT,11,6.240150483952462e-05
03/11/2025,5,WT,11,6.649969286253822e-05
03/11/2025,6,WT,11,7.747581910310377e-05
03/11/2025,7,WT,11,0.00010359769687604239
03/11/2025,8,WT,11,0.00011056598222765721
03/11/2025,9,WT,11,0.00010052799541404657
03/11/2025,10,WT,11,9.521747491767799e-05
03/11/2025,11,WT,11,9.523008149452395e-05
03/11/2025,12,WT,11,0.00010490142703153069
03/11/2025,13,WT,11,0.00011051240427606181
03/11/2025,14,WT,11,0.00011014051025910542
03/11/2025,15,WT,11,0.00010807828439671736
03/11/2025,16,WT,11,0.00011362517820894802
03/11/2025,17,WT,11,0.00013374422430705976
03/11/2025,18,WT,11,0.0001689417868610326
03/11/2025,19,WT,11,0.00018487860109049078
03/11/2025,20,WT,11,0.00018223857378932873
03/11/2025,21,WT,11,0.00016579539538989034
03/11/2025,22,WT,11,0.00014640858129691596
03/11/2025,23,WT,11,0.000127024918848153
03/11/2025,24,WT,11,0.00010023489250237756
04/11/2025,1,WT,11,7.586405783097519e-05
04/11/2025,2,WT,11,6.506309835248861e-05
04/11/2025,3,WT,11,6.217644411045975e-05
04/11/2025,4,WT,11,6.264683058906584e-05
04/11/2025,5,WT,11,6.676113025956441e-05
04/11/2025,6,WT,11,7.778040812610358e-05
04/11/2025,7,WT,11,0.0001040049816474949
04/11/2025,8,WT,11,0.00011100066216900661
04/11/2025,9,WT,11,0.00010092321193788275
04/11/2025,10,WT,11,9.559181362094598e-05
04/11/2025,11,WT,11,9.56044697593838e-05
04/11/2025,12,WT,11,0.00010531383729760736
04/11/2025,13,WT,11,0.0001109468735806458
04/11/2025,14,WT,11,0.00011057351749672974
04/11/2025,15,WT,11,0.00010850318418394102
04/11/2025,16,WT,11,0.00011407188509658714
04/11/2025,17,WT,11,0.00013427002736516406
04/11/2025,18,WT,11,0.00016960596588359137
04/11/2025,19,WT,11,0.00018560543422541743
04/11/2025,20,WT,11,0.0001829550279008947
04/11/2025,21,WT,11,0.00016644720466514907
04/11/2025,22,WT,11,0.0001469841731041696
04/11/2025,23,WT,11,0.00012752430557779956
04/11/2025,24,WT,11,0.00010062895671920315
05/11/2025,1,WT,11,7.616148352859187e-05
05/11/2025,2,WT,11,6.531817879466199e-05
05/11/2025,3,WT,11,6.242020739960625e-05
05/11/2025,4,WT,11,6.28924380324871e-05
05/11/2025,5,WT,11,6.702286785057716e-05
05/11/2025,6,WT,11,7.808534689169611e-05
05/11/2025,7,WT,11,0.00010441273408134224
05/11/2025,8,WT,11,0.00011143584122909705
05/11/2025,9,WT,11,0.00010131888226681799
05/11/2025,10,WT,11,9.596658215647572e-05
05/11/2025,11,WT,11,9.597928791341416e-05
05/11/2025,12,WT,11,0.00010572672111139862
05/11/2025,13,WT,11,0.00011138184176210846
05/11/2025,14,WT,11,0.00011100702193242275
05/11/2025,15,WT,11,0.00010892857185990009
05/11/2025,16,WT,11,0.00011451910491283923
05/11/2025,17,WT,11,0.0001347964341736039
05/11/2025,18,WT,11,0.00017027090754589047
05/11/2025,19,WT,11,0.00018633310194230836
05/11/2025,20,WT,11,0.0001836723046767712
05/11/2025,21,WT,11,0.00016709976237665693
05/11/2025,22,WT,11,0.0001475604258314034
05/11/2025,23,WT,11,0.00012802426572538445
05/11/2025,24,WT,11,0.0001010234734179979
06/11/2025,1,WT,11,7.645917933813521e-05
06/11/2025,2,WT,11,6.557349089223782e-05
06/11/2025,3,WT,11,6.266419206630083e-05
06/11/2025,4,WT,11,6.313826852825476e-05
06/11/2025,5,WT,11,6.728484314278904e-05
06/11/2025,6,WT,11,7.839056259232865e-05
06/11/2025,7,WT,11,0.00010482085682211462
06/11/2025,8,WT,11,0.00011187141550404382
06/11/2025,9,WT,11,0.00010171491193012046
06/11/2025,10,WT,11,9.634169104407308e-05
06/11/2025,11,WT,11,9.63544464645741e-05
06/11/2025,12,WT,11,0.00010613997989225995
06/11/2025,13,WT,11,0.00011181720496691457
06/11/2025,14,WT,11,0.00011144092006213499
06/11/2025,15,WT,11,0.00010935434585851263
06/11/2025,16,WT,11,0.0001149667308789538
06/11/2025,17,WT,11,0.00013532331904684563
06/11/2025,18,WT,11,0.00017093645308564507
06/11/2025,19,WT,11,0.00018706143050232926
06/11/2025,20,WT,11,0.00018439023285907758
06/11/2025,21,WT,11,0.00016775291271893647
06/11/2025,22,WT,11,0.00014813720189181125
06/11/2025,23,WT,11,0.0001285246799198112
06/11/2025,24,WT,11,0.00010141834840347215
07/11/2025,1,WT,11,7.675707356579243e-05
07/11/2025,2,WT,11,6.582897315863443e-05
07/11/2025,3,WT,11,6.290833935193673e-05
07/11/2025,4,WT,11,6.338426287323273e-05
07/11/2025,5,WT,11,6.754699304492722e-05
07/11/2025,6,WT,11,7.869598172317997e-05
07/11/2025,7,WT,11,0.00010522925158198116
07/11/2025,8,WT,11,0.00011230728009488803
07/11/2025,9,WT,11,0.00010211120555232435
07/11/2025,10,WT,11,9.671704994660388e-05
07/11/2025,11,WT,11,9.672985506376877e-05
07/11/2025,12,WT,11,0.00010655351411545284
07/11/2025,13,WT,11,0.00011225285834693713
07/11/2025,14,WT,11,0.00011187510739057212
07/11/2025,15,WT,11,0.00010978040364101141
07/11/2025,16,WT,11,0.00011541465519357405
07/11/2025,17,WT,11,0.00013585055509568155
07/11/2025,18,WT,11,0.00017160244222012453
07/11/2025,19,WT,11,0.00018779024450277137
07/11/2025,20,WT,11,0.00018510863954981872
07/11/2025,21,WT,11,0.0001684064983943811
07/11/2025,22,WT,11,0.00014871436238093585
07/11/2025,23,WT,11,0.00012902542764678176
07/11/2025,24,WT,11,0.00010181348657824008
08/11/2025,1,SA,11,8.53946679507183e-05
08/11/2025,2,SA,11,7.260732097736634e-05
08/11/2025,3,SA,11,6.722864382622284e-05
08/11/2025,4,SA,11,6.560679216184696e-05
08/11/2025,5,SA,11,6.630845189775594e-05
08/11/2025,6,SA,11,6.846806415362239e-05
08/11/2025,7,SA,11,8.37385367267255e-05
08/11/2025,8,SA,11,0.00010961853300126765
08/11/2025,9,SA,11,0.0001344904959758246
08/11/2025,10,SA,11,0.00014583488773655146
08/11/2025,11,SA,11,0.00015381131276491535
08/11/2025,12,SA,11,0.0001654042313328649
08/11/2025,13,SA,11,0.00016399019949866664
08/11/2025,14,SA,11,0.00015615732012619875
08/11/2025,15,SA,11,0.00015216268019458863
08/11/2025,16,SA,11,0.00015377274826034623
08/11/2025,17,SA,11,0.00016733138532507908
08/11/2025,18,SA,11,0.00019497356521117892
08/11/2025,19,SA,11,0.00019857184773471829
08/11/2025,20,SA,11,0.00018543206403905474
08/11/2025,21,SA,11,0.00016626443403200219
08/11/2025,22,SA,11,0.00014956278984489235
08/11/2025,23,SA,11,0.00013546746342490702
08/11/2025,24,SA,11,0.00011197953766988353
09/11/2025,1,FT,11,8.971358614918752e-05
09/11/2025,2,FT,11,7.649931528792031e-05
09/11/2025,3,FT,11,7.034276412574953e-05
09/11/2025,4,FT,11,6.790810354388844e-05
09/11/2025,5,FT,11,6.733492594224004e-05
09/11/2025,6,FT,11,6.91039262325057e-05
09/11/2025,7,FT,11,8.015668306129022e-05
09/11/2025,8,FT,11,0.00010199550245017487
09/11/2025,9,FT,11,0.00013316216896232054
09/11/2025,10,FT,11,0.0001563312335542803
09/11/2025,11,FT,11,0.00017449010218736604
09/11/2025,12,FT,11,0.00019579338227865048
09/11/2025,13,FT,11,0.00018863780298902878
09/11/2025,14,FT,11,0.00017049076353721528
09/11/2025,15,FT,11,0.00015953479091884042
09/11/2025,16,FT,11,0.00015772492618417954
09/11/2025,17,FT,11,0.0001694368910238655
09/11/2025,18,FT,11,0.00020014652098685438
09/11/2025,19,FT,11,0.00020576000519061536
09/11/2025,20,FT,11,0.00019229517076239868
09/11/2025,21,FT,11,0.00017057679394646833
09/11/2025,22,FT,11,0.00014835513923640767
09/11/2025,23,FT,11,0.00012710347739067502
09/11/2025,24,FT,11,9.945330385674746e-05
10/11/2025,1,WT,11,7.765121961799693e-05
10/11/2025,2,WT,11,6.659581735599716e-05
10/11/2025,3,WT,11,6.36411609756541e-05
10/11/2025,4,WT,11,6.412262854804466e-05
10/11/2025,5,WT,11,6.833385052090484e-05
10/11/2025,6,WT,11,7.96127141898213e-05
10/11/2025,7,WT,11,0.0001064550711124485
10/11/2025,8,WT,11,0.00011361555184712721
10/11/2025,9,WT,11,0.0001033007028466968
10/11/2025,10,WT,11,9.78437105183686e-05
10/11/2025,11,WT,11,9.785666480282753e-05
10/11/2025,12,WT,11,0.0001077947600302438
10/11/2025,13,WT,11,0.00011356049613817673
10/11/2025,14,WT,11,0.00011317834474663801
10/11/2025,15,WT,11,0.00011105923971389651
10/11/2025,16,WT,11,0.00011675912487582981
10/11/2025,17,WT,11,0.00013743308334859204
10/11/2025,18,WT,11,0.00017360144555795054
10/11/2025,19,WT,11,0.00018997782016145972
10/11/2025,20,WT,11,0.0001872649770910168
10/11/2025,21,WT,11,0.00017036827206174025
10/11/2025,22,WT,11,0.00015044674161130144
10/11/2025,23,WT,11,0.00013052844973197736
10/11/2025,24,WT,11,0.00010299951573302646
11/11/2025,1,WT,11,7.794917697821726e-05
11/11/2025,2,WT,11,6.685135376661274e-05
11/11/2025,3,WT,11,6.388536000329264e-05
11/11/2025,4,WT,11,6.436867502647156e-05
11/11/2025,5,WT,11,6.85960559803305e-05
11/11/2025,6,WT,11,7.99181980479844e-05
11/11/2025,7,WT,11,0.00010686355242319639
11/11/2025,8,WT,11,0.00011405150881051917
11/11/2025,9,WT,11,0.00010369708045519437
11/11/2025,10,WT,11,9.821914897050926e-05
11/11/2025,11,WT,11,9.823215296216426e-05
11/11/2025,12,WT,11,0.00010820838189352167
11/11/2025,13,WT,11,0.00011399624184598524
11/11/2025,14,WT,11,0.0001136126240921616
11/11/2025,15,WT,11,0.00011148538779059148
11/11/2025,16,WT,11,0.00011720714411880858
11/11/2025,17,WT,11,0.00013796043113427952
11/11/2025,18,WT,11,0.00017426757583514826
11/11/2025,19,WT,11,0.00019070678861906004
11/11/2025,20,WT,11,0.0001879835360333006
11/11/2025,21,WT,11,0.00017102199625124482
11/11/2025,22,WT,11,0.00015102402441773743
11/11/2025,23,WT,11,0.00013102930358214375
11/11/2025,24,WT,11,0.00010339473764921476
12/11/2025,1,WT,11,7.824696408616281e-05
12/11/2025,2,WT,11,6.710674416420436e-05
12/11/2025,3,WT,11,6.412941949606647e-05
12/11/2025,4,WT,11,6.461458091440388e-05
12/11/2025,5,WT,11,6.88581116160502e-05
12/11/2025,6,WT,11,8.022350735324594e-05
12/11/2025,7,WT,11,0.00010727180032849221
12/11/2025,8,WT,11,0.00011448721666892289
12/11/2025,9,WT,11,0.00010409323157427265
12/11/2025,10,WT,11,9.859437289782504e-05
12/11/2025,11,WT,11,9.860742656827357e-05
12/11/2025,12,WT,11,0.00010862176741404541
12/11/2025,13,WT,11,0.0001144317385695166
12/11/2025,14,WT,11,0.00011404665529128465
12/11/2025,15,WT,11,0.00011191129236707759
12/11/2025,16,WT,11,0.00011765490736443532
12/11/2025,17,WT,11,0.00013848747759443496
12/11/2025,18,WT,11,0.0001749333254867596
12/11/2025,19,WT,11,0.00019143534054545593
12/11/2025,20,WT,11,0.00018870168439235742
12/11/2025,21,WT,11,0.00017167534690397802
12/11/2025,22,WT,11,0.00015160097736586445
12/11/2025,23,WT,11,0.00013152987124536298
12/11/2025,24,WT,11,0.00010378973373634408
13/11/2025,1,WT,11,7.854450516749094e-05
13/11/2025,2,WT,11,6.736192356261576e-05
13/11/2025,3,WT,11,6.437327735105993e-05
13/11/2025,4,WT,11,6.486028363909569e-05
13/11/2025,5,WT,11,6.911995074588389e-05
13/11/2025,6,WT,11,8.052856441717925e-05
13/11/2025,7,WT,11,0.00010767971094634835
13/11/2025,8,WT,11,0.00011492256455294313
13/11/2025,9,WT,11,0.00010448905540006914
13/11/2025,10,WT,11,9.896928682154717e-05
13/11/2025,11,WT,11,9.898239012974543e-05
13/11/2025,12,WT,11,0.00010903481140251962
13/11/2025,13,WT,11,0.00011486687549310048
13/11/2025,14,WT,11,0.00011448032790125144
13/11/2025,15,WT,11,0.00011233684506848413
13/11/2025,16,WT,11,0.0001181023006757237
13/11/2025,17,WT,11,0.00013901408861781572
13/11/2025,18,WT,11,0.0001755985251073907
13/11/2025,19,WT,11,0.00019216329055470602
13/11/2025,20,WT,11,0.00018941923942951788
13/11/2025,21,WT,11,0.00017232815776957198
13/11/2025,22,WT,11,0.00015217745364532966
13/11/2025,23,WT,11,0.0001320300253481368
13/11/2025,24,WT,11,0.00010418440348445935
14/11/2025,1,WT,11,7.88417237677701e-05
14/11/2025,2,WT,11,6.7616826392428e-05
14/11/2025,3,WT,11,6.461687090797224e-05
14/11/2025,4,WT,11,6.510572006619925e-05
14/11/2025,5,WT,11,6.938150608916667e-05
14/11/2025,6,WT,11,8.083329085408949e-05
14/11/2025,7,WT,11,0.00010808717946241697
14/11/2025,8,WT,11,0.00011535744059811116
14/11/2025,9,WT,11,0.00010488445022398813
14/11/2025,10,WT,11,9.9343794405967e-05
14/11/2025,11,WT,11,9.935694729811662e-05
14/11/2025,12,WT,11,0.00010944740772555527
14/11/2025,13,WT,11,0.00011530154080647537
14/11/2025,14,WT,11,0.000114913530488062
14/11/2025,15,WT,11,0.00011276193654725575
14/11/2025,16,WT,11,0.00011854920909308198
14/11/2025,17,WT,11,0.00013954012888950585
14/11/2025,18,WT,11,0.0001762630037712032
14/11/2025,19,WT,11,0.00019289045159699562
14/11/2025,20,WT,11,0.0001901360167659991
14/11/2025,21,WT,11,0.00017298026110553087
14/11/2025,22,WT,11,0.00015275330512812998
14/11/2025,23,WT,11,0.00013252963737376633
14/11/2025,24,WT,11,0.00010457864548150984
15/11/2025,1,SA,11,8.770360587308269e-05
15/11/2025,2,SA,11,7.457050908815888e-05
15/11/2025,3,SA,11,6.904640094062578e-05
15/11/2025,4,SA,11,6.738069695031207e-05
15/11/2025,5,SA,11,6.810132846527606e-05
15/11/2025,6,SA,11,7.031933325026445e-05
15/11/2025,7,SA,11,8.600269545761044e-05
15/11/2025,8,SA,11,0.00011258244625152641
15/11/2025,9,SA,11,0.0001381269081056239
15/11/2025,10,SA,11,0.00014977803443153018
15/11/2025,11,SA,11,0.0001579701294856094
15/11/2025,12,SA,11,0.0001698765023939151
15/11/2025,13,SA,11,0.0001684242373561251
15/11/2025,14,SA,11,0.00016037956920739733
15/11/2025,15,SA,11,0.0001562769204756405
15/11/2025,16,SA,11,0.00015793052225730598
15/11/2025,17,SA,11,0.00017185576360829712
15/11/2025,18,SA,11,0.0002002453446955196
15/11/2025,19,SA,11,0.0002039409191363807
15/11/2025,20,SA,11,0.00019044585629279556
15/11/2025,21,SA,11,0.00017075996362523737
15/11/2025,22,SA,11,0.00015360673316752206
15/11/2025,23,SA,11,0.00013913029122264247
15/11/2025,24,SA,11,0.00011500728878432128
16/11/2025,1,FT,11,9.212794516011983e-05
16/11/2025,2,FT,11,7.855805375913026e-05
16/11/2025,3,FT,11,7.223581838554098e-05
16/11/2025,4,FT,11,6.97356365714264e-05
16/11/2025,5,FT,11,6.914703369734374e-05
16/11/2025,6,FT,11,7.096364106669824e-05
16/11/2025,7,FT,11,8.231384808324856e-05
16/11/2025,8,FT,11,0.00010474039061020946
16/11/2025,9,FT,11,0.00013674580992852642
16/11/2025,10,FT,11,0.00016053839702441833
16/11/2025,11,FT,11,0.00017918595449488615
16/11/2025,12,FT,11,0.000201062545368389
16/11/2025,13,FT,11,0.00019371439616736491
16/11/2025,14,FT,11,0.00017507898622337904
16/11/2025,15,FT,11,0.00016382816805986328
16/11/2025,16,FT,11,0.00016196959650811643
16/11/2025,17,FT,11,0.00017399675204589124
16/11/2025,18,FT,11,0.00020553283511376704
16/11/2025,19,FT,11,0.00021129738858977336
16/11/2025,20,FT,11,0.00019747019049148317
16/11/2025,21,FT,11,0.0001751673318705209
16/11/2025,22,FT,11,0.00015234765121377867
16/11/2025,23,FT,11,0.00013052406772856099
16/11/2025,24,FT,11,0.00010212977673716753
17/11/2025,1,WT,11,7.973066993667217e-05
17/11/2025,2,WT,11,6.837921102714139e-05
17/11/2025,3,WT,11,6.534543082643969e-05
17/11/2025,4,WT,11,6.583979179447514e-05
17/11/2025,5,WT,11,7.016378761578941e-05
17/11/2025,6,WT,11,8.174469208671779e-05
17/11/2025,7,WT,11,0.00010930587027102432
17/11/2025,8,WT,11,0.00011665810412972152
17/11/2025,9,WT,11,0.00010606703002752772
17/11/2025,10,WT,11,0.00010046390291223837
17/11/2025,11,WT,11,0.00010047720410420343
17/11/2025,12,WT,11,0.00011068143520674624
17/11/2025,13,WT,11,0.00011660157406386994
17/11/2025,14,WT,11,0.00011620918890090013
17/11/2025,15,WT,11,0.000114033335581946
17/11/2025,16,WT,11,0.00011988586004658058
17/11/2025,17,WT,11,0.0001411134539901822
17/11/2025,18,WT,11,0.0001782503819566816
17/11/2025,19,WT,11,0.00019506530546586836
17/11/2025,20,WT,11,0.00019227981418184814
17/11/2025,21,WT,11,0.00017493062612873063
17/11/2025,22,WT,11,0.00015447560975176736
17/11/2025,23,WT,11,0.00013402391867279535
17/11/2025,24,WT,11,0.00010575777731433963
18/11/2025,1,WT,11,8.002582046667208e-05
18/11/2025,2,WT,11,6.863234022311662e-05
18/11/2025,3,WT,11,6.558732944032084e-05
18/11/2025,4,WT,11,6.608352045571251e-05
18/11/2025,5,WT,11,7.042352303652589e-05
18/11/2025,6,WT,11,8.204729821323397e-05
18/11/2025,7,WT,11,0.00010971050358927215
18/11/2025,8,WT,11,0.00011708995427333656
18/11/2025,9,WT,11,0.00010645967366332065
18/11/2025,10,WT,11,0.00010083580464357918
18/11/2025,11,WT,11,0.00010084915507448655
18/11/2025,12,WT,11,0.00011109116065227891
18/11/2025,13,WT,11,0.00011703321494198008
18/11/2025,14,WT,11,0.00011663937723021188
18/11/2025,15,WT,11,0.00011445546924094329
18/11/2025,16,WT,11,0.00012032965884019848
18/11/2025,17,WT,11,0.0001416358340324972
18/11/2025,18,WT,11,0.0001789102371259532
18/11/2025,19,WT,11,0.0001957874068647225
18/11/2025,20,WT,11,0.00019299160412553147
18/11/2025,21,WT,11,0.00017557819207864833
18/11/2025,22,WT,11,0.00015504745441488773
18/11/2025,23,WT,11,0.00013452005435885393
18/11/2025,24,WT,11,0.00010614927614472368
19/11/2025,1,WT,11,8.032025604213917e-05
19/11/2025,2,WT,11,6.888485625446006e-05
19/11/2025,3,WT,11,6.582864209384316e-05
19/11/2025,4,WT,11,6.632665872359655e-05
19/11/2025,5,WT,11,7.068262929011707e-05
19/11/2025,6,WT,11,8.234917132523778e-05
19/11/2025,7,WT,11,0.00011011415674859892
19/11/2025,8,WT,11,0.00011752075832966287
19/11/2025,9,WT,11,0.00010685136618326368
19/11/2025,10,WT,11,0.00010120680550298657
19/11/2025,11,WT,11,0.00010122020505356287
19/11/2025,12,WT,11,0.00011149989360403396
19/11/2025,13,WT,11,0.0001174638102397135
19/11/2025,14,WT,11,0.00011706852349771188
19/11/2025,15,WT,11,0.00011487658034926795
19/11/2025,16,WT,11,0.00012077238260285118
19/11/2025,17,WT,11,0.000142156948693452
19/11/2025,18,WT,11,0.00017956849390255285
19/11/2025,19,WT,11,0.00019650775908945764
19/11/2025,20,WT,11,0.00019370166987293212
19/11/2025,21,WT,11,0.00017622418940454486
19/11/2025,22,WT,11,0.00015561791387658566
19/11/2025,23,WT,11,0.0001350149882362705
19/11/2025,24,WT,11,0.0001065398266323641
20/11/2025,1,WT,11,8.06138961281116e-05
20/11/2025,2,WT,11,6.913669005217782e-05
20/11/2025,3,WT,11,6.606930278239649e-05
20/11/2025,4,WT,11,6.656914009416941e-05
20/11/2025,5,WT,11,7.094103550499036e-05
20/11/2025,6,WT,11,8.26502288534286e-05
20/11/2025,7,WT,11,0.00011051671934049949
20/11/2025,8,WT,11,0.00011795039846379493
20/11/2025,9,WT,11,0.0001072420004503639
20/11/2025,10,WT,11,0.00010157680401311706
20/11/2025,11,WT,11,0.00010159025255065351
20/11/2025,12,WT,11,0.00011190752226406493
20/11/2025,13,WT,11,0.00011789324217926482
20/11/2025,14,WT,11,0.00011749651032193837
20/11/2025,15,WT,11,0.00011529655372326067
20/11/2025,16,WT,11,0.00012121391023931675
20/11/2025,17,WT,11,0.00014267665543609516
20/11/2025,18,WT,11,0.0001802249722379782
20/11/2025,19,WT,11,0.00019722616510702562
20/11/2025,20,WT,11,0.00019440981720459212
20/11/2025,21,WT,11,0.0001768684414111623
20/11/2025,22,WT,11,0.00015618683210296176
20/11/2025,23,WT,11,0.00013550858492914535
20/11/2025,24,WT,11,0.0001069293219526405
21/11/2025,1,WT,11,8.090665950953855e-05
21/11/2025,2,WT,11,6.938777196401319e-05
21/11/2025,3,WT,11,6.630924494398556e-05
21/11/2025,4,WT,11,6.681089750187095e-05
21/11/2025,5,WT,11,7.119867021108827e-05
21/11/2025,6,WT,11,8.295038753123755e-05
21/11/2025,7,WT,11,0.00011091808002410817
21/11/2025,8,WT,11,0.0001183787558457535
21/11/2025,9,WT,11,0.00010763146842289491
21/11/2025,10,WT,11,0.00010194569783968715
21/11/2025,11,WT,11,0.00010195919521792622
21/11/2025,12,WT,11,0.00011231393389033188
21/11/2025,13,WT,11,0.00011832139198823745
21/11/2025,14,WT,11,0.00011792321933018493
21/11/2025,15,WT,11,0.00011571527320657725
21/11/2025,16,WT,11,0.0001216541196317675
21/11/2025,17,WT,11,0.0001431948105198015
21/11/2025,18,WT,11,0.00018087949056328184
21/11/2025,19,WT,11,0.00019794242622050474
21/11/2025,20,WT,11,0.00019511585026093964
21/11/2025,21,WT,11,0.0001775107699111142
21/11/2025,22,WT,11,0.00015675405174246613
21/11/2025,23,WT,11,0.00013600070791837783
21/11/2025,24,WT,11,0.00010731765437883656
22/11/2025,1,SA,11,8.998647008165873e-05
22/11/2025,2,SA,11,7.651152786974692e-05
22/11/2025,3,SA,11,7.084363100738543e-05
22/11/2025,4,SA,11,6.913456989413802e-05
22/11/2025,5,SA,11,6.987395894907663e-05
22/11/2025,6,SA,11,7.214969686473504e-05
22/11/2025,7,SA,11,8.824128614435325e-05
22/11/2025,8,SA,11,0.00011551288946994398
22/11/2025,9,SA,11,0.00014172225600057712
22/11/2025,10,SA,11,0.00015367665308729455
22/11/2025,11,SA,11,0.0001620819827103067
22/11/2025,12,SA,11,0.00017429827027144507
22/11/2025,13,SA,11,0.00017280820377904967
22/11/2025,14,SA,11,0.00016455413848178078
22/11/2025,15,SA,11,0.00016034470064076387
22/11/2025,16,SA,11,0.0001620413445332413
22/11/2025,17,SA,11,0.00017632905028645967
22/11/2025,18,SA,11,0.00020545759253628562
22/11/2025,19,SA,11,0.00020924936022413107
22/11/2025,20,SA,11,0.00019540303022737223
22/11/2025,21,SA,11,0.00017520472738765227
22/11/2025,22,SA,11,0.0001576050102036096
22/11/2025,23,SA,11,0.00014275175648623213
22/11/2025,24,SA,11,0.00011800084897694352
23/11/2025,1,FT,11,9.451055646939509e-05
23/11/2025,2,FT,11,8.058972077390899e-05
23/11/2025,3,FT,11,7.410397985946743e-05
23/11/2025,4,FT,11,7.153913838692668e-05
23/11/2025,5,FT,11,7.09353130755909e-05
23/11/2025,6,FT,11,7.279890151301562e-05
23/11/2025,7,FT,11,8.444264738526543e-05
23/11/2025,8,FT,11,0.00010744918476351504
23/11/2025,9,FT,11,0.0001402823276774618
23/11/2025,10,FT,11,0.00016469023824543447
23/11/2025,11,FT,11,0.00018382005852163707
23/11/2025,12,FT,11,0.00020626242140636846
23/11/2025,13,FT,11,0.00019872423449899832
23/11/2025,14,FT,11,0.00017960687590839555
23/11/2025,15,FT,11,0.0001680650892819622
23/11/2025,16,FT,11,0.00016615845138519275
23/11/2025,17,FT,11,0.00017849665300950418
23/11/2025,18,FT,11,0.000210848321707095
23/11/2025,19,FT,11,0.0002167619579644548
23/11/2025,20,FT,11,0.00020257716111035475
23/11/2025,21,FT,11,0.0001796975063491213
23/11/2025,22,FT,11,0.00015628766350964178
23/11/2025,23,FT,11,0.0001338996788893459
23/11/2025,24,FT,11,0.00010477105524006707
24/11/2025,1,WT,11,8.17788670747168e-05
24/11/2025,2,WT,11,7.013580111272303e-05
24/11/2025,3,WT,11,6.702408628624349e-05
24/11/2025,4,WT,11,6.753114686812507e-05
24/11/2025,5,WT,11,7.196622159888746e-05
24/11/2025,6,WT,11,8.384462733767383e-05
24/11/2025,7,WT,11,0.00011211382323113889
24/11/2025,8,WT,11,0.00011965492825270948
24/11/2025,9,WT,11,0.00010879178058482056
24/11/2025,10,WT,11,0.00010304471502111793
24/11/2025,11,WT,11,0.00010305835790672908
24/11/2025,12,WT,11,0.00011352472498476004
24/11/2025,13,WT,11,0.00011959694598886204
24/11/2025,14,WT,11,0.00011919448086333271
24/11/2025,15,WT,11,0.00011696273215877321
24/11/2025,16,WT,11,0.00012296560182768515
24/11/2025,17,WT,11,0.00014473851035596785
24/11/2025,18,WT,11,0.00018282944698233636
24/11/2025,19,WT,11,0.00020007632820911555
24/11/2025,20,WT,11,0.000197219280580711
24/11/2025,21,WT,11,0.00017942441011521677
24/11/2025,22,WT,11,0.00015844392585951585
24/11/2025,23,WT,11,0.00013746685232521772
24/11/2025,24,WT,11,0.00010847458349436099
25/11/2025,1,WT,11,8.206729788568927e-05
25/11/2025,2,WT,11,7.038316729321392e-05
25/11/2025,3,WT,11,6.726047757232681e-05
25/11/2025,4,WT,11,6.776932653670959e-05
25/11/2025,5,WT,11,7.222004359961811e-05
25/11/2025,6,WT,11,8.414034400291684e-05
25/11/2025,7,WT,11,0.0001125092442257368
25/11/2025,8,WT,11,0.00012007694642472998
25/11/2025,9,WT,11,0.00010917548486715729
25/11/2025,10,WT,11,0.00010340814963183235
25/11/2025,11,WT,11,0.00010342184063535832
25/11/2025,12,WT,11,0.0001139251221737167
25/11/2025,13,WT,11,0.00012001875965974451
25/11/2025,14,WT,11,0.00011961487505572768
25/11/2025,15,WT,11,0.00011737525506226716
25/11/2025,16,WT,11,0.0001233992966137045
25/11/2025,17,WT,11,0.00014524899732423036
25/11/2025,18,WT,11,0.0001834742791688055
25/11/2025,19,WT,11,0.00020078198945958284
25/11/2025,20,WT,11,0.00019791486513784755
25/11/2025,21,WT,11,0.00018005723287210947
25/11/2025,22,WT,11,0.0001590027512830518
25/11/2025,23,WT,11,0.0001379516924448756
25/11/2025,24,WT,11,0.00010885716903517792
26/11/2025,1,WT,11,8.235443571553748e-05
26/11/2025,2,WT,11,7.062942457760226e-05
26/11/2025,3,WT,11,6.749580916069681e-05
26/11/2025,4,WT,11,6.80064384905981e-05
26/11/2025,5,WT,11,7.247272776401723e-05
26/11/2025,6,WT,11,8.443473502592009e-05
26/11/2025,7,WT,11,0.00011290289262232279
26/11/2025,8,WT,11,0.00012049707276859018
26/11/2025,9,WT,11,0.00010955746907530133
26/11/2025,10,WT,11,0.00010376995503348288
26/11/2025,11,WT,11,0.00010378369393922014
26/11/2025,12,WT,11,0.00011432372445731718
26/11/2025,13,WT,11,0.00012043868241920684
26/11/2025,14,WT,11,0.00012003338469995785
26/11/2025,15,WT,11,0.00011778592870310529
26/11/2025,16,WT,11,0.00012383104722749725
26/11/2025,17,WT,11,0.0001457571958753439
26/11/2025,18,WT,11,0.00018411622069375842
26/11/2025,19,WT,11,0.00020148448736327084
26/11/2025,20,WT,11,0.00019860733152012744
26/11/2025,21,WT,11,0.0001806872188035019
26/11/2025,22,WT,11,0.00015955907159722748
26/11/2025,23,WT,11,0.00013843435911738727
26/11/2025,24,WT,11,0.00010923803951691016
27/11/2025,1,WT,11,8.264019526868034e-05
27/11/2025,2,WT,11,7.08744998140564e-05
27/11/2025,3,WT,11,6.77300111450489e-05
27/11/2025,4,WT,11,6.824241229462046e-05
27/11/2025,5,WT,11,7.272419903111963e-05
27/11/2025,6,WT,11,8.472771295650883e-05
27/11/2025,7,WT,11,0.0001132946514858736
27/11/2025,8,WT,11,0.0001209151824838739
27/11/2025,9,WT,11,0.00010993761973912902
27/11/2025,10,WT,11,0.00010413002375015102
27/11/2025,11,WT,11,0.00010414381032816638
27/11/2025,12,WT,11,0.00011472041342896396
27/11/2025,13,WT,11,0.0001208565895273085
27/11/2025,14,WT,11,0.00012044988547585484
27/11/2025,15,WT,11,0.00011819463108883927
27/11/2025,16,WT,11,0.0001242607254156056
27/11/2025,17,WT,11,0.00014626295504664783
27/11/2025,18,WT,11,0.0001847550808655836
27/11/2025,19,WT,11,0.00020218361324002412
27/11/2025,20,WT,11,0.0001992964740273036
27/11/2025,21,WT,11,0.00018131418076924543
27/11/2025,22,WT,11,0.00016011272154459644
27/11/2025,23,WT,11,0.00013891470896445127
27/11/2025,24,WT,11,0.00010961708180027152
28/11/2025,1,WT,11,8.292449056944852e-05
28/11/2025,2,WT,11,7.111831926748244e-05
28/11/2025,3,WT,11,6.79630130616938e-05
28/11/2025,4,WT,11,6.847717695200498e-05
28/11/2025,5,WT,11,7.297438174147573e-05
28/11/2025,6,WT,11,8.501918964724094e-05
28/11/2025,7,WT,11,0.00011368440294900704
28/11/2025,8,WT,11,0.0001213311497750925
28/11/2025,9,WT,11,0.00011031582248378444
28/11/2025,10,WT,11,0.00010448824744897938
28/11/2025,11,WT,11,0.0001045020814549967
28/11/2025,12,WT,11,0.0001151150697379671
28/11/2025,13,WT,11,0.00012127235524951882
28/11/2025,14,WT,11,0.00012086425207200723
28/11/2025,15,WT,11,0.00011860123925433712
28/11/2025,16,WT,11,0.00012468820190196734
28/11/2025,17,WT,11,0.00014676612267180937
28/11/2025,18,WT,11,0.00018539066747222648
28/11/2025,19,WT,11,0.00020287915674581557
28/11/2025,20,WT,11,0.00019998208531901723
28/11/2025,21,WT,11,0.00018193793013706502
28/11/2025,22,WT,11,0.00016066353455006357
28/11/2025,23,WT,11,0.00013939259746456644
28/11/2025,24,WT,11,0.00010999418184388124
29/11/2025,1,SA,11,9.221264742930699e-05
29/11/2025,2,SA,11,7.84043483128983e-05
29/11/2025,3,SA,11,7.259623322003673e-05
29/11/2025,4,SA,11,7.084489160470268e-05
29/11/2025,5,SA,11,7.160257242243307e-05
29/11/2025,6,SA,11,7.393460987059257e-05
29/11/2025,7,SA,11,9.042428934654183e-05
29/11/2025,8,SA,11,0.00011837056549241753
29/11/2025,9,SA,11,0.0001452283261428974
29/11/2025,10,SA,11,0.00015747846333337813
29/11/2025,11,SA,11,0.00016609173259875298
29/11/2025,12,SA,11,0.00017861023917810918
29/11/2025,13,SA,11,0.00017708330989657612
29/11/2025,14,SA,11,0.00016862504708856907
29/11/2025,15,SA,11,0.00016431147186823824
29/11/2025,16,SA,11,0.00016605008907289297
29/11/2025,17,SA,11,0.0001806912587065015
29/11/2025,18,SA,11,0.0002105404126312574
29/11/2025,19,SA,11,0.000214425984946916
29/11/2025,20,SA,11,0.00020023711027473121
29/11/2025,21,SA,11,0.0001795391211577084
29/11/2025,22,SA,11,0.00016150400416651057
29/11/2025,23,SA,11,0.00014628329546468382
29/11/2025,24,SA,11,0.00012092007468673477
30/11/2025,1,FT,11,9.682911202629596e-05
30/11/2025,2,FT,11,8.256676706280628e-05
30/11/2025,3,FT,11,7.592191640232629e-05
30/11/2025,4,FT,11,7.329415362584999e-05
30/11/2025,5,FT,11,7.267551512767781e-05
30/11/2025,6,FT,11,7.458482156199914e-05
30/11/2025,7,FT,11,8.6514214590543e-05
30/11/2025,8,FT,11,0.00011008515384172692
30/11/2025,9,FT,11,0.0001437237672639158
30/11/2025,10,FT,11,0.0001687304585268052
30/11/2025,11,FT,11,0.0001883295761255589
30/11/2025,12,FT,11,0.0002113225004197264
30/11/2025,13,FT,11,0.0002035993849097118
30/11/2025,14,FT,11,0.00018401303470960698
30/11/2025,15,FT,11,0.00017218810221546367
30/11/2025,16,FT,11,0.00017023469022217324
30/11/2025,17,FT,11,0.00018287557555724532
30/11/2025,18,FT,11,0.00021602090312254263
30/11/2025,19,FT,11,0.00022207961411777505
30/11/2025,20,FT,11,0.00020754683243744845
30/11/2025,21,FT,11,0.000184105888517963
30/11/2025,22,FT,11,0.00016012174981959467
30/11/2025,23,FT,11,0.0001371845378104408
30/11/2025,24,FT,11,0.00010734132380480556
01/12/2025,1,WT,12,8.538761923404437e-05
01/12/2025,2,WT,12,7.288377498926196e-05
01/12/2025,3,WT,12,6.888701672828653e-05
01/12/2025,4,WT,12,6.834200423815352e-05
01/12/2025,5,WT,12,7.165866144306553e-05
01/12/2025,6,WT,12,8.194751902923045e-05
01/12/2025,7,WT,12,0.00010797652365949318
01/12/2025,8,WT,12,0.00012031849453647963
01/12/2025,9,WT,12,0.0001142628002016684
01/12/2025,10,WT,12,0.00010981652309199352
01/12/2025,11,WT,12,0.00011069459877054115
01/12/2025,12,WT,12,0.0001205898362249433
01/12/2025,13,WT,12,0.00012503261966480964
01/12/2025,14,WT,12,0.00012391813899588377
01/12/2025,15,WT,12,0.00012239606351596103
01/12/2025,16,WT,12,0.00012918542851056674
01/12/2025,17,WT,12,0.00015321488945373892
01/12/2025,18,WT,12,0.00018355042440133476
01/12/2025,19,WT,12,0.00019677629373988313
01/12/2025,20,WT,12,0.00019495492721302834
01/12/2025,21,WT,12,0.0001792974636877327
01/12/2025,22,WT,12,0.00016021154552365162
01/12/2025,23,WT,12,0.00014041524783183303
01/12/2025,24,WT,12,0.00011220153501462687
02/12/2025,1,WT,12,8.567055171104485e-05
02/12/2025,2,WT,12,7.31252758903977e-05
02/12/2025,3,WT,12,6.911527434280892e-05
02/12/2025,4,WT,12,6.856845594995588e-05
02/12/2025,5,WT,12,7.189610292184777e-05
02/12/2025,6,WT,12,8.22190527100025e-05
02/12/2025,7,WT,12,0.00010833430463021147
02/12/2025,8,WT,12,0.00012071717071451978
02/12/2025,9,WT,12,0.0001146414107939307
02/12/2025,10,WT,12,0.00011018040091377507
02/12/2025,11,WT,12,0.0001110613861022605
02/12/2025,12,WT,12,0.00012098941149557691
02/12/2025,13,WT,12,0.00012544691612962453
02/12/2025,14,WT,12,0.00012432874262116223
02/12/2025,15,WT,12,0.00012280162373342954
02/12/2025,16,WT,12,0.00012961348533670544
02/12/2025,17,WT,12,0.00015372256806775065
02/12/2025,18,WT,12,0.000184158620023794
02/12/2025,19,WT,12,0.00019742831337343441
02/12/2025,20,WT,12,0.00019560091173578034
02/12/2025,21,WT,12,0.00017989156709494948
02/12/2025,22,WT,12,0.00016074240760676972
02/12/2025,23,WT,12,0.0001408805147432901
02/12/2025,24,WT,12,0.00011257331559019171
03/12/2025,1,WT,12,8.59515430300677e-05
03/12/2025,2,WT,12,7.336511988948453e-05
03/12/2025,3,WT,12,6.934196591551776e-05
03/12/2025,4,WT,12,6.879335400997687e-05
03/12/2025,5,WT,12,7.213191534967888e-05
03/12/2025,6,WT,12,8.248872343825594e-05
03/12/2025,7,WT,12,0.00010868963091848074
03/12/2025,8,WT,12,0.00012111311163412759
03/12/2025,9,WT,12,0.00011501742379478399
03/12/2025,10,WT,12,0.00011054178222351206
03/12/2025,11,WT,12,0.0001114256569602169
03/12/2025,12,WT,12,0.00012138624533923664
03/12/2025,13,WT,12,0.00012585837016752433
03/12/2025,14,WT,12,0.00012473652915555278
03/12/2025,15,WT,12,0.000123204401462087
03/12/2025,16,WT,12,0.00013003860532812033
03/12/2025,17,WT,12,0.00015422676357370032
03/12/2025,18,WT,12,0.00018476264290582758
03/12/2025,19,WT,12,0.00019807585959648628
03/12/2025,20,WT,12,0.00019624246425403754
03/12/2025,21,WT,12,0.00018048159444635005
03/12/2025,22,WT,12,0.00016126962752346504
03/12/2025,23,WT,12,0.00014134258952711848
03/12/2025,24,WT,12,0.00011294254543408432
04/12/2025,1,WT,12,8.623050139340795e-05
04/12/2025,2,WT,12,7.36032286313308e-05
04/12/2025,3,WT,12,6.956701738801807e-05
04/12/2025,4,WT,12,6.901662494574815e-05
04/12/2025,5,WT,12,7.236602168845053e-05
04/12/2025,6,WT,12,8.275644311463589e-05
04/12/2025,7,WT,12,0.00010904238644193272
04/12/2025,8,WT,12,0.00012150618794444683
04/12/2025,9,WT,12,0.00011539071636366995
04/12/2025,10,WT,12,0.00011090054896070723
04/12/2025,11,WT,12,0.00011178729233991988
04/12/2025,12,WT,12,0.00012178020811335469
04/12/2025,13,WT,12,0.00012626684735963622
04/12/2025,14,WT,12,0.00012514136537832785
04/12/2025,15,WT,12,0.00012360426511754408
04/12/2025,16,WT,12,0.00013046064960137662
04/12/2025,17,WT,12,0.00015472731125479007
04/12/2025,18,WT,12,0.00018536229571780095
04/12/2025,19,WT,12,0.00019871872086066304
04/12/2025,20,WT,12,0.0001968793751775217
04/12/2025,21,WT,12,0.0001810673529845323
04/12/2025,22,WT,12,0.0001617930330350415
04/12/2025,23,WT,12,0.0001418013212270365
04/12/2025,24,WT,12,0.00011330910392175167
05/12/2025,1,WT,12,8.650733431012097e-05
05/12/2025,2,WT,12,7.383952316902051e-05
05/12/2025,3,WT,12,6.979035414263914e-05
05/12/2025,4,WT,12,6.923819472995077e-05
05/12/2025,5,WT,12,7.259834431827654e-05
05/12/2025,6,WT,12,8.302212297447685e-05
05/12/2025,7,WT,12,0.00010939245424156606
05/12/2025,8,WT,12,0.00012189626931778689
05/12/2025,9,WT,12,0.00011576116473236056
05/12/2025,10,WT,12,0.00011125658217329175
05/12/2025,11,WT,12,0.00011214617233817858
05/12/2025,12,WT,12,0.00012217116919632616
05/12/2025,13,WT,12,0.00012667221227198028
05/12/2025,14,WT,12,0.00012554311706270088
05/12/2025,15,WT,12,0.00012400108212171006
05/12/2025,16,WT,12,0.00013087947822421688
05/12/2025,17,WT,12,0.0001552240451503105
05/12/2025,18,WT,12,0.00018595737963988173
05/12/2025,19,WT,12,0.0001993566840200138
05/12/2025,20,WT,12,0.00019751143333316635
05/12/2025,21,WT,12,0.0001816486484964246
05/12/2025,22,WT,12,0.00016231245060208767
05/12/2025,23,WT,12,0.00014225655774676807
05/12/2025,24,WT,12,0.00011367286951770582
06/12/2025,1,SA,12,9.378633434370027e-05
06/12/2025,2,SA,12,7.869104272053578e-05
06/12/2025,3,SA,12,7.195414449887574e-05
06/12/2025,4,SA,12,6.986513793506163e-05
06/12/2025,5,SA,12,7.049598241013976e-05
06/12/2025,6,SA,12,7.295899808112967e-05
06/12/2025,7,SA,12,8.690504020091537e-05
06/12/2025,8,SA,12,0.00011111147773243175
06/12/2025,9,SA,12,0.00013575347017357058
06/12/2025,10,SA,12,0.0001502321201991446
06/12/2025,11,SA,12,0.0001615636492880717
06/12/2025,12,SA,12,0.00017557242078342807
06/12/2025,13,SA,12,0.00017503152786577195
06/12/2025,14,SA,12,0.00016895979773978527
06/12/2025,15,SA,12,0.00016632279681957123
06/12/2025,16,SA,12,0.0001686579865931719
06/12/2025,17,SA,12,0.00018384322977375842
06/12/2025,18,SA,12,0.00020276856402610277
06/12/2025,19,SA,12,0.0002035935144935127
06/12/2025,20,SA,12,0.0001899552013859602
06/12/2025,21,SA,12,0.0001716997695217851
06/12/2025,22,SA,12,0.00015680450175657224
06/12/2025,23,SA,12,0.00014464802220023524
06/12/2025,24,SA,12,0.00012225718584089496
07/12/2025,1,FT,12,9.994224971639868e-05
07/12/2025,2,FT,12,8.438404212663322e-05
07/12/2025,3,FT,12,7.647196219850461e-05
07/12/2025,4,FT,12,7.300389715197643e-05
07/12/2025,5,FT,12,7.194721180743344e-05
07/12/2025,6,FT,12,7.364621936703011e-05
07/12/2025,7,FT,12,8.441847344684866e-05
07/12/2025,8,FT,12,0.00010660530382153938
07/12/2025,9,FT,12,0.00013784282226527635
07/12/2025,10,FT,12,0.00016504593980928633
07/12/2025,11,FT,12,0.00018701549668054856
07/12/2025,12,FT,12,0.0002097104858501431
07/12/2025,13,FT,12,0.00020188745243981309
07/12/2025,14,FT,12,0.0001841636335371865
07/12/2025,15,FT,12,0.0001743364598329367
07/12/2025,16,FT,12,0.00017215185192961192
07/12/2025,17,FT,12,0.00018327673021991273
07/12/2025,18,FT,12,0.00020303912073667456
07/12/2025,19,FT,12,0.00020676957618898247
07/12/2025,20,FT,12,0.00019683910852408637
07/12/2025,21,FT,12,0.00017868311718841076
07/12/2025,22,FT,12,0.0001595274302795832
07/12/2025,23,FT,12,0.00014141655584625886
07/12/2025,24,FT,12,0.00011463492515316209
08/12/2025,1,WT,12,8.732414507244881e-05
08/12/2025,2,WT,12,7.4536723212122e-05
08/12/2025,3,WT,12,7.044932153338103e-05
08/12/2025,4,WT,12,6.98919485771891e-05
08/12/2025,5,WT,12,7.32838250285452e-05
08/12/2025,6,WT,12,8.380602602845094e-05
08/12/2025,7,WT,12,0.00011042534855803691
08/12/2025,8,WT,12,0.00012304722588650328
08/12/2025,9,WT,12,0.00011685419303992607
08/12/2025,10,WT,12,0.0001123070777691123
08/12/2025,11,WT,12,0.00011320506753186596
08/12/2025,12,WT,12,0.00012332472139674417
08/12/2025,13,WT,12,0.00012786826376399264
08/12/2025,14,WT,12,0.00012672850752665137
08/12/2025,15,WT,12,0.00012517191254002131
08/12/2025,16,WT,12,0.00013211525513531845
08/12/2025,17,WT,12,0.00015668968585767881
08/12/2025,18,WT,12,0.00018771320751546534
08/12/2025,19,WT,12,0.00020123902944596094
08/12/2025,20,WT,12,0.00019937635572056734
08/12/2025,21,WT,12,0.00018336379290859994
08/12/2025,22,WT,12,0.00016384502073118576
08/12/2025,23,WT,12,0.00014359975816215386
08/12/2025,24,WT,12,0.00011474617993637961
09/12/2025,1,WT,12,8.759153742840543e-05
09/12/2025,2,WT,12,7.476495962953483e-05
09/12/2025,3,WT,12,7.06650420542602e-05
09/12/2025,4,WT,12,7.010596238490455e-05
09/12/2025,5,WT,12,7.350822498816277e-05
09/12/2025,6,WT,12,8.406264566926752e-05
09/12/2025,7,WT,12,0.00011076347833971144
09/12/2025,8,WT,12,0.00012342400469832473
09/12/2025,9,WT,12,0.000117212008372151
09/12/2025,10,WT,12,0.00011265096953112575
09/12/2025,11,WT,12,0.00011355170899842095
09/12/2025,12,WT,12,0.0001237023499183244
09/12/2025,13,WT,12,0.00012825980491531531
09/12/2025,14,WT,12,0.00012711655866836372
09/12/2025,15,WT,12,0.00012555519728407353
09/12/2025,16,WT,12,0.0001325198008574567
09/12/2025,17,WT,12,0.00015716948012558523
09/12/2025,18,WT,12,0.0001882879978756811
09/12/2025,19,WT,12,0.00020185523677498015
09/12/2025,20,WT,12,0.0001999868594184156
09/12/2025,21,WT,12,0.00018392526507122223
09/12/2025,22,WT,12,0.0001643467251116721
09/12/2025,23,WT,12,0.0001440394701984746
09/12/2025,24,WT,12,0.00011509754039189571
10/12/2025,1,WT,12,8.785633148441111e-05
10/12/2025,2,WT,12,7.49909782323432e-05
10/12/2025,3,WT,12,7.08786663797683e-05
10/12/2025,4,WT,12,7.031789658168988e-05
10/12/2025,5,WT,12,7.373044441273109e-05
10/12/2025,6,WT,12,8.431677169055728e-05
10/12/2025,7,WT,12,0.00011109832245305792
10/12/2025,8,WT,12,0.00012379712228219227
10/12/2025,9,WT,12,0.00011756634674798785
10/12/2025,10,WT,12,0.00011299151963460466
10/12/2025,11,WT,12,0.0001138949820870643
10/12/2025,12,WT,12,0.00012407630895516718
10/12/2025,13,WT,12,0.00012864754139035758
10/12/2025,14,WT,12,0.0001275008390468511
10/12/2025,15,WT,12,0.0001259347575808501
10/12/2025,16,WT,12,0.0001329204155355447
10/12/2025,17,WT,12,0.00015764461214569364
10/12/2025,18,WT,12,0.00018885720289386508
10/12/2025,19,WT,12,0.00020246545630578036
10/12/2025,20,WT,12,0.00020059143074126193
10/12/2025,21,WT,12,0.0001844812813071507
10/12/2025,22,WT,12,0.00016484355433982827
10/12/2025,23,WT,12,0.00014447490947330113
10/12/2025,24,WT,12,0.00011544548661422979
11/12/2025,1,WT,12,8.81184305900813e-05
11/12/2025,2,WT,12,7.521469652328413e-05
11/12/2025,3,WT,12,7.109011653657947e-05
11/12/2025,4,WT,12,7.052767381111976e-05
11/12/2025,5,WT,12,7.395040219169517e-05
11/12/2025,6,WT,12,8.456831133579064e-05
11/12/2025,7,WT,12,0.00011142975867927426
11/12/2025,8,WT,12,0.00012416644244940713
11/12/2025,9,WT,12,0.00011791707883318795
11/12/2025,10,WT,12,0.00011332860377804856
11/12/2025,11,WT,12,0.00011423476150240034
11/12/2025,12,WT,12,0.00012444646201144156
11/12/2025,13,WT,12,0.00012903133166449472
11/12/2025,14,WT,12,0.00012788120839897127
11/12/2025,15,WT,12,0.00012631045489004848
11/12/2025,16,WT,12,0.00013331695294438654
11/12/2025,17,WT,12,0.00015811490849382243
11/12/2025,18,WT,12,0.00018942061480899423
11/12/2025,19,WT,12,0.000203069465306956
11/12/2025,20,WT,12,0.00020118984901930855
11/12/2025,21,WT,12,0.00018503163866929564
11/12/2025,22,WT,12,0.0001653353270719464
11/12/2025,23,WT,12,0.00014490591705038682
11/12/2025,24,WT,12,0.00011578989160228258
12/12/2025,1,WT,12,8.837773740179166e-05
12/12/2025,2,WT,12,7.543603141337024e-05
12/12/2025,3,WT,12,7.129931399209218e-05
12/12/2025,4,WT,12,7.073521616191792e-05
12/12/2025,5,WT,12,7.416801663272205e-05
12/12/2025,6,WT,12,8.481717118312754e-05
12/12/2025,7,WT,12,0.00011175766392292522
12/12/2025,8,WT,12,0.00012453182803443593
12/12/2025,9,WT,12,0.00011826407436583285
12/12/2025,10,WT,12,0.0001136620967683854
12/12/2025,11,WT,12,0.00011457092105033281
12/12/2025,12,WT,12,0.00012481267161227908
12/12/2025,13,WT,12,0.00012941103319799469
12/12/2025,14,WT,12,0.00012825752545552287
12/12/2025,15,WT,12,0.0001266821496776644
12/12/2025,16,WT,12,0.00013370926580996362
12/12/2025,17,WT,12,0.0001585801945018783
12/12/2025,18,WT,12,0.00018997802436984798
12/12/2025,19,WT,12,0.00020366703944952593
12/12/2025,20,WT,12,0.0002017818919999692
12/12/2025,21,WT,12,0.0001855761327548982
12/12/2025,22,WT,12,0.0001658218606636028
12/12/2025,23,WT,12,0.0001453323328534905
12/12/2025,24,WT,12,0.00011613062744401986
13/12/2025,1,SA,12,9.578803570092675e-05
13/12/2025,2,SA,12,8.037056211019455e-05
13/12/2025,3,SA,12,7.348987686019864e-05
13/12/2025,4,SA,12,7.135628419220095e-05
13/12/2025,5,SA,12,7.20005929129051e-05
13/12/2025,6,SA,12,7.451617724270858e-05
13/12/2025,7,SA,12,8.875987265744883e-05
13/12/2025,8,SA,12,0.00011348295325002023
13/12/2025,9,SA,12,0.00013865088489178315
13/12/2025,10,SA,12,0.0001534385557742849
13/12/2025,11,SA,12,0.00016501193605950284
13/12/2025,12,SA,12,0.00017931969969600174
13/12/2025,13,SA,12,0.00017876726238763067
13/12/2025,14,SA,12,0.00017256594205515013
13/12/2025,15,SA,12,0.00016987265907254462
13/12/2025,16,SA,12,0.0001722576892900853
13/12/2025,17,SA,12,0.0001877670342931506
13/12/2025,18,SA,12,0.00020709629591427397
13/12/2025,19,SA,12,0.0002079388534721178
13/12/2025,20,SA,12,0.00019400945499430637
13/12/2025,21,SA,12,0.0001753643936281896
13/12/2025,22,SA,12,0.00016015121304646112
13/12/2025,23,SA,12,0.00014773527520339934
13/12/2025,24,SA,12,0.0001248665465387081
14/12/2025,1,FT,12,0.00010204699723564311
14/12/2025,2,FT,12,8.616113943866926e-05
14/12/2025,3,FT,12,7.808243397781504e-05
14/12/2025,4,FT,12,7.45413327396465e-05
14/12/2025,5,FT,12,7.346239398512066e-05
14/12/2025,6,FT,12,7.519718202750996e-05
14/12/2025,7,FT,12,8.619629586999651e-05
14/12/2025,8,FT,12,0.00010885037284283305
14/12/2025,9,FT,12,0.00014074574209179387
14/12/2025,10,FT,12,0.0001685217474217896
14/12/2025,11,FT,12,0.00019095397519004384
14/12/2025,12,FT,12,0.00021412691259764123
14/12/2025,13,FT,12,0.00020613912894194367
14/12/2025,14,FT,12,0.00018804205284355955
14/12/2025,15,FT,12,0.00017800792242646916
14/12/2025,16,FT,12,0.00017577730747329206
14/12/2025,17,FT,12,0.00018713647166419904
14/12/2025,18,FT,12,0.00020731505095530328
14/12/2025,19,FT,12,0.0002111240684460001
14/12/2025,20,FT,12,0.00020098446873492801
14/12/2025,21,FT,12,0.0001824461188088502
14/12/2025,22,FT,12,0.00016288702008354674
14/12/2025,23,FT,12,0.00014439473720541496
14/12/2025,24,FT,12,0.00011704909508649408
15/12/2025,1,WT,12,8.913792023831728e-05
15/12/2025,2,WT,12,7.608489591275587e-05
15/12/2025,3,WT,12,7.191259643568342e-05
15/12/2025,4,WT,12,7.134364650699175e-05
15/12/2025,5,WT,12,7.480597427817537e-05
15/12/2025,6,WT,12,8.554672773969492e-05
15/12/2025,7,WT,12,0.00011271894965462667
15/12/2025,8,WT,12,0.00012560299098854678
15/12/2025,9,WT,12,0.00011928132511419457
15/12/2025,10,WT,12,0.00011463976351644909
15/12/2025,11,WT,12,0.00011555640506823013
15/12/2025,12,WT,12,0.00012588625024791676
15/12/2025,13,WT,12,0.00013052416473073475
15/12/2025,14,WT,12,0.0001293607350688588
15/12/2025,15,WT,12,0.00012777180866543986
15/12/2025,16,WT,12,0.0001348593686745693
15/12/2025,17,WT,12,0.00015994422514598906
15/12/2025,18,WT,12,0.0001916121240615659
15/12/2025,19,WT,12,0.00020541888547214625
15/12/2025,20,WT,12,0.00020351752288993725
15/12/2025,21,WT,12,0.00018717236948980934
15/12/2025,22,WT,12,0.0001672481806408175
15/12/2025,23,WT,12,0.00014658241175656512
15/12/2025,24,WT,12,0.00011712952730696316
16/12/2025,1,WT,12,8.938507057314253e-05
16/12/2025,2,WT,12,7.629585447505691e-05
16/12/2025,3,WT,12,7.21119865744674e-05
16/12/2025,4,WT,12,7.154145913347794e-05
16/12/2025,5,WT,12,7.50133868085592e-05
16/12/2025,6,WT,12,8.57839208708286e-05
16/12/2025,7,WT,12,0.00011303148248099072
16/12/2025,8,WT,12,0.00012595124705279954
16/12/2025,9,WT,12,0.00011961205326402751
16/12/2025,10,WT,12,0.00011495762213219456
16/12/2025,11,WT,12,0.00011587680523156647
16/12/2025,12,WT,12,0.00012623529169756567
16/12/2025,13,WT,12,0.0001308860656022128
16/12/2025,14,WT,12,0.00012971941012993304
16/12/2025,15,WT,12,0.00012812607815263977
16/12/2025,16,WT,12,0.00013523328965043608
16/12/2025,17,WT,12,0.00016038769823457485
16/12/2025,18,WT,12,0.0001921434018891368
16/12/2025,19,WT,12,0.00020598844493896053
16/12/2025,20,WT,12,0.00020408181049941454
16/12/2025,21,WT,12,0.00018769133732825303
16/12/2025,22,WT,12,0.00016771190521206375
16/12/2025,23,WT,12,0.00014698883690142232
16/12/2025,24,WT,12,0.00011745428922438784
17/12/2025,1,WT,12,8.962893149728527e-05
17/12/2025,2,WT,12,7.650400531569786e-05
17/12/2025,3,WT,12,7.230872295980628e-05
17/12/2025,4,WT,12,7.17366390021847e-05
17/12/2025,5,WT,12,7.521803881266816e-05
17/12/2025,6,WT,12,8.601795711520376e-05
17/12/2025,7,WT,12,0.00011333985569810961
17/12/2025,8,WT,12,0.00012629486805467693
17/12/2025,9,WT,12,0.00011993837963665938
17/12/2025,10,WT,12,0.00011527125025589187
17/12/2025,11,WT,12,0.00011619294107650442
17/12/2025,12,WT,12,0.00012657968763186885
17/12/2025,13,WT,12,0.00013124314980777986
17/12/2025,14,WT,12,0.00013007331145854082
17/12/2025,15,WT,12,0.00012847563254270451
17/12/2025,16,WT,12,0.00013560223398059726
17/12/2025,17,WT,12,0.00016082526898393844
17/12/2025,18,WT,12,0.00019266760875334994
17/12/2025,19,WT,12,0.000206550423938624
17/12/2025,20,WT,12,0.00020463858780674334
17/12/2025,21,WT,12,0.00018820339804131138
17/12/2025,22,WT,12,0.00016816945790998645
17/12/2025,23,WT,12,0.00014738985279116326
17/12/2025,24,WT,12,0.00011777472877129571
18/12/2025,1,WT,12,8.986940150768116e-05
18/12/2025,2,WT,12,7.670926179534415e-05
18/12/2025,3,WT,12,7.25027237034432e-05
18/12/2025,4,WT,12,7.192910487272947e-05
18/12/2025,5,WT,12,7.541984510750041e-05
18/12/2025,6,WT,12,8.62487390591161e-05
18/12/2025,7,WT,12,0.00011364394095074725
18/12/2025,8,WT,12,0.0001266337109676372
18/12/2025,9,WT,12,0.00012026016840415091
18/12/2025,10,WT,12,0.00011558051734503732
18/12/2025,11,WT,12,0.00011650468101674283
18/12/2025,12,WT,12,0.0001269192947017319
18/12/2025,13,WT,12,0.0001315952687170589
18/12/2025,14,WT,12,0.000130422291749125
18/12/2025,15,WT,12,0.0001288203263394179
18/12/2025,16,WT,12,0.00013596604809809582
18/12/2025,17,WT,12,0.00016125675526251426
18/12/2025,18,WT,12,0.000193184526461794
18/12/2025,19,WT,12,0.00020710458855670056
18/12/2025,20,WT,12,0.0002051876230626058
18/12/2025,21,WT,12,0.0001887083384922071
18/12/2025,22,WT,12,0.0001686206482858654
18/12/2025,23,WT,12,0.00014778529250957623
18/12/2025,24,WT,12,0.00011809071257004116
19/12/2025,1,WT,12,9.010637840802605e-05
19/12/2025,2,WT,12,7.691153668293706e-05
19/12/2025,3,WT,12,7.269390635784575e-05
19/12/2025,4,WT,12,7.211877494987875e-05
19/12/2025,5,WT,12,7.561871992827622e-05
19/12/2025,6,WT,12,8.647616862355063e-05
19/12/2025,7,WT,12,0.0001139436090070343
19/12/2025,8,WT,12,0.000126967631788304
19/12/2025,9,WT,12,0.00012057728281089298
19/12/2025,10,WT,12,0.00011588529196555536
19/12/2025,11,WT,12,0.00011681189256727994
19/12/2025,12,WT,12,0.00012725396857902265
19/12/2025,13,WT,12,0.0001319422726845656
19/12/2025,14,WT,12,0.00013076620269006893
19/12/2025,15,WT,12,0.000129160013052862
19/12/2025,16,WT,12,0.0001363245773871517
19/12/2025,17,WT,12,0.00016168197369482485
19/12/2025,18,WT,12,0.00019369393533185975
19/12/2025,19,WT,12,0.0002076507032811785
19/12/2025,20,WT,12,0.0002057286829348957
19/12/2025,21,WT,12,0.0001892059440884933
19/12/2025,22,WT,12,0.00016906528459026445
19/12/2025,23,WT,12,0.00014817498800045458
19/12/2025,24,WT,12,0.00011840210633204344
20/12/2025,1,SA,12,9.76313047601998e-05
20/12/2025,2,SA,12,8.191714952406161e-05
20/12/2025,3,SA,12,7.4904057819177e-05
20/12/2025,4,SA,12,7.272940798447544e-05
20/12/2025,5,SA,12,7.338611527166861e-05
20/12/2025,6,SA,12,7.59501075130363e-05
20/12/2025,7,SA,12,9.046789731603268e-05
20/12/2025,8,SA,12,0.0001156667292816511
20/12/2025,9,SA,12,0.00014131897265756433
20/12/2025,10,SA,12,0.0001563912057611928
20/12/2025,11,SA,12,0.00016818729500619727
20/12/2025,12,SA,12,0.0001827703859090459
20/12/2025,13,SA,12,0.00018220731793484836
20/12/2025,14,SA,12,0.00017588666430764211
20/12/2025,15,SA,12,0.00017314155392140126
20/12/2025,16,SA,12,0.0001755724797706172
20/12/2025,17,SA,12,0.00019138027431975105
20/12/2025,18,SA,12,0.00021108149293554599
20/12/2025,19,SA,12,0.000211940264003414
20/12/2025,20,SA,12,0.0001977428192185606
20/12/2025,21,SA,12,0.0001787389670653385
20/12/2025,22,SA,12,0.0001632330360909933
20/12/2025,23,SA,12,0.00015057817577812085
20/12/2025,24,SA,12,0.00012726937941954616
21/12/2025,1,FT,12,0.00010397784844482141
21/12/2025,2,FT,12,8.779141122300382e-05
21/12/2025,3,FT,12,7.955984699481452e-05
21/12/2025,4,FT,12,7.595174388699026e-05
21/12/2025,5,FT,12,7.485239032110063e-05
21/12/2025,6,FT,12,7.662000262760408e-05
21/12/2025,7,FT,12,8.782723285604967e-05
21/12/2025,8,FT,12,0.00011090995205355461
21/12/2025,9,FT,12,0.00014340881982721312
21/12/2025,10,FT,12,0.0001717103803908796
21/12/2025,11,FT,12,0.000194567052731578
21/12/2025,12,FT,12,0.00021817844982369066
21/12/2025,13,FT,12,0.0002100395277499302
21/12/2025,14,FT,12,0.0001916000333324018
21/12/2025,15,FT,12,0.00018137604516962826
21/12/2025,16,FT,12,0.00017910322431430588
21/12/2025,17,FT,12,0.00019067731747428988
21/12/2025,18,FT,12,0.00021123769961387738
21/12/2025,19,FT,12,0.00021511878827008542
21/12/2025,20,FT,12,0.00020478733520817437
21/12/2025,21,FT,12,0.00018589821753448434
21/12/2025,22,FT,12,0.00016596903727373916
21/12/2025,23,FT,12,0.00014712685829162638
21/12/2025,24,FT,12,0.0001192638039255901
22/12/2025,1,WT,12,9.07953180871108e-05
22/12/2025,2,WT,12,7.74995906069369e-05
22/12/2025,3,WT,12,7.324971292118144e-05
22/12/2025,4,WT,12,7.267018414585116e-05
22/12/2025,5,WT,12,7.619688917179277e-05
22/12/2025,6,WT,12,8.713735227017556e-05
22/12/2025,7,WT,12,0.00011481480452959314
22/12/2025,8,WT,12,0.00012793840701025652
22/12/2025,9,WT,12,0.00012149919839547543
22/12/2025,10,WT,12,0.00011677133330100737
22/12/2025,11,WT,12,0.00011770501855015059
22/12/2025,12,WT,12,0.00012822693308857264
22/12/2025,13,WT,12,0.00013295108325499374
22/12/2025,14,WT,12,0.00013176602120800425
22/12/2025,15,WT,12,0.000130147550888866
22/12/2025,16,WT,12,0.00013736689439351472
22/12/2025,17,WT,12,0.00016291816950070556
22/12/2025,18,WT,12,0.0001951748897327116
22/12/2025,19,WT,12,0.00020923836900926324
22/12/2025,20,WT,12,0.000207301653187433
22/12/2025,21,WT,12,0.00019065258399017694
22/12/2025,22,WT,12,0.0001703579320694757
22/12/2025,23,WT,12,0.00014930791144588662
22/12/2025,24,WT,12,0.00011930739084775192
23/12/2025,1,WT,12,9.101728671940818e-05
23/12/2025,2,WT,12,7.768905498123569e-05
23/12/2025,3,WT,12,7.342878755780192e-05
23/12/2025,4,WT,12,7.284784200006099e-05
23/12/2025,5,WT,12,7.638316881298034e-05
23/12/2025,6,WT,12,8.735037822033385e-05
23/12/2025,7,WT,12,0.00011509549394911225
23/12/2025,8,WT,12,0.00012825117989128908
23/12/2025,9,WT,12,0.00012179622924972281
23/12/2025,10,WT,12,0.00011705680587481894
23/12/2025,11,WT,12,0.00011799277371784606
23/12/2025,12,WT,12,0.0001285404113334977
23/12/2025,13,WT,12,0.00013327611069841605
23/12/2025,14,WT,12,0.0001320881515130355
23/12/2025,15,WT,12,0.00013046572449601105
23/12/2025,16,WT,12,0.0001377027172345363
23/12/2025,17,WT,12,0.00016331645791493608
23/12/2025,18,WT,12,0.00019565203661919757
23/12/2025,19,WT,12,0.00020974989708771066
23/12/2025,20,WT,12,0.00020780844654859343
23/12/2025,21,WT,12,0.0001911186751301591
23/12/2025,22,WT,12,0.00017077440857926875
23/12/2025,23,WT,12,0.00014967292666465622
23/12/2025,24,WT,12,0.0001195990633582666
24/12/2025,1,WT,12,9.123524086153318e-05
24/12/2025,2,WT,12,7.787509273231844e-05
24/12/2025,3,WT,12,7.360462347838674e-05
24/12/2025,4,WT,12,7.302228676194152e-05
24/12/2025,5,WT,12,7.656607942953985e-05
24/12/2025,6,WT,12,8.755955141627846e-05
24/12/2025,7,WT,12,0.00011537110686343111
24/12/2025,8,WT,12,0.00012855829601062473
24/12/2025,9,WT,12,0.0001220878880501221
24/12/2025,10,WT,12,0.0001173371154360454
24/12/2025,11,WT,12,0.00011827532459031823
24/12/2025,12,WT,12,0.00012884822005962418
24/12/2025,13,WT,12,0.00013359525974603135
24/12/2025,14,WT,12,0.00013240445581945426
24/12/2025,15,WT,12,0.00013077814366476638
24/12/2025,16,WT,12,0.00013803246643586832
24/12/2025,17,WT,12,0.000163707542946832
24/12/2025,18,WT,12,0.0001961205539012806
24/12/2025,19,WT,12,0.00021025217374886292
24/12/2025,20,WT,12,0.00020830607412381942
24/12/2025,21,WT,12,0.00019157633661825066
24/12/2025,22,WT,12,0.00017118335275965888
24/12/2025,23,WT,12,0.00015003134027493116
24/12/2025,24,WT,12,0.00011988546072510486
25/12/2025,1,WT,12,9.144907415774147e-05
25/12/2025,2,WT,12,7.805761307877919e-05
25/12/2025,3,WT,12,7.377713487974796e-05
25/12/2025,4,WT,12,7.319343330715279e-05
25/12/2025,5,WT,12,7.674553176602254e-05
25/12/2025,6,WT,12,8.776476978713007e-05
25/12/2025,7,WT,12,0.00011564150878087927
25/12/2025,8,WT,12,0.00012885960550387845
25/12/2025,9,WT,12,0.0001223740324750432
25/12/2025,10,WT,12,0.00011761212520117923
25/12/2025,11,WT,12,0.0001185525332903603
25/12/2025,12,WT,12,0.00012915020906459357
25/12/2025,13,WT,12,0.00013390837466171018
25/12/2025,14,WT,12,0.00013271477977928796
25/12/2025,15,WT,12,0.0001310846559430019
25/12/2025,16,WT,12,0.00013835598108879216
25/12/2025,17,WT,12,0.00016409123375744328
25/12/2025,18,WT,12,0.0001965802129551603
25/12/2025,19,WT,12,0.0002107449538952529
25/12/2025,20,WT,12,0.00020879429308427248
25/12/2025,21,WT,12,0.000192025345127986
25/12/2025,22,WT,12,0.00017158456505691292
25/12/2025,23,WT,12,0.00015038297738053405
25/12/2025,24,WT,12,0.00012016644319407431
26/12/2025,1,WT,12,9.165867955904911e-05
26/12/2025,2,WT,12,7.823652464748765e-05
26/12/2025,3,WT,12,7.394623539942218e-05
26/12/2025,4,WT,12,7.336119595650415e-05
26/12/2025,5,WT,12,7.692143598520184e-05
26/12/2025,6,WT,12,8.796593059669908e-05
26/12/2025,7,WT,12,0.00011590656433315342
26/12/2025,8,WT,12,0.00012915495752983114
26/12/2025,9,WT,12,0.00012265451927518647
26/12/2025,10,WT,12,0.0001178816974951416
26/12/2025,11,WT,12,0.00011882426104206508
26/12/2025,12,WT,12,0.00012944622716701038
26/12/2025,13,WT,12,0.00013421529869421604
26/12/2025,14,WT,12,0.00013301896803850544
26/12/2025,15,WT,12,0.00013138510788488611
26/12/2025,16,WT,12,0.00013867309923576657
26/12/2025,17,WT,12,0.00016446733826390848
26/12/2025,18,WT,12,0.00019703078366683897
26/12/2025,19,WT,12,0.00021122799083183883
26/12/2025,20,WT,12,0.0002092728590183265
26/12/2025,21,WT,12,0.0001924654758772308
26/12/2025,22,WT,12,0.0001719778446165825
26/12/2025,23,WT,12,0.0001507276619452932
26/12/2025,24,WT,12,0.00012044187010004779
27/12/2025,1,SA,12,9.927851592118161e-05
27/12/2025,2,SA,12,8.329923535506915e-05
27/12/2025,3,SA,12,7.616782050621293e-05
27/12/2025,4,SA,12,7.395648051882165e-05
27/12/2025,5,SA,12,7.462426760849848e-05
27/12/2025,6,SA,12,7.723151889108275e-05
27/12/2025,7,SA,12,9.19942492431686e-05
27/12/2025,8,SA,12,0.00011761822965230547
27/12/2025,9,SA,12,0.00014370327131660386
27/12/2025,10,SA,12,0.00015902979939918607
27/12/2025,11,SA,12,0.0001710249093364575
27/12/2025,12,SA,12,0.00018585404253235738
27/12/2025,13,SA,12,0.0001852814746149422
27/12/2025,14,SA,12,0.0001788541804872836
27/12/2025,15,SA,12,0.00017606275527940396
27/12/2025,16,SA,12,0.00017853469510666905
27/12/2025,17,SA,12,0.00019460919484504311
27/12/2025,18,SA,12,0.00021464280753534718
27/12/2025,19,SA,12,0.00021551606757569378
27/12/2025,20,SA,12,0.00020107908702345024
27/12/2025,21,SA,12,0.00018175460658972605
27/12/2025,22,SA,12,0.00016598706339351115
27/12/2025,23,SA,12,0.00015311869341589308
27/12/2025,24,SA,12,0.000129416636825826
28/12/2025,1,FT,12,0.00010569456051966633
28/12/2025,2,FT,12,8.924087933537956e-05
28/12/2025,3,FT,12,8.08734089895243e-05
28/12/2025,4,FT,12,7.720573478780717e-05
28/12/2025,5,FT,12,7.608823049491834e-05
28/12/2025,6,FT,12,7.788502672314745e-05
28/12/2025,7,FT,12,8.927729239660853e-05
28/12/2025,8,FT,12,0.00011274111567887097
28/12/2025,9,FT,12,0.00014577655157314636
28/12/2025,10,FT,12,0.00017454538118962822
28/12/2025,11,FT,12,0.00019777942549930788
28/12/2025,12,FT,12,0.0002217806553403978
28/12/2025,13,FT,12,0.0002135073567046174
28/12/2025,14,FT,12,0.00019476341953130908
28/12/2025,15,FT,12,0.000184370629607443
28/12/2025,16,FT,12,0.00018206028365360535
28/12/2025,17,FT,12,0.00019382546929896303
28/12/2025,18,FT,12,0.00021472531082158616
28/12/2025,19,FT,12,0.00021867047766232405
28/12/2025,20,FT,12,0.00020816844855477102
28/12/2025,21,FT,12,0.00018896746468189914
28/12/2025,22,FT,12,0.00016870924641058637
28/12/2025,23,FT,12,0.00014955597620415243
28/12/2025,24,FT,12,0.00012123289268202508
29/12/2025,1,WT,12,9.226104750512644e-05
29/12/2025,2,WT,12,7.875068407992604e-05
29/12/2025,3,WT,12,7.443219965454766e-05
29/12/2025,4,WT,12,7.384331541472333e-05
29/12/2025,5,WT,12,7.742695283997902e-05
29/12/2025,6,WT,12,8.854403031614982e-05
29/12/2025,7,WT,12,0.00011666828596639228
29/12/2025,8,WT,12,0.00013000374573916623
29/12/2025,9,WT,12,0.00012346058751889593
29/12/2025,10,WT,12,0.0001186563994256283
29/12/2025,11,WT,12,0.00011960515736756745
29/12/2025,12,WT,12,0.00013029692955942066
29/12/2025,13,WT,12,0.0001350973427537151
29/12/2025,14,WT,12,0.00013389314998125384
29/12/2025,15,WT,12,0.00013224855232858203
29/12/2025,16,WT,12,0.0001395844393332312
29/12/2025,17,WT,12,0.00016554819447112674
29/12/2025,18,WT,12,0.00019832564225570764
29/12/2025,19,WT,12,0.0002126161514687095
29/12/2025,20,WT,12,0.00021064817080399743
29/12/2025,21,WT,12,0.0001937303319056255
29/12/2025,22,WT,12,0.00017310805881485446
29/12/2025,23,WT,12,0.00015171822293285933
29/12/2025,24,WT,12,0.0001212333971246886
30/12/2025,1,WT,12,9.245265697219019e-05
30/12/2025,2,WT,12,7.891423497183004e-05
30/12/2025,3,WT,12,7.458678183731984e-05
30/12/2025,4,WT,12,7.39966745917048e-05
30/12/2025,5,WT,12,7.758775458211421e-05
30/12/2025,6,WT,12,8.872792021247483e-05
30/12/2025,7,WT,12,0.00011691058484226428
30/12/2025,8,WT,12,0.00013027373994702512
30/12/2025,9,WT,12,0.00012371699277352477
30/12/2025,10,WT,12,0.00011890282725267399
30/12/2025,11,WT,12,0.0001198535555928315
30/12/2025,12,WT,12,0.0001305675326569146
30/12/2025,13,WT,12,0.00013537791543901146
30/12/2025,14,WT,12,0.0001341712217765038
30/12/2025,15,WT,12,0.00013252320859270285
30/12/2025,16,WT,12,0.00013987433090453108
30/12/2025,17,WT,12,0.00016589200805414747
30/12/2025,18,WT,12,0.00019873752865463002
30/12/2025,19,WT,12,0.00021305771666413825
30/12/2025,20,WT,12,0.0002110856488604163
30/12/2025,21,WT,12,0.00019413267467816402
30/12/2025,22,WT,12,0.00017346757286537632
30/12/2025,23,WT,12,0.00015203331417262022
30/12/2025,24,WT,12,0.00012148517690869874
31/12/2025,1,WT,12,9.263949290083312e-05
31/12/2025,2,WT,12,7.907371134446195e-05
31/12/2025,3,WT,12,7.473751293694907e-05
31/12/2025,4,WT,12,7.414621315410646e-05
31/12/2025,5,WT,12,7.774455029414044e-05
31/12/2025,6,WT,12,8.890722888690741e-05
31/12/2025,7,WT,12,0.00011714684736194247
31/12/2025,8,WT,12,0.00013053700782896503
31/12/2025,9,WT,12,0.00012396701024182434
31/12/2025,10,WT,12,0.00011914311585957369
31/12/2025,11,WT,12,0.00012009576550970911
31/12/2025,12,WT,12,0.00013083139425931192
31/12/2025,13,WT,12,0.00013565149825833922
31/12/2025,14,WT,12,0.00013444236601009042
31/12/2025,15,WT,12,0.00013279102238578409
31/12/2025,16,WT,12,0.0001401570004498284
31/12/2025,17,WT,12,0.00016622725626003256
31/12/2025,18,WT,12,0.00019913915378838427
31/12/2025,19,WT,12,0.00021348828121091446
31/12/2025,20,WT,12,0.00021151222809047448
31/12/2025,21,WT,12,0.00019452499394449234
31/12/2025,22,WT,12,0.00017381813039532904
31/12/2025,23,WT,12,0.00015234055559075108
31/12/2025,24,WT,12,0.00012173068414004758
